Requirement ID,Portal,SRS Section,Requirement (extract),Delivery Phase,Status
AF-FR-0001,Accounts & Finance,"2. Authentication, MFA & Session Security",Password Password M,P0 Foundation,Not started
AF-FR-0002,Accounts & Finance,"2. Authentication, MFA & Session Security",Remember Device Checkbox O,P0 Foundation,Not started
AF-FR-0003,Accounts & Finance,"2. Authentication, MFA & Session Security",MFA Method Radio M,P0 Foundation,Not started
AF-FR-0004,Accounts & Finance,"2. Authentication, MFA & Session Security",OTP / TOTP Code Numeric M,P0 Foundation,Not started
AF-FR-0005,Accounts & Finance,"2. Authentication, MFA & Session Security",Forgot Password Email Email,P0 Foundation,Not started
AF-FR-0006,Accounts & Finance,"2. Authentication, MFA & Session Security",Reset Token Hidden token M,P0 Foundation,Not started
AF-FR-0007,Accounts & Finance,"2. Authentication, MFA & Session Security",New Password Password M,P0 Foundation,Not started
AF-FR-0008,Accounts & Finance,"2. Authentication, MFA & Session Security",Confirm Password Password M,P0 Foundation,Not started
AF-FR-0009,Accounts & Finance,"2. Authentication, MFA & Session Security",Session Device Read-only M,P0 Foundation,Not started
AF-FR-0010,Accounts & Finance,"2. Authentication, MFA & Session Security",IP Address Read-only M,P0 Foundation,Not started
AF-FR-0011,Accounts & Finance,"2. Authentication, MFA & Session Security",Last Activity Datetime M,P0 Foundation,Not started
AF-FR-0012,Accounts & Finance,"2. Authentication, MFA & Session Security",Functional Requirements Requirement ID Requirement,P0 Foundation,Not started
AF-FR-0013,Accounts & Finance,"2. Authentication, MFA & Session Security","The system shall deny access to inactive, suspended or expired finance accounts.",P0 Foundation,Not started
AF-FR-0014,Accounts & Finance,"2. Authentication, MFA & Session Security","The system shall rate-limit failed login, OTP and password-reset attempts.",P0 Foundation,Not started
AF-FR-0015,Accounts & Finance,"2. Authentication, MFA & Session Security",The system shall allow a user to terminate other active sessions subject to policy.,P0 Foundation,Not started
AF-FR-0016,Accounts & Finance,"2. Authentication, MFA & Session Security","The system shall force re-authentication before sensitive actions such as bank export, payout approval or manual journal approval.",P0 Foundation,DB foundation in place
AF-FR-0017,Accounts & Finance,"2. Authentication, MFA & Session Security","The system shall record login success, failure, MFA challenge, reset and session termination",P0 Foundation,Not started
AF-FR-0018,Accounts & Finance,"2. Authentication, MFA & Session Security",The system shall automatically terminate idle sessions after a configurable inactivity period.,P0 Foundation,Not started
AF-FR-0019,Accounts & Finance,"2. Authentication, MFA & Session Security",The system shall support forced logout by an authorized security administrator. Workflow Step,P0 Foundation,Not started
AF-FR-0020,Accounts & Finance,"2. Authentication, MFA & Session Security",2 System validates account status and password.,P0 Foundation,Not started
AF-FR-0021,Accounts & Finance,"2. Authentication, MFA & Session Security",3 System issues configured MFA challenge.,P0 Foundation,Not started
AF-FR-0022,Accounts & Finance,"2. Authentication, MFA & Session Security",4 User successfully completes MFA.,P0 Foundation,Not started
AF-FR-0023,Accounts & Finance,"2. Authentication, MFA & Session Security",5 System loads role/permission scope and opens Accounts Dashboard.,P0 Foundation,Not started
AF-FR-0024,Accounts & Finance,"2. Authentication, MFA & Session Security",3. Accounts Dashboard Provide finance users a reconciled operational view of money movement and exceptions. Screen Fields / Data Elements Field / Column,P0 Foundation,Not started
AF-FR-0025,Accounts & Finance,3. Accounts Dashboard,Date Range Date range O,P1 Marketplace MVP,Not started
AF-FR-0026,Accounts & Finance,3. Accounts Dashboard,Currency Dropdown M,P1 Marketplace MVP,Not started
AF-FR-0027,Accounts & Finance,3. Accounts Dashboard,Gross Order Value Currency M,P1 Marketplace MVP,Not started
AF-FR-0028,Accounts & Finance,3. Accounts Dashboard,Collected Amount Currency M,P1 Marketplace MVP,Not started
AF-FR-0029,Accounts & Finance,3. Accounts Dashboard,Refunded Amount Currency M,P1 Marketplace MVP,Not started
AF-FR-0030,Accounts & Finance,3. Accounts Dashboard,Pending Refunds Count/Currency M,P1 Marketplace MVP,Not started
AF-FR-0031,Accounts & Finance,3. Accounts Dashboard,Gateway Receivable Currency M,P1 Marketplace MVP,Not started
AF-FR-0032,Accounts & Finance,3. Accounts Dashboard,Vendor Payable Currency M,P1 Marketplace MVP,Not started
AF-FR-0033,Accounts & Finance,3. Accounts Dashboard,Upcoming Payouts Currency M,P1 Marketplace MVP,Not started
AF-FR-0034,Accounts & Finance,3. Accounts Dashboard,GST Liability Currency O,P1 Marketplace MVP,Not started
AF-FR-0035,Accounts & Finance,3. Accounts Dashboard,TDS/TCS Liability Currency O,P1 Marketplace MVP,Not started
AF-FR-0036,Accounts & Finance,3. Accounts Dashboard,Unreconciled Transactions Count,P1 Marketplace MVP,Not started
AF-FR-0037,Accounts & Finance,3. Accounts Dashboard,Failed Payouts Count M,P1 Marketplace MVP,Not started
AF-FR-0038,Accounts & Finance,3. Accounts Dashboard,Open Finance Approvals Count,P1 Marketplace MVP,Not started
AF-FR-0039,Accounts & Finance,3. Accounts Dashboard,Functional Requirements Requirement ID Requirement,P1 Marketplace MVP,Not started
AF-FR-0040,Accounts & Finance,3. Accounts Dashboard,The dashboard shall allow drill-down from each KPI to the underlying filtered transaction list.,P1 Marketplace MVP,Not started
AF-FR-0041,Accounts & Finance,3. Accounts Dashboard,The dashboard shall display “last refreshed at” and data cut-off timestamps.,P1 Marketplace MVP,Not started
AF-FR-0042,Accounts & Finance,3. Accounts Dashboard,The dashboard shall not mix currencies in a single monetary total without explicit conversion logic.,P1 Marketplace MVP,Not started
AF-FR-0043,Accounts & Finance,3. Accounts Dashboard,"The dashboard shall surface stale reconciliation files, gateway settlement delays and bank",P1 Marketplace MVP,Not started
AF-FR-0044,Accounts & Finance,3. Accounts Dashboard,"The dashboard shall show the current accounting period status: Open, Soft Close or Closed.",P1 Marketplace MVP,Not started
AF-FR-0045,Accounts & Finance,3. Accounts Dashboard,The dashboard shall allow authorized users to save personal filter presets.,P1 Marketplace MVP,Not started
AF-FR-0046,Accounts & Finance,3. Accounts Dashboard,Permission control: Dashboard widgets shall respect role and entity scope.,P1 Marketplace MVP,Not started
AF-FR-0047,Accounts & Finance,3. Accounts Dashboard,Permission control: Sensitive bank balances and payout totals shall require finance permission. 4. Finance Work Queue & Global Search Centralize all items that require finance attention and provide fast retrieval of any ,P1 Marketplace MVP,Not started
AF-FR-0048,Accounts & Finance,4. Finance Work Queue & Global Search,Priority Dropdown O,P3 Finance,Not started
AF-FR-0049,Accounts & Finance,4. Finance Work Queue & Global Search,Assigned To User picker O,P3 Finance,Not started
AF-FR-0050,Accounts & Finance,4. Finance Work Queue & Global Search,SLA Due Datetime O,P3 Finance,Not started
AF-FR-0051,Accounts & Finance,4. Finance Work Queue & Global Search,Status Dropdown M,P3 Finance,Not started
AF-FR-0052,Accounts & Finance,4. Finance Work Queue & Global Search,Search Term Text M,P3 Finance,Not started
AF-FR-0053,Accounts & Finance,4. Finance Work Queue & Global Search,Entity Type Dropdown O,P3 Finance,Not started
AF-FR-0054,Accounts & Finance,4. Finance Work Queue & Global Search,Date Range Date range O,P3 Finance,Not started
AF-FR-0055,Accounts & Finance,4. Finance Work Queue & Global Search,Functional Requirements Requirement ID Requirement,P3 Finance,Not started
AF-FR-0056,Accounts & Finance,4. Finance Work Queue & Global Search,The system shall provide a unified work queue for finance exceptions and approvals.,P3 Finance,Not started
AF-FR-0057,Accounts & Finance,4. Finance Work Queue & Global Search,"The system shall allow assignment, reassignment and claiming of permitted work items.",P3 Finance,Not started
AF-FR-0058,Accounts & Finance,4. Finance Work Queue & Global Search,"The system shall record queue SLA start, pause reason, resume and completion timestamps.",P3 Finance,Not started
AF-FR-0059,Accounts & Finance,4. Finance Work Queue & Global Search,The system shall permit search by exact and partial reference while masking restricted data.,P3 Finance,Not started
AF-FR-0060,Accounts & Finance,4. Finance Work Queue & Global Search,The system shall display entity-linked navigation from search results.,P3 Finance,Not started
AF-FR-0061,Accounts & Finance,4. Finance Work Queue & Global Search,The system shall prevent users from opening entities outside their permission scope. 5. Payment Transactions Provide immutable visibility and operational controls for customer payment attempts and captures.,P3 Finance,Not started
AF-FR-0062,Accounts & Finance,5. Payment Transactions,Order ID Text M,P1 Marketplace MVP,DB foundation in place
AF-FR-0063,Accounts & Finance,5. Payment Transactions,Customer ID Text M,P1 Marketplace MVP,DB foundation in place
AF-FR-0064,Accounts & Finance,5. Payment Transactions,Payment Method Dropdown/Readonly M,P1 Marketplace MVP,DB foundation in place
AF-FR-0065,Accounts & Finance,5. Payment Transactions,Gateway Text O,P1 Marketplace MVP,DB foundation in place
AF-FR-0066,Accounts & Finance,5. Payment Transactions,Gateway Order ID Text O,P1 Marketplace MVP,DB foundation in place
AF-FR-0067,Accounts & Finance,5. Payment Transactions,Gateway Payment Text O,P1 Marketplace MVP,DB foundation in place
AF-FR-0068,Accounts & Finance,5. Payment Transactions,,P1 Marketplace MVP,DB foundation in place
AF-FR-0069,Accounts & Finance,5. Payment Transactions,Currency Code M,P1 Marketplace MVP,DB foundation in place
AF-FR-0070,Accounts & Finance,5. Payment Transactions,Payment Status Status M,P1 Marketplace MVP,DB foundation in place
AF-FR-0071,Accounts & Finance,5. Payment Transactions,Failure Code Text O,P1 Marketplace MVP,DB foundation in place
AF-FR-0072,Accounts & Finance,5. Payment Transactions,Failure Message Text O,P1 Marketplace MVP,DB foundation in place
AF-FR-0073,Accounts & Finance,5. Payment Transactions,Captured At Datetime O,P1 Marketplace MVP,DB foundation in place
AF-FR-0074,Accounts & Finance,5. Payment Transactions,Settlement Status Status M,P1 Marketplace MVP,DB foundation in place
AF-FR-0075,Accounts & Finance,5. Payment Transactions,Refunded Amount Currency M,P1 Marketplace MVP,DB foundation in place
AF-FR-0076,Accounts & Finance,5. Payment Transactions,ID Functional Requirements Requirement ID,P1 Marketplace MVP,DB foundation in place
AF-FR-0077,Accounts & Finance,5. Payment Transactions,The system shall make original payment transaction fields immutable after financial posting except status updates from verified events.,P1 Marketplace MVP,DB rule test-verified
AF-FR-0078,Accounts & Finance,5. Payment Transactions,"The system shall show a chronological event timeline for authorization, capture, failure, refund and settlement events.",P1 Marketplace MVP,DB foundation in place
AF-FR-0079,Accounts & Finance,5. Payment Transactions,The system shall prevent duplicate capture posting for the same gateway transaction.,P1 Marketplace MVP,DB rule test-verified
AF-FR-0080,Accounts & Finance,5. Payment Transactions,The system shall support export of filtered payment transactions with export audit logging.,P1 Marketplace MVP,DB foundation in place
AF-FR-0081,Accounts & Finance,5. Payment Transactions,The system shall mask PAN/card and other sensitive payment data; raw credentials shall never be stored.,P1 Marketplace MVP,DB foundation in place
AF-FR-0082,Accounts & Finance,5. Payment Transactions,The system shall provide “View Gateway Payload” only for sanitized permitted metadata.,P1 Marketplace MVP,DB foundation in place
AF-FR-0083,Accounts & Finance,5. Payment Transactions,"The system shall flag amount, currency or reference mismatches between internal and gateway data.",P1 Marketplace MVP,DB foundation in place
AF-FR-0084,Accounts & Finance,5. Payment Transactions,The system shall allow authorized users to mark a case for investigation without altering the underlying transaction. 6. Online Gateway Reconciliation Match payment captures and refunds against gateway settlement reports,P1 Marketplace MVP,DB foundation in place
AF-FR-0085,Accounts & Finance,6. Online Gateway Reconciliation,Gateway Dropdown M,P3 Finance,Not started
AF-FR-0086,Accounts & Finance,6. Online Gateway Reconciliation,Statement Date Date M,P3 Finance,Not started
AF-FR-0087,Accounts & Finance,6. Online Gateway Reconciliation,Imported File File M,P3 Finance,Not started
AF-FR-0088,Accounts & Finance,6. Online Gateway Reconciliation,Gateway Transaction Ref Text,P3 Finance,Not started
AF-FR-0089,Accounts & Finance,6. Online Gateway Reconciliation,Internal Payment Ref Text O,P3 Finance,Not started
AF-FR-0090,Accounts & Finance,6. Online Gateway Reconciliation,Gross Amount Currency M,P3 Finance,Not started
AF-FR-0091,Accounts & Finance,6. Online Gateway Reconciliation,Gateway Fee Currency O,P3 Finance,Not started
AF-FR-0092,Accounts & Finance,6. Online Gateway Reconciliation,Gateway Tax Currency O,P3 Finance,Not started
AF-FR-0093,Accounts & Finance,6. Online Gateway Reconciliation,Net Settlement Currency M,P3 Finance,Not started
AF-FR-0094,Accounts & Finance,6. Online Gateway Reconciliation,Bank Credit Ref Text O,P3 Finance,Not started
AF-FR-0095,Accounts & Finance,6. Online Gateway Reconciliation,Match Status Status M,P3 Finance,Not started
AF-FR-0096,Accounts & Finance,6. Online Gateway Reconciliation,Variance Amount Currency M,P3 Finance,Not started
AF-FR-0097,Accounts & Finance,6. Online Gateway Reconciliation,Exception Reason Text O,P3 Finance,Not started
AF-FR-0098,Accounts & Finance,6. Online Gateway Reconciliation,,P3 Finance,Not started
AF-FR-0099,Accounts & Finance,6. Online Gateway Reconciliation,The system shall validate imported statement structure before committing a reconciliation batch.,P3 Finance,Not started
AF-FR-0100,Accounts & Finance,6. Online Gateway Reconciliation,"The system shall support configurable matching rules using gateway reference, amount, date and transaction type.",P3 Finance,Not started
AF-FR-0101,Accounts & Finance,6. Online Gateway Reconciliation,The system shall prevent a statement row from being matched to multiple internal transactions unless explicitly permitted by split-settlement logic.,P3 Finance,Not started
AF-FR-0102,Accounts & Finance,6. Online Gateway Reconciliation,"The system shall highlight short settlement, excess settlement, missing transaction and duplicate rows.",P3 Finance,Not started
AF-FR-0103,Accounts & Finance,6. Online Gateway Reconciliation,The system shall support manual match/unmatch only with reason and permission.,P3 Finance,Not started
AF-FR-0104,Accounts & Finance,6. Online Gateway Reconciliation,The system shall maintain original import file hash and immutable raw import record.,P3 Finance,Not started
AF-FR-0105,Accounts & Finance,6. Online Gateway Reconciliation,The system shall permit reprocessing of failed rows without duplicating already posted matches.,P3 Finance,Not started
AF-FR-0106,Accounts & Finance,6. Online Gateway Reconciliation,"The system shall generate batch summary of matched amount, unmatched amount, fees, taxes and variances. Workflow Step",P3 Finance,Not started
AF-FR-0107,Accounts & Finance,6. Online Gateway Reconciliation,2 System validates file and stages rows.,P3 Finance,Not started
AF-FR-0108,Accounts & Finance,6. Online Gateway Reconciliation,3 Auto-match engine runs configured rules.,P3 Finance,Not started
AF-FR-0109,Accounts & Finance,6. Online Gateway Reconciliation,4 User reviews exceptions and performs permitted manual matching.,P3 Finance,Not started
AF-FR-0110,Accounts & Finance,6. Online Gateway Reconciliation,5 Reviewer approves reconciliation batch if maker-checker is enabled.,P3 Finance,Not started
AF-FR-0111,Accounts & Finance,6. Online Gateway Reconciliation,6 System posts settlement/fee entries and locks approved batch.,P3 Finance,Not started
AF-FR-0112,Accounts & Finance,6. Online Gateway Reconciliation,"7. Bank Statement & Bank Reconciliation Reconcile bank credits/debits with gateway settlements, vendor payouts, refunds and manual transfers. Screen Fields / Data Elements Field / Column",P3 Finance,Not started
AF-FR-0113,Accounts & Finance,7. Bank Statement & Bank Reconciliation,Statement Period Date range M,P3 Finance,Not started
AF-FR-0114,Accounts & Finance,7. Bank Statement & Bank Reconciliation,Bank Statement File File M,P3 Finance,Not started
AF-FR-0115,Accounts & Finance,7. Bank Statement & Bank Reconciliation,Transaction Date Date M,P3 Finance,Not started
AF-FR-0116,Accounts & Finance,7. Bank Statement & Bank Reconciliation,Value Date Date O,P3 Finance,Not started
AF-FR-0117,Accounts & Finance,7. Bank Statement & Bank Reconciliation,Description Text M,P3 Finance,Not started
AF-FR-0118,Accounts & Finance,7. Bank Statement & Bank Reconciliation,UTR / Reference Text O,P3 Finance,Not started
AF-FR-0119,Accounts & Finance,7. Bank Statement & Bank Reconciliation,Debit Currency O,P3 Finance,Not started
AF-FR-0120,Accounts & Finance,7. Bank Statement & Bank Reconciliation,Credit Currency O,P3 Finance,Not started
AF-FR-0121,Accounts & Finance,7. Bank Statement & Bank Reconciliation,Balance Currency O,P3 Finance,Not started
AF-FR-0122,Accounts & Finance,7. Bank Statement & Bank Reconciliation,Matched Entity Type Dropdown O,P3 Finance,Not started
AF-FR-0123,Accounts & Finance,7. Bank Statement & Bank Reconciliation,Matched Entity ID Text O,P3 Finance,Not started
AF-FR-0124,Accounts & Finance,7. Bank Statement & Bank Reconciliation,Reconciliation Status Status,P3 Finance,Not started
AF-FR-0125,Accounts & Finance,7. Bank Statement & Bank Reconciliation,Reconciliation Note Text O,P3 Finance,Not started
AF-FR-0126,Accounts & Finance,7. Bank Statement & Bank Reconciliation,,P3 Finance,Not started
AF-FR-0127,Accounts & Finance,7. Bank Statement & Bank Reconciliation,"The system shall deduplicate imported bank rows using bank account, date, amount, reference and file signature logic.",P3 Finance,Not started
AF-FR-0128,Accounts & Finance,7. Bank Statement & Bank Reconciliation,"The system shall suggest matches using reference, amount and configurable date tolerance.",P3 Finance,Not started
AF-FR-0129,Accounts & Finance,7. Bank Statement & Bank Reconciliation,The system shall allow one-to-many and many-to-one matching for legitimate settlement grouping.,P3 Finance,Not started
AF-FR-0130,Accounts & Finance,7. Bank Statement & Bank Reconciliation,The system shall require a reason to mark a bank transaction as ignored/non-operational.,P3 Finance,Not started
AF-FR-0131,Accounts & Finance,7. Bank Statement & Bank Reconciliation,The system shall lock approved bank reconciliation periods against silent modification.,P3 Finance,Not started
AF-FR-0132,Accounts & Finance,7. Bank Statement & Bank Reconciliation,"The system shall provide bank reconciliation summary by opening balance, inflow, outflow, matched, unmatched and closing balance. 8. COD Collection Reconciliation Track cash-on-delivery receivables from logistics partner",P3 Finance,Not started
AF-FR-0133,Accounts & Finance,8. COD Collection Reconciliation,Logistics Partner Dropdown M,P3 Finance,Not started
AF-FR-0134,Accounts & Finance,8. COD Collection Reconciliation,Shipment / AWB Text M,P3 Finance,Not started
AF-FR-0135,Accounts & Finance,8. COD Collection Reconciliation,Order ID Text M,P3 Finance,Not started
AF-FR-0136,Accounts & Finance,8. COD Collection Reconciliation,Delivered At Datetime M,P3 Finance,Not started
AF-FR-0137,Accounts & Finance,8. COD Collection Reconciliation,COD Amount Currency M,P3 Finance,Not started
AF-FR-0138,Accounts & Finance,8. COD Collection Reconciliation,Remitted Amount Currency M,P3 Finance,Not started
AF-FR-0139,Accounts & Finance,8. COD Collection Reconciliation,Remittance Date Date O,P3 Finance,Not started
AF-FR-0140,Accounts & Finance,8. COD Collection Reconciliation,UTR / Bank Reference Text,P3 Finance,Not started
AF-FR-0141,Accounts & Finance,8. COD Collection Reconciliation,COD Fee Currency O,P3 Finance,Not started
AF-FR-0142,Accounts & Finance,8. COD Collection Reconciliation,Variance Currency M,P3 Finance,Not started
AF-FR-0143,Accounts & Finance,8. COD Collection Reconciliation,Status Status M,P3 Finance,Not started
AF-FR-0144,Accounts & Finance,8. COD Collection Reconciliation,Reason Text O,P3 Finance,Not started
AF-FR-0145,Accounts & Finance,8. COD Collection Reconciliation,Functional Requirements Requirement ID Requirement,P3 Finance,Not started
AF-FR-0146,Accounts & Finance,8. COD Collection Reconciliation,The system shall create COD receivable when delivery confirmation becomes final.,P3 Finance,Not started
AF-FR-0147,Accounts & Finance,8. COD Collection Reconciliation,The system shall match partner COD remittance rows to delivered shipments.,P3 Finance,Not started
AF-FR-0148,Accounts & Finance,8. COD Collection Reconciliation,The system shall prevent payout eligibility from assuming COD collection until configured conditions are met.,P3 Finance,Not started
AF-FR-0149,Accounts & Finance,8. COD Collection Reconciliation,The system shall track short/late COD remittances and aging.,P3 Finance,Not started
AF-FR-0150,Accounts & Finance,8. COD Collection Reconciliation,The system shall support dispute reference and supporting document attachment.,P3 Finance,Not started
AF-FR-0151,Accounts & Finance,8. COD Collection Reconciliation,The system shall provide partner-wise COD outstanding and aging reports. 9. Refund Accounting & Approval Control financial refund requests from initiation through gateway/bank success and accounting completion.,P3 Finance,Not started
AF-FR-0152,Accounts & Finance,9. Refund Accounting & Approval,Order ID Text M,P3 Finance,DB foundation in place
AF-FR-0153,Accounts & Finance,9. Refund Accounting & Approval,Payment ID Text M,P3 Finance,DB foundation in place
AF-FR-0154,Accounts & Finance,9. Refund Accounting & Approval,Refund Type Dropdown M,P3 Finance,DB foundation in place
AF-FR-0155,Accounts & Finance,9. Refund Accounting & Approval,Requested Amount Currency M,P3 Finance,DB foundation in place
AF-FR-0156,Accounts & Finance,9. Refund Accounting & Approval,Approved Amount Currency O,P3 Finance,DB foundation in place
AF-FR-0157,Accounts & Finance,9. Refund Accounting & Approval,Reason Code Dropdown M,P3 Finance,DB foundation in place
AF-FR-0158,Accounts & Finance,9. Refund Accounting & Approval,Reason Details Text O,P3 Finance,DB foundation in place
AF-FR-0159,Accounts & Finance,9. Refund Accounting & Approval,Initiated By Read-only M,P3 Finance,DB foundation in place
AF-FR-0160,Accounts & Finance,9. Refund Accounting & Approval,Approval Status Status M,P3 Finance,DB foundation in place
AF-FR-0161,Accounts & Finance,9. Refund Accounting & Approval,Processor Status Status M,P3 Finance,DB foundation in place
AF-FR-0162,Accounts & Finance,9. Refund Accounting & Approval,Gateway Refund ID Text O,P3 Finance,DB foundation in place
AF-FR-0163,Accounts & Finance,9. Refund Accounting & Approval,Expected Credit Date Date,P3 Finance,DB foundation in place
AF-FR-0164,Accounts & Finance,9. Refund Accounting & Approval,Completed At Datetime O,P3 Finance,DB foundation in place
AF-FR-0165,Accounts & Finance,9. Refund Accounting & Approval,Failure Code Text O,P3 Finance,DB foundation in place
AF-FR-0166,Accounts & Finance,9. Refund Accounting & Approval,Customer Notification Status,P3 Finance,DB foundation in place
AF-FR-0167,Accounts & Finance,9. Refund Accounting & Approval,Functional Requirements Requirement ID Requirement,P3 Finance,DB foundation in place
AF-FR-0168,Accounts & Finance,9. Refund Accounting & Approval,The system shall calculate current refundable balance considering successful and in-flight refunds.,P3 Finance,DB foundation in place
AF-FR-0169,Accounts & Finance,9. Refund Accounting & Approval,The system shall prevent duplicate refund execution from repeated clicks or webhook retries.,P3 Finance,DB foundation in place
AF-FR-0170,Accounts & Finance,9. Refund Accounting & Approval,"The system shall enforce approval thresholds by amount, refund reason, payment method or role.",P3 Finance,DB rule test-verified
AF-FR-0171,Accounts & Finance,9. Refund Accounting & Approval,The refund approver shall not approve their own refund where maker-checker is configured.,P3 Finance,DB foundation in place
AF-FR-0172,Accounts & Finance,9. Refund Accounting & Approval,The system shall support retry of failed technical refunds without creating a new commercial refund unless policy requires it.,P3 Finance,DB foundation in place
AF-FR-0173,Accounts & Finance,9. Refund Accounting & Approval,"The system shall distinguish refund requested date, approval date, processor submission date and successful settlement date.",P3 Finance,DB foundation in place
AF-FR-0174,Accounts & Finance,9. Refund Accounting & Approval,The system shall automatically create corresponding ledger and credit-note events according to tax policy.,P3 Finance,DB foundation in place
AF-FR-0175,Accounts & Finance,9. Refund Accounting & Approval,The system shall expose refund aging and failed-refund queues. Workflow Step,P3 Finance,DB foundation in place
AF-FR-0176,Accounts & Finance,9. Refund Accounting & Approval,2 System validates refundable amount and policy.,P3 Finance,DB foundation in place
AF-FR-0177,Accounts & Finance,9. Refund Accounting & Approval,3 Maker submits refund with reason and evidence where required.,P3 Finance,DB foundation in place
AF-FR-0178,Accounts & Finance,9. Refund Accounting & Approval,4 Checker approves or rejects based on permission/threshold.,P3 Finance,DB foundation in place
AF-FR-0179,Accounts & Finance,9. Refund Accounting & Approval,5 Approved refund is submitted to payment processor or bank workflow.,P3 Finance,DB foundation in place
AF-FR-0180,Accounts & Finance,9. Refund Accounting & Approval,6 Processor response updates refund state idempotently.,P3 Finance,DB foundation in place
AF-FR-0181,Accounts & Finance,9. Refund Accounting & Approval,7 Accounting entries and customer-visible status are updated.,P3 Finance,DB foundation in place
AF-FR-0182,Accounts & Finance,9. Refund Accounting & Approval,,P3 Finance,DB foundation in place
AF-FR-0183,Accounts & Finance,"10. Chargebacks, Disputes & Payment Reversals",Gateway Dispute ID Text M,P3 Finance,Not started
AF-FR-0184,Accounts & Finance,"10. Chargebacks, Disputes & Payment Reversals",Payment ID Text M,P3 Finance,Not started
AF-FR-0185,Accounts & Finance,"10. Chargebacks, Disputes & Payment Reversals",Order ID Text M,P3 Finance,Not started
AF-FR-0186,Accounts & Finance,"10. Chargebacks, Disputes & Payment Reversals",Disputed Amount Currency M,P3 Finance,Not started
AF-FR-0187,Accounts & Finance,"10. Chargebacks, Disputes & Payment Reversals",Reason Code Text M,P3 Finance,Not started
AF-FR-0188,Accounts & Finance,"10. Chargebacks, Disputes & Payment Reversals",Opened At Datetime M,P3 Finance,Not started
AF-FR-0189,Accounts & Finance,"10. Chargebacks, Disputes & Payment Reversals",Response Due Datetime O,P3 Finance,Not started
AF-FR-0190,Accounts & Finance,"10. Chargebacks, Disputes & Payment Reversals",Evidence Status Status M,P3 Finance,Not started
AF-FR-0191,Accounts & Finance,"10. Chargebacks, Disputes & Payment Reversals",Dispute Status Status M,P3 Finance,Not started
AF-FR-0192,Accounts & Finance,"10. Chargebacks, Disputes & Payment Reversals",Fee Amount Currency O,P3 Finance,Not started
AF-FR-0193,Accounts & Finance,"10. Chargebacks, Disputes & Payment Reversals",Recovered Amount Currency O,P3 Finance,Not started
AF-FR-0194,Accounts & Finance,"10. Chargebacks, Disputes & Payment Reversals",Liability Party Dropdown O,P3 Finance,Not started
AF-FR-0195,Accounts & Finance,"10. Chargebacks, Disputes & Payment Reversals",Notes Text O,P3 Finance,Not started
AF-FR-0196,Accounts & Finance,"10. Chargebacks, Disputes & Payment Reversals",Functional Requirements Requirement ID Requirement,P3 Finance,Not started
AF-FR-0197,Accounts & Finance,"10. Chargebacks, Disputes & Payment Reversals",The system shall ingest or create chargeback/dispute cases from processor events.,P3 Finance,Not started
AF-FR-0198,Accounts & Finance,"10. Chargebacks, Disputes & Payment Reversals",The system shall surface response due dates and overdue cases.,P3 Finance,Not started
AF-FR-0199,Accounts & Finance,"10. Chargebacks, Disputes & Payment Reversals",The system shall allow evidence attachment and submission tracking.,P3 Finance,Not started
AF-FR-0200,Accounts & Finance,"10. Chargebacks, Disputes & Payment Reversals",The system shall post provisional or final financial adjustments according to configured accounting policy.,P3 Finance,Not started
AF-FR-0201,Accounts & Finance,"10. Chargebacks, Disputes & Payment Reversals",The system shall allocate dispute liability only through authorized approval.,P3 Finance,Not started
AF-FR-0202,Accounts & Finance,"10. Chargebacks, Disputes & Payment Reversals","The system shall update vendor/customer ledgers if liability is assigned and legally permitted. 11. Customer Financial Ledger Provide a read-only customer-centric ledger for amounts charged, refunded and adjusted.",P3 Finance,Not started
AF-FR-0203,Accounts & Finance,11. Customer Financial Ledger,Entry ID Text M,P3 Finance,DB foundation in place
AF-FR-0204,Accounts & Finance,11. Customer Financial Ledger,Entry Date Datetime M,P3 Finance,DB foundation in place
AF-FR-0205,Accounts & Finance,11. Customer Financial Ledger,Entry Type Dropdown M,P3 Finance,DB foundation in place
AF-FR-0206,Accounts & Finance,11. Customer Financial Ledger,Source Type Dropdown M,P3 Finance,DB foundation in place
AF-FR-0207,Accounts & Finance,11. Customer Financial Ledger,Source ID Text M,P3 Finance,DB foundation in place
AF-FR-0208,Accounts & Finance,11. Customer Financial Ledger,Debit Currency O,P3 Finance,DB foundation in place
AF-FR-0209,Accounts & Finance,11. Customer Financial Ledger,Credit Currency O,P3 Finance,DB foundation in place
AF-FR-0210,Accounts & Finance,11. Customer Financial Ledger,Running Balance Currency M,P3 Finance,DB foundation in place
AF-FR-0211,Accounts & Finance,11. Customer Financial Ledger,Currency Code M,P3 Finance,DB foundation in place
AF-FR-0212,Accounts & Finance,11. Customer Financial Ledger,,P3 Finance,DB foundation in place
AF-FR-0213,Accounts & Finance,11. Customer Financial Ledger,Posting Status Status M,P3 Finance,DB foundation in place
AF-FR-0214,Accounts & Finance,11. Customer Financial Ledger,Functional Requirements Requirement ID Requirement,P3 Finance,DB foundation in place
AF-FR-0215,Accounts & Finance,11. Customer Financial Ledger,The system shall maintain append-only customer financial ledger entries.,P3 Finance,DB foundation in place
AF-FR-0216,Accounts & Finance,11. Customer Financial Ledger,The system shall support reversal entries instead of deleting posted entries.,P3 Finance,DB foundation in place
AF-FR-0217,Accounts & Finance,11. Customer Financial Ledger,The system shall provide drill-down from each ledger entry to source document.,P3 Finance,DB foundation in place
AF-FR-0218,Accounts & Finance,11. Customer Financial Ledger,The system shall allow statement export subject to privacy and permission rules.,P3 Finance,DB foundation in place
AF-FR-0219,Accounts & Finance,11. Customer Financial Ledger,"The system shall reconcile ledger totals to successful payment/refund sources. 12. Vendor Financial Ledger Provide vendor-level earnings, deductions, holds and payout balance with complete source traceability.",P3 Finance,DB foundation in place
AF-FR-0220,Accounts & Finance,12. Vendor Financial Ledger,Ledger Entry ID Text M,P3 Finance,DB foundation in place
AF-FR-0221,Accounts & Finance,12. Vendor Financial Ledger,Posting Date Datetime M,P3 Finance,DB foundation in place
AF-FR-0222,Accounts & Finance,12. Vendor Financial Ledger,Entry Type Dropdown M,P3 Finance,DB foundation in place
AF-FR-0223,Accounts & Finance,12. Vendor Financial Ledger,Order/Suborder ID Text O,P3 Finance,DB foundation in place
AF-FR-0224,Accounts & Finance,12. Vendor Financial Ledger,Settlement ID Text O,P3 Finance,DB foundation in place
AF-FR-0225,Accounts & Finance,12. Vendor Financial Ledger,Gross Amount Currency M,P3 Finance,DB foundation in place
AF-FR-0226,Accounts & Finance,12. Vendor Financial Ledger,Debit Currency O,P3 Finance,DB foundation in place
AF-FR-0227,Accounts & Finance,12. Vendor Financial Ledger,Credit Currency O,P3 Finance,DB foundation in place
AF-FR-0228,Accounts & Finance,12. Vendor Financial Ledger,Hold Amount Currency O,P3 Finance,DB foundation in place
AF-FR-0229,Accounts & Finance,12. Vendor Financial Ledger,Available Balance Currency M,P3 Finance,DB foundation in place
AF-FR-0230,Accounts & Finance,12. Vendor Financial Ledger,Description Text M,P3 Finance,DB foundation in place
AF-FR-0231,Accounts & Finance,12. Vendor Financial Ledger,Tax Component Currency O,P3 Finance,DB foundation in place
AF-FR-0232,Accounts & Finance,12. Vendor Financial Ledger,Posting Status Status M,P3 Finance,DB foundation in place
AF-FR-0233,Accounts & Finance,12. Vendor Financial Ledger,Functional Requirements Requirement ID Requirement,P3 Finance,DB foundation in place
AF-FR-0234,Accounts & Finance,12. Vendor Financial Ledger,The system shall maintain vendor ledger as append-only double-entry-compatible records.,P3 Finance,DB rule test-verified
AF-FR-0235,Accounts & Finance,12. Vendor Financial Ledger,"The system shall separately represent earnings, fees, taxes, holds, releases and settlements.",P3 Finance,DB foundation in place
AF-FR-0236,Accounts & Finance,12. Vendor Financial Ledger,The system shall prevent settlement of held or not-yet-eligible balances.,P3 Finance,DB foundation in place
AF-FR-0237,Accounts & Finance,12. Vendor Financial Ledger,The system shall provide order-level and settlement-level drill-down.,P3 Finance,DB foundation in place
AF-FR-0238,Accounts & Finance,12. Vendor Financial Ledger,The system shall create reversal entries for approved corrections rather than editing posted history.,P3 Finance,DB foundation in place
AF-FR-0239,Accounts & Finance,12. Vendor Financial Ledger,The system shall reconcile vendor ledger closing balance to settlement payable calculations.,P3 Finance,DB foundation in place
AF-FR-0240,Accounts & Finance,13. Commission & Marketplace Fee Accounting,Vendor / Group Selector M,P3 Finance,DB foundation in place
AF-FR-0241,Accounts & Finance,13. Commission & Marketplace Fee Accounting,Category / Product Scope Selector,P3 Finance,DB foundation in place
AF-FR-0242,Accounts & Finance,13. Commission & Marketplace Fee Accounting,Effective From Date M,P3 Finance,DB foundation in place
AF-FR-0243,Accounts & Finance,13. Commission & Marketplace Fee Accounting,Effective To Date O,P3 Finance,DB foundation in place
AF-FR-0244,Accounts & Finance,13. Commission & Marketplace Fee Accounting,Commission Type Dropdown M,P3 Finance,DB foundation in place
AF-FR-0245,Accounts & Finance,13. Commission & Marketplace Fee Accounting,Commission Value Decimal M,P3 Finance,DB foundation in place
AF-FR-0246,Accounts & Finance,13. Commission & Marketplace Fee Accounting,Commission Tax Rate Decimal,P3 Finance,DB foundation in place
AF-FR-0247,Accounts & Finance,13. Commission & Marketplace Fee Accounting,Payment Fee Rule O,P3 Finance,DB foundation in place
AF-FR-0248,Accounts & Finance,13. Commission & Marketplace Fee Accounting,Logistics Fee Rule O,P3 Finance,DB foundation in place
AF-FR-0249,Accounts & Finance,13. Commission & Marketplace Fee Accounting,Other Fee Rule O,P3 Finance,DB foundation in place
AF-FR-0250,Accounts & Finance,13. Commission & Marketplace Fee Accounting,Rounding Rule Dropdown M,P3 Finance,DB foundation in place
AF-FR-0251,Accounts & Finance,13. Commission & Marketplace Fee Accounting,Priority Integer M,P3 Finance,DB foundation in place
AF-FR-0252,Accounts & Finance,13. Commission & Marketplace Fee Accounting,Functional Requirements Requirement ID Requirement,P3 Finance,DB foundation in place
AF-FR-0253,Accounts & Finance,13. Commission & Marketplace Fee Accounting,The system shall freeze the applicable commercial rule snapshot at the relevant transaction event.,P3 Finance,DB foundation in place
AF-FR-0254,Accounts & Finance,13. Commission & Marketplace Fee Accounting,"The system shall calculate commission on configured base: gross, taxable value, net of discount or other configured basis.",P3 Finance,DB foundation in place
AF-FR-0255,Accounts & Finance,13. Commission & Marketplace Fee Accounting,The system shall support category/vendor/time-bound commission overrides with deterministic priority.,P3 Finance,DB foundation in place
AF-FR-0256,Accounts & Finance,13. Commission & Marketplace Fee Accounting,The system shall store fee calculation breakdown at order-line level.,P3 Finance,DB foundation in place
AF-FR-0257,Accounts & Finance,13. Commission & Marketplace Fee Accounting,The system shall generate fee/tax ledger entries and platform invoices as configured.,P3 Finance,DB foundation in place
AF-FR-0258,Accounts & Finance,13. Commission & Marketplace Fee Accounting,"The system shall prevent retroactive rule edits from silently changing previously posted transactions. 14. Vendor Settlement Eligibility Determine which vendor earnings are eligible for payout based on delivery, return w",P3 Finance,DB foundation in place
AF-FR-0259,Accounts & Finance,14. Vendor Settlement Eligibility,Eligible Through Date Date M,P3 Finance,DB foundation in place
AF-FR-0260,Accounts & Finance,14. Vendor Settlement Eligibility,Order/Suborder Text M,P3 Finance,DB foundation in place
AF-FR-0261,Accounts & Finance,14. Vendor Settlement Eligibility,Delivered Date Date O,P3 Finance,DB foundation in place
AF-FR-0262,Accounts & Finance,14. Vendor Settlement Eligibility,Return Window End Date O,P3 Finance,DB foundation in place
AF-FR-0263,Accounts & Finance,14. Vendor Settlement Eligibility,COD Collected Boolean O,P3 Finance,DB foundation in place
AF-FR-0264,Accounts & Finance,14. Vendor Settlement Eligibility,Dispute Hold Boolean M,P3 Finance,DB foundation in place
AF-FR-0265,Accounts & Finance,14. Vendor Settlement Eligibility,Reserve Hold Currency O,P3 Finance,DB foundation in place
AF-FR-0266,Accounts & Finance,14. Vendor Settlement Eligibility,Net Eligible Amount Currency M,P3 Finance,DB foundation in place
AF-FR-0267,Accounts & Finance,14. Vendor Settlement Eligibility,Ineligible Reason Text O,P3 Finance,DB foundation in place
AF-FR-0268,Accounts & Finance,14. Vendor Settlement Eligibility,,P3 Finance,DB foundation in place
AF-FR-0269,Accounts & Finance,14. Vendor Settlement Eligibility,"The system shall calculate settlement eligibility using immutable order, return, refund, dispute and collection events.",P3 Finance,DB foundation in place
AF-FR-0270,Accounts & Finance,14. Vendor Settlement Eligibility,"The system shall exclude canceled, refunded, disputed or otherwise held amounts according to policy.",P3 Finance,DB foundation in place
AF-FR-0271,Accounts & Finance,14. Vendor Settlement Eligibility,The system shall support vendor-specific settlement cycles and reserve rules.,P3 Finance,DB foundation in place
AF-FR-0272,Accounts & Finance,14. Vendor Settlement Eligibility,The system shall display why each amount is eligible or ineligible.,P3 Finance,DB foundation in place
AF-FR-0273,Accounts & Finance,14. Vendor Settlement Eligibility,"The system shall recalculate future eligibility on new return/refund/dispute events without modifying already paid settlement history. 15. Settlement Batches & Vendor Payouts Create, approve, execute and reconcile vendor",P3 Finance,DB foundation in place
AF-FR-0274,Accounts & Finance,15. Settlement Batches & Vendor Payouts,Cycle Text M,P3 Finance,DB foundation in place
AF-FR-0275,Accounts & Finance,15. Settlement Batches & Vendor Payouts,Settlement Date Date M,P3 Finance,DB foundation in place
AF-FR-0276,Accounts & Finance,15. Settlement Batches & Vendor Payouts,Vendor Count Integer M,P3 Finance,DB foundation in place
AF-FR-0277,Accounts & Finance,15. Settlement Batches & Vendor Payouts,Gross Eligible Currency M,P3 Finance,DB foundation in place
AF-FR-0278,Accounts & Finance,15. Settlement Batches & Vendor Payouts,Total Deductions Currency M,P3 Finance,DB foundation in place
AF-FR-0279,Accounts & Finance,15. Settlement Batches & Vendor Payouts,Net Payable Currency M,P3 Finance,DB foundation in place
AF-FR-0280,Accounts & Finance,15. Settlement Batches & Vendor Payouts,Payout Method Dropdown M,P3 Finance,DB foundation in place
AF-FR-0281,Accounts & Finance,15. Settlement Batches & Vendor Payouts,Approval Status Status M,P3 Finance,DB foundation in place
AF-FR-0282,Accounts & Finance,15. Settlement Batches & Vendor Payouts,Execution Status Status M,P3 Finance,DB foundation in place
AF-FR-0283,Accounts & Finance,15. Settlement Batches & Vendor Payouts,Bank Reference / UTR Text,P3 Finance,DB foundation in place
AF-FR-0284,Accounts & Finance,15. Settlement Batches & Vendor Payouts,Failure Reason Text O,P3 Finance,DB foundation in place
AF-FR-0285,Accounts & Finance,15. Settlement Batches & Vendor Payouts,Approved By Read-only O,P3 Finance,DB foundation in place
AF-FR-0286,Accounts & Finance,15. Settlement Batches & Vendor Payouts,Executed At Datetime O,P3 Finance,DB foundation in place
AF-FR-0287,Accounts & Finance,15. Settlement Batches & Vendor Payouts,Functional Requirements Requirement ID Requirement,P3 Finance,DB foundation in place
AF-FR-0288,Accounts & Finance,15. Settlement Batches & Vendor Payouts,The system shall generate settlement batches from approved eligible payable lines.,P3 Finance,DB foundation in place
AF-FR-0289,Accounts & Finance,15. Settlement Batches & Vendor Payouts,The system shall provide vendor-by-vendor and order-by-order settlement drill-down.,P3 Finance,DB foundation in place
AF-FR-0290,Accounts & Finance,15. Settlement Batches & Vendor Payouts,The system shall enforce maker-checker approval for payout batches above configured thresholds.,P3 Finance,DB foundation in place
AF-FR-0291,Accounts & Finance,15. Settlement Batches & Vendor Payouts,The system shall prevent the maker from approving their own batch where segregation-ofduty is enabled.,P3 Finance,DB foundation in place
AF-FR-0292,Accounts & Finance,15. Settlement Batches & Vendor Payouts,The system shall execute payout idempotently and prevent duplicate vendor transfer requests.,P3 Finance,DB rule test-verified
AF-FR-0293,Accounts & Finance,15. Settlement Batches & Vendor Payouts,The system shall support partial batch success and retry only failed payout lines.,P3 Finance,DB foundation in place
AF-FR-0294,Accounts & Finance,15. Settlement Batches & Vendor Payouts,The system shall reconcile payout API/bank responses with the settlement ledger.,P3 Finance,DB foundation in place
AF-FR-0295,Accounts & Finance,15. Settlement Batches & Vendor Payouts,The system shall produce a vendor settlement statement for each completed settlement.,P3 Finance,DB foundation in place
AF-FR-0296,Accounts & Finance,15. Settlement Batches & Vendor Payouts,The system shall support settlement hold/unhold with reason and authorization.,P3 Finance,DB foundation in place
AF-FR-0297,Accounts & Finance,15. Settlement Batches & Vendor Payouts,2 Maker reviews generated settlement batch and exceptions.,P3 Finance,DB foundation in place
AF-FR-0298,Accounts & Finance,15. Settlement Batches & Vendor Payouts,"3 Checker approves, rejects or returns batch for correction.",P3 Finance,DB foundation in place
AF-FR-0299,Accounts & Finance,15. Settlement Batches & Vendor Payouts,4 Approved batch is sent to payout processor/bank.,P3 Finance,DB foundation in place
AF-FR-0300,Accounts & Finance,15. Settlement Batches & Vendor Payouts,5 Execution callbacks update each vendor payout line.,P3 Finance,DB foundation in place
AF-FR-0301,Accounts & Finance,15. Settlement Batches & Vendor Payouts,6 Accounts reconciles successful transfers to bank reference.,P3 Finance,DB foundation in place
AF-FR-0302,Accounts & Finance,15. Settlement Batches & Vendor Payouts,7 Completed statements become available for vendor-facing visibility according to policy.,P3 Finance,DB foundation in place
AF-FR-0303,Accounts & Finance,15. Settlement Batches & Vendor Payouts,"16. Vendor Payout Exceptions & Holds Manage failed bank transfers, compliance holds, negative balances and manual payout exceptions. Screen Fields / Data Elements Field / Column",P3 Finance,DB foundation in place
AF-FR-0304,Accounts & Finance,16. Vendor Payout Exceptions & Holds,Exception Type Dropdown M,P3 Finance,Not started
AF-FR-0305,Accounts & Finance,16. Vendor Payout Exceptions & Holds,Settlement ID Text O,P3 Finance,Not started
AF-FR-0306,Accounts & Finance,16. Vendor Payout Exceptions & Holds,Amount Currency O,P3 Finance,Not started
AF-FR-0307,Accounts & Finance,16. Vendor Payout Exceptions & Holds,Hold Start Datetime M,P3 Finance,Not started
AF-FR-0308,Accounts & Finance,16. Vendor Payout Exceptions & Holds,Hold End Datetime O,P3 Finance,Not started
AF-FR-0309,Accounts & Finance,16. Vendor Payout Exceptions & Holds,Reason Code Dropdown M,P3 Finance,Not started
AF-FR-0310,Accounts & Finance,16. Vendor Payout Exceptions & Holds,Detailed Reason Text M,P3 Finance,Not started
AF-FR-0311,Accounts & Finance,16. Vendor Payout Exceptions & Holds,Supporting Document File,P3 Finance,Not started
AF-FR-0312,Accounts & Finance,16. Vendor Payout Exceptions & Holds,Resolution Status Status M,P3 Finance,Not started
AF-FR-0313,Accounts & Finance,16. Vendor Payout Exceptions & Holds,Approved By Read-only O,P3 Finance,Not started
AF-FR-0314,Accounts & Finance,16. Vendor Payout Exceptions & Holds,Functional Requirements Requirement ID Requirement,P3 Finance,Not started
AF-FR-0315,Accounts & Finance,16. Vendor Payout Exceptions & Holds,The system shall block held amounts from payout without modifying underlying earned balance.,P3 Finance,Not started
AF-FR-0316,Accounts & Finance,16. Vendor Payout Exceptions & Holds,"The system shall require a reason and, where configured, approval to place or release a settlement hold.",P3 Finance,Not started
AF-FR-0317,Accounts & Finance,16. Vendor Payout Exceptions & Holds,The system shall surface vendor bank validation failures separately from payout processor failures.,P3 Finance,Not started
AF-FR-0318,Accounts & Finance,16. Vendor Payout Exceptions & Holds,The system shall carry failed unpaid amounts forward to the next eligible settlement after resolution.,P3 Finance,Not started
AF-FR-0319,Accounts & Finance,16. Vendor Payout Exceptions & Holds,The system shall maintain hold history even after release. 17. Customer Invoices & Tax Invoices Maintain customer-facing invoice records generated by the commerce/tax engine and provide finance control/visibility.,P3 Finance,Not started
AF-FR-0320,Accounts & Finance,17. Customer Invoices & Tax Invoices,Invoice Date Date M,P3 Finance,Not started
AF-FR-0321,Accounts & Finance,17. Customer Invoices & Tax Invoices,Order ID Text M,P3 Finance,Not started
AF-FR-0322,Accounts & Finance,17. Customer Invoices & Tax Invoices,Seller/Vendor Text M,P3 Finance,Not started
AF-FR-0323,Accounts & Finance,17. Customer Invoices & Tax Invoices,Bill To Name Text M,P3 Finance,Not started
AF-FR-0324,Accounts & Finance,17. Customer Invoices & Tax Invoices,Bill To Address Text M,P3 Finance,Not started
AF-FR-0325,Accounts & Finance,17. Customer Invoices & Tax Invoices,Place of Supply Text O,P3 Finance,Not started
AF-FR-0326,Accounts & Finance,17. Customer Invoices & Tax Invoices,GSTIN / Tax ID Text O,P3 Finance,Not started
AF-FR-0327,Accounts & Finance,17. Customer Invoices & Tax Invoices,Line Taxable Value Currency M,P3 Finance,Not started
AF-FR-0328,Accounts & Finance,17. Customer Invoices & Tax Invoices,CGST Currency O,P3 Finance,Not started
AF-FR-0329,Accounts & Finance,17. Customer Invoices & Tax Invoices,SGST/UTGST Currency O,P3 Finance,Not started
AF-FR-0330,Accounts & Finance,17. Customer Invoices & Tax Invoices,IGST Currency O,P3 Finance,Not started
AF-FR-0331,Accounts & Finance,17. Customer Invoices & Tax Invoices,Cess Currency O,P3 Finance,Not started
AF-FR-0332,Accounts & Finance,17. Customer Invoices & Tax Invoices,Shipping / Other Charges Currency,P3 Finance,Not started
AF-FR-0333,Accounts & Finance,17. Customer Invoices & Tax Invoices,Discount Currency O,P3 Finance,Not started
AF-FR-0334,Accounts & Finance,17. Customer Invoices & Tax Invoices,Invoice Total Currency M,P3 Finance,Not started
AF-FR-0335,Accounts & Finance,17. Customer Invoices & Tax Invoices,Invoice PDF Document M,P3 Finance,Not started
AF-FR-0336,Accounts & Finance,17. Customer Invoices & Tax Invoices,Functional Requirements Requirement ID Requirement,P3 Finance,Not started
AF-FR-0337,Accounts & Finance,17. Customer Invoices & Tax Invoices,The system shall preserve the invoice data snapshot used at document generation time.,P3 Finance,Not started
AF-FR-0338,Accounts & Finance,17. Customer Invoices & Tax Invoices,The system shall prevent silent editing of finalized invoices; corrections shall use approved credit/debit note mechanisms.,P3 Finance,Not started
AF-FR-0339,Accounts & Finance,17. Customer Invoices & Tax Invoices,The system shall validate invoice numbering series uniqueness and period rules.,P3 Finance,DB foundation in place
AF-FR-0340,Accounts & Finance,17. Customer Invoices & Tax Invoices,"The system shall support customer invoice search by invoice number, order, vendor, customer and date.",P3 Finance,Not started
AF-FR-0341,Accounts & Finance,17. Customer Invoices & Tax Invoices,The system shall support authorized regeneration of identical-format PDF without changing accounting values.,P3 Finance,Not started
AF-FR-0342,Accounts & Finance,17. Customer Invoices & Tax Invoices,The system shall log every invoice download/export by finance users where required. 18. Credit Notes & Debit Notes Issue and track post-invoice tax/commercial corrections through controlled documents.,P3 Finance,Not started
AF-FR-0343,Accounts & Finance,18. Credit Notes & Debit Notes,Note Type Dropdown M,P3 Finance,Not started
AF-FR-0344,Accounts & Finance,18. Credit Notes & Debit Notes,Note Date Date M,P3 Finance,Not started
AF-FR-0345,Accounts & Finance,18. Credit Notes & Debit Notes,Original Invoice Text M,P3 Finance,Not started
AF-FR-0346,Accounts & Finance,18. Credit Notes & Debit Notes,Reason Code Dropdown M,P3 Finance,Not started
AF-FR-0347,Accounts & Finance,18. Credit Notes & Debit Notes,Reason Details Text O,P3 Finance,Not started
AF-FR-0348,Accounts & Finance,18. Credit Notes & Debit Notes,Taxable Adjustment Currency M,P3 Finance,Not started
AF-FR-0349,Accounts & Finance,18. Credit Notes & Debit Notes,Tax Adjustment Currency O,P3 Finance,Not started
AF-FR-0350,Accounts & Finance,18. Credit Notes & Debit Notes,Total Adjustment Currency M,P3 Finance,Not started
AF-FR-0351,Accounts & Finance,18. Credit Notes & Debit Notes,Linked Refund / Charge Text,P3 Finance,Not started
AF-FR-0352,Accounts & Finance,18. Credit Notes & Debit Notes,Approval Status Status M,P3 Finance,Not started
AF-FR-0353,Accounts & Finance,18. Credit Notes & Debit Notes,,P3 Finance,Not started
AF-FR-0354,Accounts & Finance,18. Credit Notes & Debit Notes,Functional Requirements Requirement ID Requirement,P3 Finance,Not started
AF-FR-0355,Accounts & Finance,18. Credit Notes & Debit Notes,The system shall require reference to original invoice unless local rules permit standalone notes.,P3 Finance,Not started
AF-FR-0356,Accounts & Finance,18. Credit Notes & Debit Notes,The system shall calculate note tax impact based on original line tax treatment and adjustment reason.,P3 Finance,Not started
AF-FR-0357,Accounts & Finance,18. Credit Notes & Debit Notes,The system shall prevent notes exceeding eligible invoice value without explicit permitted scenario.,P3 Finance,Not started
AF-FR-0358,Accounts & Finance,18. Credit Notes & Debit Notes,The system shall generate ledger postings when a note is issued.,P3 Finance,Not started
AF-FR-0359,Accounts & Finance,18. Credit Notes & Debit Notes,The system shall not delete issued notes; reversal/correction shall create further controlled documents. 19. Vendor / Platform Service Invoices Account for marketplace commission and other platform services charged to ve,P3 Finance,Not started
AF-FR-0360,Accounts & Finance,19. Vendor / Platform Service Invoices,Invoice Date Date M,P3 Finance,Not started
AF-FR-0361,Accounts & Finance,19. Vendor / Platform Service Invoices,Vendor Legal Name Text M,P3 Finance,Not started
AF-FR-0362,Accounts & Finance,19. Vendor / Platform Service Invoices,Vendor GSTIN Text O,P3 Finance,Not started
AF-FR-0363,Accounts & Finance,19. Vendor / Platform Service Invoices,Service Type Dropdown M,P3 Finance,Not started
AF-FR-0364,Accounts & Finance,19. Vendor / Platform Service Invoices,Taxable Value Currency M,P3 Finance,Not started
AF-FR-0365,Accounts & Finance,19. Vendor / Platform Service Invoices,GST Rate Decimal O,P3 Finance,Not started
AF-FR-0366,Accounts & Finance,19. Vendor / Platform Service Invoices,GST Amount Currency O,P3 Finance,Not started
AF-FR-0367,Accounts & Finance,19. Vendor / Platform Service Invoices,Total Invoice Currency M,P3 Finance,Not started
AF-FR-0368,Accounts & Finance,19. Vendor / Platform Service Invoices,Related Orders/Period Reference,P3 Finance,Not started
AF-FR-0369,Accounts & Finance,19. Vendor / Platform Service Invoices,Settlement Offset Currency O,P3 Finance,Not started
AF-FR-0370,Accounts & Finance,19. Vendor / Platform Service Invoices,Invoice PDF Document M,P3 Finance,Not started
AF-FR-0371,Accounts & Finance,19. Vendor / Platform Service Invoices,Functional Requirements Requirement ID Requirement,P3 Finance,Not started
AF-FR-0372,Accounts & Finance,19. Vendor / Platform Service Invoices,The system shall generate vendor service invoices from posted fee ledger entries according to configured billing frequency.,P3 Finance,Not started
AF-FR-0373,Accounts & Finance,19. Vendor / Platform Service Invoices,The system shall prevent duplicate invoicing of the same fee entries.,P3 Finance,Not started
AF-FR-0374,Accounts & Finance,19. Vendor / Platform Service Invoices,The system shall support invoice line aggregation while retaining drill-down to source transactions.,P3 Finance,Not started
AF-FR-0375,Accounts & Finance,19. Vendor / Platform Service Invoices,The system shall reconcile service invoice receivable/offset to vendor ledger deductions. 20. GST / Indirect Tax Configuration & Reporting Provide finance-controlled tax configuration visibility and statutory reporting s,P3 Finance,Not started
AF-FR-0376,Accounts & Finance,20. GST / Indirect Tax Configuration & Reporting,State / Jurisdiction Dropdown M,P0 Foundation,Not started
AF-FR-0377,Accounts & Finance,20. GST / Indirect Tax Configuration & Reporting,GSTIN / Tax ID Text M,P0 Foundation,Not started
AF-FR-0378,Accounts & Finance,20. GST / Indirect Tax Configuration & Reporting,Effective From Date M,P0 Foundation,Not started
AF-FR-0379,Accounts & Finance,20. GST / Indirect Tax Configuration & Reporting,HSN/SAC Text O,P0 Foundation,Not started
AF-FR-0380,Accounts & Finance,20. GST / Indirect Tax Configuration & Reporting,Tax Rate Decimal M,P0 Foundation,Not started
AF-FR-0381,Accounts & Finance,20. GST / Indirect Tax Configuration & Reporting,Tax Type Dropdown M,P0 Foundation,Not started
AF-FR-0382,Accounts & Finance,20. GST / Indirect Tax Configuration & Reporting,Reverse Charge Flag Boolean,P0 Foundation,Not started
AF-FR-0383,Accounts & Finance,20. GST / Indirect Tax Configuration & Reporting,E-commerce TCS Flag Boolean,P0 Foundation,Not started
AF-FR-0384,Accounts & Finance,20. GST / Indirect Tax Configuration & Reporting,Return Period Month/Quarter M,P0 Foundation,Not started
AF-FR-0385,Accounts & Finance,20. GST / Indirect Tax Configuration & Reporting,Filing Status Status M,P0 Foundation,Not started
AF-FR-0386,Accounts & Finance,20. GST / Indirect Tax Configuration & Reporting,Functional Requirements Requirement ID Requirement,P0 Foundation,Not started
AF-FR-0387,Accounts & Finance,20. GST / Indirect Tax Configuration & Reporting,The system shall support effective-dated tax configuration and prevent retroactive silent change to posted documents.,P0 Foundation,Not started
AF-FR-0388,Accounts & Finance,20. GST / Indirect Tax Configuration & Reporting,"The system shall calculate/report output tax, credit notes and marketplace tax collection based on posted source documents.",P0 Foundation,Not started
AF-FR-0389,Accounts & Finance,20. GST / Indirect Tax Configuration & Reporting,The system shall provide GST/tax register exports with document-level traceability.,P0 Foundation,Not started
AF-FR-0390,Accounts & Finance,20. GST / Indirect Tax Configuration & Reporting,"The system shall flag missing/invalid GSTIN, place-of-supply or tax classification exceptions for review.",P0 Foundation,Not started
AF-FR-0391,Accounts & Finance,20. GST / Indirect Tax Configuration & Reporting,The system shall support period lock after statutory filing status is marked Filed subject to override permission.,P0 Foundation,Not started
AF-FR-0392,Accounts & Finance,20. GST / Indirect Tax Configuration & Reporting,The system shall record filing acknowledgement/reference and supporting document. 21. TDS / TCS / Withholding Tax Track statutory withholding and collection obligations applicable to vendor settlements or marketplace tra,P0 Foundation,Not started
AF-FR-0393,Accounts & Finance,21. TDS / TCS / Withholding Tax,Section / Code Text O,P3 Finance,Not started
AF-FR-0394,Accounts & Finance,21. TDS / TCS / Withholding Tax,Vendor / Party Selector M,P3 Finance,Not started
AF-FR-0395,Accounts & Finance,21. TDS / TCS / Withholding Tax,PAN / Tax ID Text O,P3 Finance,Not started
AF-FR-0396,Accounts & Finance,21. TDS / TCS / Withholding Tax,Threshold Basis Currency O,P3 Finance,Not started
AF-FR-0397,Accounts & Finance,21. TDS / TCS / Withholding Tax,Rate Decimal M,P3 Finance,Not started
AF-FR-0398,Accounts & Finance,21. TDS / TCS / Withholding Tax,Gross Base Currency M,P3 Finance,Not started
AF-FR-0399,Accounts & Finance,21. TDS / TCS / Withholding Tax,Tax Amount Currency M,P3 Finance,Not started
AF-FR-0400,Accounts & Finance,21. TDS / TCS / Withholding Tax,Posting Date Date M,P3 Finance,Not started
AF-FR-0401,Accounts & Finance,21. TDS / TCS / Withholding Tax,Certificate / Return Ref Text,P3 Finance,Not started
AF-FR-0402,Accounts & Finance,21. TDS / TCS / Withholding Tax,Status Status M,P3 Finance,Not started
AF-FR-0403,Accounts & Finance,21. TDS / TCS / Withholding Tax,,P3 Finance,Not started
AF-FR-0404,Accounts & Finance,21. TDS / TCS / Withholding Tax,The system shall calculate withholding/collection on configured statutory base and thresholds.,P3 Finance,Not started
AF-FR-0405,Accounts & Finance,21. TDS / TCS / Withholding Tax,The system shall store rate and rule snapshot applied to each posting.,P3 Finance,Not started
AF-FR-0406,Accounts & Finance,21. TDS / TCS / Withholding Tax,The system shall deduct withholding from vendor payable only when configured and legally applicable.,P3 Finance,Not started
AF-FR-0407,Accounts & Finance,21. TDS / TCS / Withholding Tax,The system shall report payable vs deposited vs filed amounts by period.,P3 Finance,Not started
AF-FR-0408,Accounts & Finance,21. TDS / TCS / Withholding Tax,The system shall support approved adjustment/reversal entries for tax corrections. 22. Manual Journal & Financial Adjustments Allow controlled non-automated accounting corrections without altering source transactions.,P3 Finance,Not started
AF-FR-0409,Accounts & Finance,22. Manual Journal & Financial Adjustments,Journal Date Date M,P3 Finance,DB foundation in place
AF-FR-0410,Accounts & Finance,22. Manual Journal & Financial Adjustments,Journal Type Dropdown M,P3 Finance,DB foundation in place
AF-FR-0411,Accounts & Finance,22. Manual Journal & Financial Adjustments,Reference Text M,P3 Finance,DB foundation in place
AF-FR-0412,Accounts & Finance,22. Manual Journal & Financial Adjustments,Description Text M,P3 Finance,DB foundation in place
AF-FR-0413,Accounts & Finance,22. Manual Journal & Financial Adjustments,Account / Ledger Head Dropdown,P3 Finance,DB foundation in place
AF-FR-0414,Accounts & Finance,22. Manual Journal & Financial Adjustments,Party Selector O,P3 Finance,DB foundation in place
AF-FR-0415,Accounts & Finance,22. Manual Journal & Financial Adjustments,Debit Currency O,P3 Finance,DB foundation in place
AF-FR-0416,Accounts & Finance,22. Manual Journal & Financial Adjustments,Credit Currency O,P3 Finance,DB foundation in place
AF-FR-0417,Accounts & Finance,22. Manual Journal & Financial Adjustments,Cost Center / Business Unit Dropdown,P3 Finance,DB foundation in place
AF-FR-0418,Accounts & Finance,22. Manual Journal & Financial Adjustments,Attachment File O,P3 Finance,DB foundation in place
AF-FR-0419,Accounts & Finance,22. Manual Journal & Financial Adjustments,Prepared By Read-only M,P3 Finance,DB foundation in place
AF-FR-0420,Accounts & Finance,22. Manual Journal & Financial Adjustments,Approval Status Status M,P3 Finance,DB foundation in place
AF-FR-0421,Accounts & Finance,22. Manual Journal & Financial Adjustments,Functional Requirements Requirement ID Requirement,P3 Finance,DB foundation in place
AF-FR-0422,Accounts & Finance,22. Manual Journal & Financial Adjustments,The system shall require journal debits and credits to balance before submission.,P3 Finance,DB foundation in place
AF-FR-0423,Accounts & Finance,22. Manual Journal & Financial Adjustments,The system shall prevent posting to a closed period.,P3 Finance,DB foundation in place
AF-FR-0424,Accounts & Finance,22. Manual Journal & Financial Adjustments,The system shall enforce maker-checker based on journal type/amount.,P3 Finance,DB foundation in place
AF-FR-0425,Accounts & Finance,22. Manual Journal & Financial Adjustments,The system shall not allow deletion of posted journals; corrections use reversing journals.,P3 Finance,DB foundation in place
AF-FR-0426,Accounts & Finance,22. Manual Journal & Financial Adjustments,The system shall retain supporting evidence and approval trail.,P3 Finance,DB foundation in place
AF-FR-0427,Accounts & Finance,22. Manual Journal & Financial Adjustments,The system shall identify manual journals distinctly in all reports and ledgers. 23. Expense & Accounts Payable Register Record approved operating expenses and third-party payables relevant to marketplace finance.,P3 Finance,DB foundation in place
AF-FR-0428,Accounts & Finance,23. Expense & Accounts Payable Register,Vendor/Payee Text/Selector M,P3 Finance,Not started
AF-FR-0429,Accounts & Finance,23. Expense & Accounts Payable Register,Expense Category Dropdown M,P3 Finance,Not started
AF-FR-0430,Accounts & Finance,23. Expense & Accounts Payable Register,Invoice/Bill Number Text O,P3 Finance,Not started
AF-FR-0431,Accounts & Finance,23. Expense & Accounts Payable Register,Bill Date Date O,P3 Finance,Not started
AF-FR-0432,Accounts & Finance,23. Expense & Accounts Payable Register,Due Date Date O,P3 Finance,Not started
AF-FR-0433,Accounts & Finance,23. Expense & Accounts Payable Register,Taxable Value Currency M,P3 Finance,Not started
AF-FR-0434,Accounts & Finance,23. Expense & Accounts Payable Register,Tax Currency O,P3 Finance,Not started
AF-FR-0435,Accounts & Finance,23. Expense & Accounts Payable Register,Total Amount Currency M,P3 Finance,Not started
AF-FR-0436,Accounts & Finance,23. Expense & Accounts Payable Register,TDS/Withholding Currency O,P3 Finance,Not started
AF-FR-0437,Accounts & Finance,23. Expense & Accounts Payable Register,Net Payable Currency M,P3 Finance,Not started
AF-FR-0438,Accounts & Finance,23. Expense & Accounts Payable Register,Cost Center Dropdown O,P3 Finance,Not started
AF-FR-0439,Accounts & Finance,23. Expense & Accounts Payable Register,Attachment File M,P3 Finance,Not started
AF-FR-0440,Accounts & Finance,23. Expense & Accounts Payable Register,Approval Status Status M,P3 Finance,Not started
AF-FR-0441,Accounts & Finance,23. Expense & Accounts Payable Register,Payment Status Status M,P3 Finance,Not started
AF-FR-0442,Accounts & Finance,23. Expense & Accounts Payable Register,Functional Requirements Requirement ID Requirement,P3 Finance,Not started
AF-FR-0443,Accounts & Finance,23. Expense & Accounts Payable Register,The system shall require supporting documentation for expenses according to policy.,P3 Finance,Not started
AF-FR-0444,Accounts & Finance,23. Expense & Accounts Payable Register,"The system shall calculate payable, withholding and tax fields using configured rules.",P3 Finance,Not started
AF-FR-0445,Accounts & Finance,23. Expense & Accounts Payable Register,The system shall support partial payment and outstanding balance tracking.,P3 Finance,Not started
AF-FR-0446,Accounts & Finance,23. Expense & Accounts Payable Register,The system shall prevent duplicate bill entry using configurable payee/invoice/date/amount checks.,P3 Finance,Not started
AF-FR-0447,Accounts & Finance,23. Expense & Accounts Payable Register,The system shall link payments to bank transactions and maintain payment references. 24. Bank & Cash Accounts Maintain finance-visible bank/cash master data and balances without exposing secrets.,P3 Finance,Not started
AF-FR-0448,Accounts & Finance,24. Bank & Cash Accounts,Account Name Text M,P3 Finance,Not started
AF-FR-0449,Accounts & Finance,24. Bank & Cash Accounts,Bank Name Text O,P3 Finance,Not started
AF-FR-0450,Accounts & Finance,24. Bank & Cash Accounts,Masked Account Number Text,P3 Finance,Not started
AF-FR-0451,Accounts & Finance,24. Bank & Cash Accounts,IFSC / Routing Code Text O,P3 Finance,Not started
AF-FR-0452,Accounts & Finance,24. Bank & Cash Accounts,Account Type Dropdown M,P3 Finance,Not started
AF-FR-0453,Accounts & Finance,24. Bank & Cash Accounts,Currency Code M,P3 Finance,Not started
AF-FR-0454,Accounts & Finance,24. Bank & Cash Accounts,Opening Balance Currency M,P3 Finance,Not started
AF-FR-0455,Accounts & Finance,24. Bank & Cash Accounts,Current Book Balance Currency,P3 Finance,Not started
AF-FR-0456,Accounts & Finance,24. Bank & Cash Accounts,Last Reconciled Date Date,P3 Finance,Not started
AF-FR-0457,Accounts & Finance,24. Bank & Cash Accounts,Status Status M,P3 Finance,Not started
AF-FR-0458,Accounts & Finance,24. Bank & Cash Accounts,,P3 Finance,Not started
AF-FR-0459,Accounts & Finance,24. Bank & Cash Accounts,"The system shall never expose full credentials, passwords or private API secrets on bank account screens.",P3 Finance,Not started
AF-FR-0460,Accounts & Finance,24. Bank & Cash Accounts,The system shall restrict bank master edit to authorized finance administrators.,P3 Finance,Not started
AF-FR-0461,Accounts & Finance,24. Bank & Cash Accounts,The system shall require maker-checker for bank detail changes used in payout or settlement.,P3 Finance,DB foundation in place
AF-FR-0462,Accounts & Finance,24. Bank & Cash Accounts,The system shall retain old bank account versions and effective dates for audit.,P3 Finance,Not started
AF-FR-0463,Accounts & Finance,24. Bank & Cash Accounts,"The system shall calculate book balance from posted entries and not allow direct overwrite. 25. Promotional Discount Accounting Allocate marketplace-funded and vendor-funded discounts for margin, settlement and tax repor",P3 Finance,Not started
AF-FR-0464,Accounts & Finance,25. Promotional Discount Accounting,Order ID Text M,P3 Finance,Not started
AF-FR-0465,Accounts & Finance,25. Promotional Discount Accounting,Line Item Text M,P3 Finance,Not started
AF-FR-0466,Accounts & Finance,25. Promotional Discount Accounting,Gross Price Currency M,P3 Finance,Not started
AF-FR-0467,Accounts & Finance,25. Promotional Discount Accounting,Discount Amount Currency M,P3 Finance,Not started
AF-FR-0468,Accounts & Finance,25. Promotional Discount Accounting,Vendor Funded Currency M,P3 Finance,Not started
AF-FR-0469,Accounts & Finance,25. Promotional Discount Accounting,Platform Funded Currency M,P3 Finance,Not started
AF-FR-0470,Accounts & Finance,25. Promotional Discount Accounting,Other Funded Currency O,P3 Finance,Not started
AF-FR-0471,Accounts & Finance,25. Promotional Discount Accounting,Tax Impact Currency O,P3 Finance,Not started
AF-FR-0472,Accounts & Finance,25. Promotional Discount Accounting,Settlement Impact Currency M,P3 Finance,Not started
AF-FR-0473,Accounts & Finance,25. Promotional Discount Accounting,Functional Requirements Requirement ID Requirement,P3 Finance,Not started
AF-FR-0474,Accounts & Finance,25. Promotional Discount Accounting,The system shall validate that discount funding components equal the allocated discount amount.,P3 Finance,DB rule test-verified
AF-FR-0475,Accounts & Finance,25. Promotional Discount Accounting,The system shall store funding snapshot at order/line posting time.,P3 Finance,Not started
AF-FR-0476,Accounts & Finance,25. Promotional Discount Accounting,The system shall reflect vendor-funded discount in vendor settlement and platform-funded discount in platform expense/margin reporting.,P3 Finance,Not started
AF-FR-0477,Accounts & Finance,25. Promotional Discount Accounting,"The system shall handle partial return/refund discount allocation proportionally or by configured policy. 26. Logistics, RTO & Return Cost Accounting Track shipping charges and logistics costs attributable to forward, re",P3 Finance,Not started
AF-FR-0478,Accounts & Finance,"26. Logistics, RTO & Return Cost Accounting",Order ID Text M,P3 Finance,Not started
AF-FR-0479,Accounts & Finance,"26. Logistics, RTO & Return Cost Accounting",Vendor Text M,P3 Finance,Not started
AF-FR-0480,Accounts & Finance,"26. Logistics, RTO & Return Cost Accounting",Movement Type Dropdown M,P3 Finance,Not started
AF-FR-0481,Accounts & Finance,"26. Logistics, RTO & Return Cost Accounting",Carrier Text M,P3 Finance,Not started
AF-FR-0482,Accounts & Finance,"26. Logistics, RTO & Return Cost Accounting",Charged Weight Decimal O,P3 Finance,Not started
AF-FR-0483,Accounts & Finance,"26. Logistics, RTO & Return Cost Accounting",,P3 Finance,Not started
AF-FR-0484,Accounts & Finance,"26. Logistics, RTO & Return Cost Accounting",Expected Cost Currency O,P3 Finance,Not started
AF-FR-0485,Accounts & Finance,"26. Logistics, RTO & Return Cost Accounting",Carrier Billed Cost Currency O,P3 Finance,Not started
AF-FR-0486,Accounts & Finance,"26. Logistics, RTO & Return Cost Accounting",Vendor Recoverable Currency O,P3 Finance,Not started
AF-FR-0487,Accounts & Finance,"26. Logistics, RTO & Return Cost Accounting",Platform Cost Currency M,P3 Finance,Not started
AF-FR-0488,Accounts & Finance,"26. Logistics, RTO & Return Cost Accounting",Variance Currency M,P3 Finance,Not started
AF-FR-0489,Accounts & Finance,"26. Logistics, RTO & Return Cost Accounting",Carrier Invoice Ref Text O,P3 Finance,Not started
AF-FR-0490,Accounts & Finance,"26. Logistics, RTO & Return Cost Accounting",Functional Requirements Requirement ID Requirement,P3 Finance,Not started
AF-FR-0491,Accounts & Finance,"26. Logistics, RTO & Return Cost Accounting",The system shall calculate expected logistics accrual from configured rate card at shipment event.,P3 Finance,Not started
AF-FR-0492,Accounts & Finance,"26. Logistics, RTO & Return Cost Accounting",The system shall reconcile actual carrier billing to shipment/AWB records.,P3 Finance,Not started
AF-FR-0493,Accounts & Finance,"26. Logistics, RTO & Return Cost Accounting","The system shall flag weight, zone, duplicate AWB and rate variances.",P3 Finance,Not started
AF-FR-0494,Accounts & Finance,"26. Logistics, RTO & Return Cost Accounting",The system shall allocate vendor-recoverable logistics fees only according to commercial policy and event status.,P3 Finance,Not started
AF-FR-0495,Accounts & Finance,"26. Logistics, RTO & Return Cost Accounting","The system shall handle RTO and reverse-shipping costs as distinct accounting categories. 27. Settlement Disputes & Finance Support Handle vendor/customer/internal disputes specifically related to finance, settlement and",P3 Finance,Not started
AF-FR-0496,Accounts & Finance,27. Settlement Disputes & Finance Support,Party Type Dropdown M,P3 Finance,Not started
AF-FR-0497,Accounts & Finance,27. Settlement Disputes & Finance Support,Party ID Text M,P3 Finance,Not started
AF-FR-0498,Accounts & Finance,27. Settlement Disputes & Finance Support,Related Transaction Text,P3 Finance,Not started
AF-FR-0499,Accounts & Finance,27. Settlement Disputes & Finance Support,Disputed Amount Currency O,P3 Finance,Not started
AF-FR-0500,Accounts & Finance,27. Settlement Disputes & Finance Support,Reason Dropdown M,P3 Finance,Not started
AF-FR-0501,Accounts & Finance,27. Settlement Disputes & Finance Support,Description Text M,P3 Finance,Not started
AF-FR-0502,Accounts & Finance,27. Settlement Disputes & Finance Support,Attachment File O,P3 Finance,Not started
AF-FR-0503,Accounts & Finance,27. Settlement Disputes & Finance Support,Assigned To User O,P3 Finance,Not started
AF-FR-0504,Accounts & Finance,27. Settlement Disputes & Finance Support,Status Status M,P3 Finance,Not started
AF-FR-0505,Accounts & Finance,27. Settlement Disputes & Finance Support,Resolution Text O,P3 Finance,Not started
AF-FR-0506,Accounts & Finance,27. Settlement Disputes & Finance Support,Adjustment ID Text O,P3 Finance,Not started
AF-FR-0507,Accounts & Finance,27. Settlement Disputes & Finance Support,Functional Requirements Requirement ID Requirement,P3 Finance,Not started
AF-FR-0508,Accounts & Finance,27. Settlement Disputes & Finance Support,The system shall link finance disputes directly to underlying ledger/document references.,P3 Finance,Not started
AF-FR-0509,Accounts & Finance,27. Settlement Disputes & Finance Support,The system shall prevent dispute resolution from directly editing original posted entries.,P3 Finance,Not started
AF-FR-0510,Accounts & Finance,27. Settlement Disputes & Finance Support,"The system shall route approved financial correction through refund, settlement adjustment or journal workflow.",P3 Finance,Not started
AF-FR-0511,Accounts & Finance,27. Settlement Disputes & Finance Support,The system shall track SLA and communication history.,P3 Finance,Not started
AF-FR-0512,Accounts & Finance,28. Period Close & Reopening,Entity Dropdown M,P3 Finance,DB foundation in place
AF-FR-0513,Accounts & Finance,28. Period Close & Reopening,Close Stage Status M,P3 Finance,DB foundation in place
AF-FR-0514,Accounts & Finance,28. Period Close & Reopening,Unreconciled Payments Count/Currency,P3 Finance,DB foundation in place
AF-FR-0515,Accounts & Finance,28. Period Close & Reopening,Unreconciled Bank Items Count/Currency,P3 Finance,DB foundation in place
AF-FR-0516,Accounts & Finance,28. Period Close & Reopening,Pending Refunds Count/Currency M,P3 Finance,DB foundation in place
AF-FR-0517,Accounts & Finance,28. Period Close & Reopening,Pending Settlements Count/Currency M,P3 Finance,DB foundation in place
AF-FR-0518,Accounts & Finance,28. Period Close & Reopening,Unposted Journals Count M,P3 Finance,DB foundation in place
AF-FR-0519,Accounts & Finance,28. Period Close & Reopening,Tax Exceptions Count M,P3 Finance,DB foundation in place
AF-FR-0520,Accounts & Finance,28. Period Close & Reopening,Close Checklist Notes Text,P3 Finance,DB foundation in place
AF-FR-0521,Accounts & Finance,28. Period Close & Reopening,Closed By Read-only O,P3 Finance,DB foundation in place
AF-FR-0522,Accounts & Finance,28. Period Close & Reopening,Closed At Datetime O,P3 Finance,DB foundation in place
AF-FR-0523,Accounts & Finance,28. Period Close & Reopening,Reopen Reason Text O,P3 Finance,DB foundation in place
AF-FR-0524,Accounts & Finance,28. Period Close & Reopening,Functional Requirements Requirement ID Requirement,P3 Finance,DB foundation in place
AF-FR-0525,Accounts & Finance,28. Period Close & Reopening,The system shall provide a configurable pre-close checklist and block close when mandatory exceptions remain.,P3 Finance,DB foundation in place
AF-FR-0526,Accounts & Finance,28. Period Close & Reopening,The system shall prevent new postings to a closed period except authorized reopen/correction workflow.,P3 Finance,DB foundation in place
AF-FR-0527,Accounts & Finance,28. Period Close & Reopening,The system shall require elevated approval and reason to reopen a closed period.,P3 Finance,DB foundation in place
AF-FR-0528,Accounts & Finance,28. Period Close & Reopening,The system shall record close/reopen events in immutable audit logs.,P3 Finance,DB foundation in place
AF-FR-0529,Accounts & Finance,28. Period Close & Reopening,The system shall preserve period-end control totals for later comparison. Workflow Step,P3 Finance,DB foundation in place
AF-FR-0530,Accounts & Finance,28. Period Close & Reopening,"2 System evaluates reconciliation, refund, settlement, tax and journal checklist.",P3 Finance,DB foundation in place
AF-FR-0531,Accounts & Finance,28. Period Close & Reopening,3 Users resolve or formally waive permitted exceptions.,P3 Finance,DB foundation in place
AF-FR-0532,Accounts & Finance,28. Period Close & Reopening,4 Authorized checker performs Soft Close review.,P3 Finance,DB foundation in place
AF-FR-0533,Accounts & Finance,28. Period Close & Reopening,5 Finance Head performs Final Close.,P3 Finance,DB foundation in place
AF-FR-0534,Accounts & Finance,28. Period Close & Reopening,6 Any later correction requires controlled reopen or next-period adjustment per policy.,P3 Finance,DB foundation in place
AF-FR-0535,Accounts & Finance,28. Period Close & Reopening,"29. Finance Reports & Statements Provide operational, accounting, tax and reconciliation reports with drill-down and export controls. Screen Fields / Data Elements Field / Column",P3 Finance,DB foundation in place
AF-FR-0536,Accounts & Finance,29. Finance Reports & Statements,Entity Dropdown O,P3 Finance,Not started
AF-FR-0537,Accounts & Finance,29. Finance Reports & Statements,Date Range Date range M,P3 Finance,Not started
AF-FR-0538,Accounts & Finance,29. Finance Reports & Statements,Accounting Period Month/Quarter O,P3 Finance,Not started
AF-FR-0539,Accounts & Finance,29. Finance Reports & Statements,Currency Dropdown M,P3 Finance,Not started
AF-FR-0540,Accounts & Finance,29. Finance Reports & Statements,Status Filter Dropdown O,P3 Finance,Not started
AF-FR-0541,Accounts & Finance,29. Finance Reports & Statements,Vendor Filter Selector O,P3 Finance,Not started
AF-FR-0542,Accounts & Finance,29. Finance Reports & Statements,Payment Method Dropdown O,P3 Finance,Not started
AF-FR-0543,Accounts & Finance,29. Finance Reports & Statements,Tax Registration Dropdown O,P3 Finance,Not started
AF-FR-0544,Accounts & Finance,29. Finance Reports & Statements,Output Format Dropdown M,P3 Finance,Not started
AF-FR-0545,Accounts & Finance,29. Finance Reports & Statements,Generated By Read-only M,P3 Finance,Not started
AF-FR-0546,Accounts & Finance,29. Finance Reports & Statements,Generated At Datetime M,P3 Finance,Not started
AF-FR-0547,Accounts & Finance,29. Finance Reports & Statements,Functional Requirements Requirement ID Requirement,P3 Finance,Not started
AF-FR-0548,Accounts & Finance,29. Finance Reports & Statements,"The system shall provide Payment Collection, Refund, Gateway Reconciliation, Bank Reconciliation, COD Outstanding, Vendor Ledger, Vendor Settlement, Commission/Fee, Tax Invoice, Credit Note, GST/Indirect Tax, TDS/TCS, Ex",P3 Finance,Not started
AF-FR-0549,Accounts & Finance,29. Finance Reports & Statements,The system shall allow report drill-down to source transaction/document when permission permits.,P3 Finance,Not started
AF-FR-0550,Accounts & Finance,29. Finance Reports & Statements,The system shall show report data cut-off and generation timestamp.,P3 Finance,Not started
AF-FR-0551,Accounts & Finance,29. Finance Reports & Statements,"The system shall log high-volume/sensitive exports including user, filters, row count and file hash where available.",P3 Finance,Not started
AF-FR-0552,Accounts & Finance,29. Finance Reports & Statements,The system shall generate large reports asynchronously with secure expiring download links.,P3 Finance,Not started
AF-FR-0553,Accounts & Finance,29. Finance Reports & Statements,"The system shall prevent report totals from mixing currencies without explicit conversion. 30. Approval Matrix & Maker-Checker Configure finance approvals by action, amount, entity and role.",P3 Finance,Not started
AF-FR-0554,Accounts & Finance,30. Approval Matrix & Maker-Checker,Action Type Dropdown M,P0 Foundation,DB foundation in place
AF-FR-0555,Accounts & Finance,30. Approval Matrix & Maker-Checker,Entity Scope Selector M,P0 Foundation,DB foundation in place
AF-FR-0556,Accounts & Finance,30. Approval Matrix & Maker-Checker,Amount From Currency O,P0 Foundation,DB foundation in place
AF-FR-0557,Accounts & Finance,30. Approval Matrix & Maker-Checker,Amount To Currency O,P0 Foundation,DB foundation in place
AF-FR-0558,Accounts & Finance,30. Approval Matrix & Maker-Checker,Maker Role Role selector M,P0 Foundation,DB foundation in place
AF-FR-0559,Accounts & Finance,30. Approval Matrix & Maker-Checker,Checker Role Role selector M,P0 Foundation,DB foundation in place
AF-FR-0560,Accounts & Finance,30. Approval Matrix & Maker-Checker,Second Approver Role selector O,P0 Foundation,DB foundation in place
AF-FR-0561,Accounts & Finance,30. Approval Matrix & Maker-Checker,Self Approval Allowed Boolean,P0 Foundation,DB foundation in place
AF-FR-0562,Accounts & Finance,30. Approval Matrix & Maker-Checker,Effective From Date M,P0 Foundation,DB foundation in place
AF-FR-0563,Accounts & Finance,30. Approval Matrix & Maker-Checker,Status Status M,P0 Foundation,DB foundation in place
AF-FR-0564,Accounts & Finance,30. Approval Matrix & Maker-Checker,Functional Requirements Requirement ID Requirement,P0 Foundation,DB foundation in place
AF-FR-0565,Accounts & Finance,30. Approval Matrix & Maker-Checker,The system shall evaluate the applicable approval rule at submission time.,P0 Foundation,DB foundation in place
AF-FR-0566,Accounts & Finance,30. Approval Matrix & Maker-Checker,The system shall prevent approval by the same user who prepared an item when selfapproval is disallowed.,P0 Foundation,DB foundation in place
AF-FR-0567,Accounts & Finance,30. Approval Matrix & Maker-Checker,The system shall support sequential multi-level approval for configured thresholds.,P0 Foundation,DB foundation in place
AF-FR-0568,Accounts & Finance,30. Approval Matrix & Maker-Checker,"The system shall record approve, reject, return-for-correction and comment events.",P0 Foundation,DB foundation in place
AF-FR-0569,Accounts & Finance,30. Approval Matrix & Maker-Checker,"The system shall invalidate/restart approval when material financial fields change after submission. 31. Accounts Users, Roles & Permissions Provide granular finance access without exposing non-finance capabilities.",P0 Foundation,DB foundation in place
AF-FR-0570,Accounts & Finance,"31. Accounts Users, Roles & Permissions",Finance Role Dropdown M,P0 Foundation,DB foundation in place
AF-FR-0571,Accounts & Finance,"31. Accounts Users, Roles & Permissions",Entity Scope Multi-select M,P0 Foundation,DB foundation in place
AF-FR-0572,Accounts & Finance,"31. Accounts Users, Roles & Permissions",Vendor Scope Multi-select O,P0 Foundation,DB foundation in place
AF-FR-0573,Accounts & Finance,"31. Accounts Users, Roles & Permissions",View Boolean M,P0 Foundation,DB foundation in place
AF-FR-0574,Accounts & Finance,"31. Accounts Users, Roles & Permissions",Create/Prepare Boolean M,P0 Foundation,DB foundation in place
AF-FR-0575,Accounts & Finance,"31. Accounts Users, Roles & Permissions",Edit Draft Boolean M,P0 Foundation,DB foundation in place
AF-FR-0576,Accounts & Finance,"31. Accounts Users, Roles & Permissions",Approve Boolean M,P0 Foundation,DB foundation in place
AF-FR-0577,Accounts & Finance,"31. Accounts Users, Roles & Permissions",Execute Payment Boolean M,P0 Foundation,DB foundation in place
AF-FR-0578,Accounts & Finance,"31. Accounts Users, Roles & Permissions",Export Boolean M,P0 Foundation,DB foundation in place
AF-FR-0579,Accounts & Finance,"31. Accounts Users, Roles & Permissions",Configure Boolean M,P0 Foundation,DB foundation in place
AF-FR-0580,Accounts & Finance,"31. Accounts Users, Roles & Permissions",Sensitive Bank View Boolean M,P0 Foundation,DB foundation in place
AF-FR-0581,Accounts & Finance,"31. Accounts Users, Roles & Permissions",Status Status M,P0 Foundation,DB foundation in place
AF-FR-0582,Accounts & Finance,"31. Accounts Users, Roles & Permissions",Functional Requirements Requirement ID Requirement,P0 Foundation,DB foundation in place
AF-FR-0583,Accounts & Finance,"31. Accounts Users, Roles & Permissions",The system shall enforce least-privilege finance permissions at UI and API levels.,P0 Foundation,DB rule test-verified
AF-FR-0584,Accounts & Finance,"31. Accounts Users, Roles & Permissions",The system shall support read-only Auditor role without transactional mutation rights.,P0 Foundation,DB foundation in place
AF-FR-0585,Accounts & Finance,"31. Accounts Users, Roles & Permissions",The system shall support Reconciliation staff without payout execution rights.,P0 Foundation,DB foundation in place
AF-FR-0586,Accounts & Finance,"31. Accounts Users, Roles & Permissions",The system shall support Refund staff with configurable refund preparation but not approval rights.,P0 Foundation,DB rule test-verified
AF-FR-0587,Accounts & Finance,"31. Accounts Users, Roles & Permissions",The system shall support Accounts Head/Manager with higher approval/configuration privileges according to policy.,P0 Foundation,DB foundation in place
AF-FR-0588,Accounts & Finance,"31. Accounts Users, Roles & Permissions","The system shall apply entity/vendor scope to screens, search, reports and exports.",P0 Foundation,DB foundation in place
AF-FR-0589,Accounts & Finance,"31. Accounts Users, Roles & Permissions",The system shall audit role/permission changes with before/after values. 32. Audit Logs & Financial Event Trail Provide immutable auditability of all finance-sensitive actions and state changes.,P0 Foundation,DB foundation in place
AF-FR-0590,Accounts & Finance,32. Audit Logs & Financial Event Trail,Timestamp Datetime M,P0 Foundation,DB foundation in place
AF-FR-0591,Accounts & Finance,32. Audit Logs & Financial Event Trail,,P0 Foundation,DB foundation in place
AF-FR-0592,Accounts & Finance,32. Audit Logs & Financial Event Trail,Role Text M,P0 Foundation,DB foundation in place
AF-FR-0593,Accounts & Finance,32. Audit Logs & Financial Event Trail,Action Text M,P0 Foundation,DB foundation in place
AF-FR-0594,Accounts & Finance,32. Audit Logs & Financial Event Trail,Entity Type Text M,P0 Foundation,DB foundation in place
AF-FR-0595,Accounts & Finance,32. Audit Logs & Financial Event Trail,Entity ID Text M,P0 Foundation,DB foundation in place
AF-FR-0596,Accounts & Finance,32. Audit Logs & Financial Event Trail,Before Value JSON/Text O,P0 Foundation,DB foundation in place
AF-FR-0597,Accounts & Finance,32. Audit Logs & Financial Event Trail,After Value JSON/Text O,P0 Foundation,DB foundation in place
AF-FR-0598,Accounts & Finance,32. Audit Logs & Financial Event Trail,Reason Text O,P0 Foundation,DB foundation in place
AF-FR-0599,Accounts & Finance,32. Audit Logs & Financial Event Trail,IP Address Text O,P0 Foundation,DB foundation in place
AF-FR-0600,Accounts & Finance,32. Audit Logs & Financial Event Trail,Device / Session Text O,P0 Foundation,DB foundation in place
AF-FR-0601,Accounts & Finance,32. Audit Logs & Financial Event Trail,Correlation ID Text O,P0 Foundation,DB foundation in place
AF-FR-0602,Accounts & Finance,32. Audit Logs & Financial Event Trail,Functional Requirements Requirement ID Requirement,P0 Foundation,DB foundation in place
AF-FR-0603,Accounts & Finance,32. Audit Logs & Financial Event Trail,The system shall make audit logs non-editable to ordinary finance users.,P0 Foundation,DB rule test-verified
AF-FR-0604,Accounts & Finance,32. Audit Logs & Financial Event Trail,"The system shall record all approvals, rejections, manual matches, overrides, holds, exports, configuration changes and financial postings.",P0 Foundation,DB foundation in place
AF-FR-0605,Accounts & Finance,32. Audit Logs & Financial Event Trail,The system shall mask sensitive secrets in audit payloads.,P0 Foundation,DB foundation in place
AF-FR-0606,Accounts & Finance,32. Audit Logs & Financial Event Trail,The system shall support search/export of audit logs subject to elevated permission.,P0 Foundation,DB foundation in place
AF-FR-0607,Accounts & Finance,32. Audit Logs & Financial Event Trail,"The system shall retain audit records according to configured legal/operational retention. 33. Data Import / Export Controls Control bulk finance files, templates and sensitive data extraction.",P0 Foundation,DB foundation in place
AF-FR-0608,Accounts & Finance,33. Data Import / Export Controls,Template Version Text M,P4 Growth & Control,Not started
AF-FR-0609,Accounts & Finance,33. Data Import / Export Controls,File File M,P4 Growth & Control,Not started
AF-FR-0610,Accounts & Finance,33. Data Import / Export Controls,Rows Integer M,P4 Growth & Control,Not started
AF-FR-0611,Accounts & Finance,33. Data Import / Export Controls,Valid Rows Integer M,P4 Growth & Control,Not started
AF-FR-0612,Accounts & Finance,33. Data Import / Export Controls,Invalid Rows Integer M,P4 Growth & Control,Not started
AF-FR-0613,Accounts & Finance,33. Data Import / Export Controls,Import Status Status M,P4 Growth & Control,Not started
AF-FR-0614,Accounts & Finance,33. Data Import / Export Controls,Error File File O,P4 Growth & Control,Not started
AF-FR-0615,Accounts & Finance,33. Data Import / Export Controls,Export Type Dropdown O,P4 Growth & Control,Not started
AF-FR-0616,Accounts & Finance,33. Data Import / Export Controls,Export Reason Text O,P4 Growth & Control,Not started
AF-FR-0617,Accounts & Finance,33. Data Import / Export Controls,Expiry Datetime O,P4 Growth & Control,Not started
AF-FR-0618,Accounts & Finance,33. Data Import / Export Controls,Functional Requirements Requirement ID Requirement,P4 Growth & Control,Not started
AF-FR-0619,Accounts & Finance,33. Data Import / Export Controls,The system shall validate bulk files before any financial posting.,P4 Growth & Control,Not started
AF-FR-0620,Accounts & Finance,33. Data Import / Export Controls,The system shall provide row-level error messages and downloadable correction file.,P4 Growth & Control,Not started
AF-FR-0621,Accounts & Finance,33. Data Import / Export Controls,The system shall make imports idempotent using batch/file identifiers and source references.,P4 Growth & Control,Not started
AF-FR-0622,Accounts & Finance,33. Data Import / Export Controls,The system shall require approval for configured high-risk imports such as journals or settlement adjustments.,P4 Growth & Control,Not started
AF-FR-0623,Accounts & Finance,33. Data Import / Export Controls,The system shall encrypt/protect generated exports and expire download links after configured duration.,P4 Growth & Control,Not started
AF-FR-0624,Accounts & Finance,33. Data Import / Export Controls,"The system shall audit all sensitive exports and bulk imports. 34. Finance Notifications & Alerts Notify finance users of exceptions, approvals, deadlines and reconciliation issues.",P4 Growth & Control,Not started
AF-FR-0625,Accounts & Finance,34. Finance Notifications & Alerts,Severity Dropdown M,P3 Finance,Not started
AF-FR-0626,Accounts & Finance,34. Finance Notifications & Alerts,Recipient Role/User Selector M,P3 Finance,Not started
AF-FR-0627,Accounts & Finance,34. Finance Notifications & Alerts,Channel Multi-select M,P3 Finance,Not started
AF-FR-0628,Accounts & Finance,34. Finance Notifications & Alerts,Trigger Rule M,P3 Finance,Not started
AF-FR-0629,Accounts & Finance,34. Finance Notifications & Alerts,Message Template Text/Template M,P3 Finance,Not started
AF-FR-0630,Accounts & Finance,34. Finance Notifications & Alerts,Acknowledgement Required Boolean,P3 Finance,Not started
AF-FR-0631,Accounts & Finance,34. Finance Notifications & Alerts,Escalation After Duration O,P3 Finance,Not started
AF-FR-0632,Accounts & Finance,34. Finance Notifications & Alerts,Status Status M,P3 Finance,Not started
AF-FR-0633,Accounts & Finance,34. Finance Notifications & Alerts,Functional Requirements Requirement ID Requirement,P3 Finance,Not started
AF-FR-0634,Accounts & Finance,34. Finance Notifications & Alerts,"The system shall alert on failed refunds, failed payouts, unreconciled variances, overdue approvals, COD aging, bank import failure and close-blocking exceptions.",P3 Finance,Not started
AF-FR-0635,Accounts & Finance,34. Finance Notifications & Alerts,The system shall deduplicate repeated alerts for the same unresolved condition according to configured suppression rules.,P3 Finance,Not started
AF-FR-0636,Accounts & Finance,34. Finance Notifications & Alerts,The system shall escalate unacknowledged critical alerts after configured SLA.,P3 Finance,Not started
AF-FR-0637,Accounts & Finance,34. Finance Notifications & Alerts,The system shall link alerts to the underlying finance object. 35. Finance Configuration & Number Series Maintain finance-only configuration used by accounting workflows.,P3 Finance,Not started
AF-FR-0638,Accounts & Finance,35. Finance Configuration & Number Series,Accounting Period Calendar Config,P0 Foundation,DB foundation in place
AF-FR-0639,Accounts & Finance,35. Finance Configuration & Number Series,Invoice Series Text M,P0 Foundation,DB foundation in place
AF-FR-0640,Accounts & Finance,35. Finance Configuration & Number Series,Credit Note Series Text M,P0 Foundation,DB foundation in place
AF-FR-0641,Accounts & Finance,35. Finance Configuration & Number Series,Settlement Series Text M,P0 Foundation,DB foundation in place
AF-FR-0642,Accounts & Finance,35. Finance Configuration & Number Series,Journal Series Text M,P0 Foundation,DB foundation in place
AF-FR-0643,Accounts & Finance,35. Finance Configuration & Number Series,Rounding Precision Integer M,P0 Foundation,DB foundation in place
AF-FR-0644,Accounts & Finance,35. Finance Configuration & Number Series,Rounding Method Dropdown M,P0 Foundation,DB foundation in place
AF-FR-0645,Accounts & Finance,35. Finance Configuration & Number Series,Default Currency Code M,P0 Foundation,DB foundation in place
AF-FR-0646,Accounts & Finance,35. Finance Configuration & Number Series,Refund Approval Threshold Currency,P0 Foundation,DB foundation in place
AF-FR-0647,Accounts & Finance,35. Finance Configuration & Number Series,Payout Approval Currency O,P0 Foundation,DB foundation in place
AF-FR-0648,Accounts & Finance,35. Finance Configuration & Number Series,,P0 Foundation,DB foundation in place
AF-FR-0649,Accounts & Finance,35. Finance Configuration & Number Series,Threshold Close Lock Date Functional Requirements Requirement ID,P0 Foundation,DB foundation in place
AF-FR-0650,Accounts & Finance,35. Finance Configuration & Number Series,The system shall version financial configuration and store effective dates.,P0 Foundation,DB rule test-verified
AF-FR-0651,Accounts & Finance,35. Finance Configuration & Number Series,The system shall prevent a configuration change from recalculating already posted transactions unless an explicit migration is approved.,P0 Foundation,DB foundation in place
AF-FR-0652,Accounts & Finance,35. Finance Configuration & Number Series,"The system shall require elevated approval for number-series, rounding, tax and settlement configuration changes.",P0 Foundation,DB foundation in place
AF-FR-0653,Accounts & Finance,35. Finance Configuration & Number Series,"The system shall validate that number-series configuration cannot generate duplicates. 36. Financial Integrations & Webhooks Monitor and safely operate gateway, payout, bank, tax and accounting integrations.",P0 Foundation,DB foundation in place
AF-FR-0654,Accounts & Finance,36. Financial Integrations & Webhooks,Environment Status M,P4 Growth & Control,Not started
AF-FR-0655,Accounts & Finance,36. Financial Integrations & Webhooks,Connection Status Status M,P4 Growth & Control,Not started
AF-FR-0656,Accounts & Finance,36. Financial Integrations & Webhooks,Last Success Datetime O,P4 Growth & Control,Not started
AF-FR-0657,Accounts & Finance,36. Financial Integrations & Webhooks,Last Failure Datetime O,P4 Growth & Control,Not started
AF-FR-0658,Accounts & Finance,36. Financial Integrations & Webhooks,Webhook Event ID Text O,P4 Growth & Control,Not started
AF-FR-0659,Accounts & Finance,36. Financial Integrations & Webhooks,Event Type Text O,P4 Growth & Control,Not started
AF-FR-0660,Accounts & Finance,36. Financial Integrations & Webhooks,Received At Datetime O,P4 Growth & Control,Not started
AF-FR-0661,Accounts & Finance,36. Financial Integrations & Webhooks,Processing Status Status O,P4 Growth & Control,Not started
AF-FR-0662,Accounts & Finance,36. Financial Integrations & Webhooks,Retry Count Integer O,P4 Growth & Control,Not started
AF-FR-0663,Accounts & Finance,36. Financial Integrations & Webhooks,Correlation ID Text O,P4 Growth & Control,Not started
AF-FR-0664,Accounts & Finance,36. Financial Integrations & Webhooks,Functional Requirements Requirement ID Requirement,P4 Growth & Control,Not started
AF-FR-0665,Accounts & Finance,36. Financial Integrations & Webhooks,The system shall store provider credentials securely and never expose secrets after saving.,P4 Growth & Control,Not started
AF-FR-0666,Accounts & Finance,36. Financial Integrations & Webhooks,The system shall verify webhook authenticity/signature where supported.,P4 Growth & Control,Not started
AF-FR-0667,Accounts & Finance,36. Financial Integrations & Webhooks,The system shall process financial webhooks idempotently.,P4 Growth & Control,DB foundation in place
AF-FR-0668,Accounts & Finance,36. Financial Integrations & Webhooks,The system shall provide controlled replay of failed webhook events without duplicating financial postings.,P4 Growth & Control,Not started
AF-FR-0669,Accounts & Finance,36. Financial Integrations & Webhooks,The system shall alert finance/technical teams when settlement-critical integrations are degraded.,P4 Growth & Control,Not started
AF-FR-0670,Accounts & Finance,36. Financial Integrations & Webhooks,"The system shall retain sanitized request/response metadata for support and audit. 37. Data Retention, Privacy & Document Security Protect finance data and meet configured retention/privacy obligations.",P4 Growth & Control,Not started
AF-FR-0671,Accounts & Finance,"37. Data Retention, Privacy & Document Security",Retention Period Duration M,P0 Foundation,Not started
AF-FR-0672,Accounts & Finance,"37. Data Retention, Privacy & Document Security",Archive Policy Dropdown M,P0 Foundation,Not started
AF-FR-0673,Accounts & Finance,"37. Data Retention, Privacy & Document Security",Legal Hold Boolean O,P0 Foundation,Not started
AF-FR-0674,Accounts & Finance,"37. Data Retention, Privacy & Document Security",Masking Rule Config M,P0 Foundation,Not started
AF-FR-0675,Accounts & Finance,"37. Data Retention, Privacy & Document Security",Export Watermark Boolean O,P0 Foundation,Not started
AF-FR-0676,Accounts & Finance,"37. Data Retention, Privacy & Document Security",Deletion Eligibility Status M,P0 Foundation,Not started
AF-FR-0677,Accounts & Finance,"37. Data Retention, Privacy & Document Security",Functional Requirements Requirement ID Requirement,P0 Foundation,Not started
AF-FR-0678,Accounts & Finance,"37. Data Retention, Privacy & Document Security",The system shall not delete financial/tax/audit records before the configured lawful retention period.,P0 Foundation,Not started
AF-FR-0679,Accounts & Finance,"37. Data Retention, Privacy & Document Security","The system shall apply masking to bank details, tax IDs and personally identifiable information based on permission.",P0 Foundation,DB foundation in place
AF-FR-0680,Accounts & Finance,"37. Data Retention, Privacy & Document Security",The system shall support legal hold to prevent deletion/archival changes.,P0 Foundation,Not started
AF-FR-0681,Accounts & Finance,"37. Data Retention, Privacy & Document Security",The system shall secure temporary exports with expiry and access checks.,P0 Foundation,Not started
AF-FR-0682,Accounts & Finance,"37. Data Retention, Privacy & Document Security",The system shall record privacy/data-access events involving finance data. 38. Cross-Cutting Non-Functional Requirements Requirement ID,P0 Foundation,Not started
AF-FR-0683,Accounts & Finance,38. Cross-Cutting Non-Functional Requirements,All monetary calculations shall use fixed-precision decimal arithmetic; binary floating point shall not be used for posted amounts.,P0 Foundation,DB foundation in place
AF-FR-0684,Accounts & Finance,38. Cross-Cutting Non-Functional Requirements,Every posted financial transaction shall have a unique idempotency/source key to prevent duplicate accounting.,P0 Foundation,DB foundation in place
AF-FR-0685,Accounts & Finance,38. Cross-Cutting Non-Functional Requirements,All timestamps shall be stored in a canonical timezone and displayed in the configured business timezone.,P0 Foundation,DB foundation in place
AF-FR-0686,Accounts & Finance,38. Cross-Cutting Non-Functional Requirements,The portal shall support configurable fiscal year and accounting periods.,P0 Foundation,DB foundation in place
AF-FR-0687,Accounts & Finance,38. Cross-Cutting Non-Functional Requirements,"All APIs that mutate financial state shall require authentication, authorization, CSRF/request protection as applicable and server-side validation.",P0 Foundation,DB foundation in place
AF-FR-0688,Accounts & Finance,38. Cross-Cutting Non-Functional Requirements,Financial data in transit shall use TLS and sensitive data at rest shall use platform-approved encryption controls.,P0 Foundation,DB foundation in place
AF-FR-0689,Accounts & Finance,38. Cross-Cutting Non-Functional Requirements,"Secrets, tokens, full card data and bank credentials shall never be written to application logs.",P0 Foundation,DB foundation in place
AF-FR-0690,Accounts & Finance,38. Cross-Cutting Non-Functional Requirements,Sensitive actions shall require step-up authentication when configured.,P0 Foundation,DB foundation in place
AF-FR-0691,Accounts & Finance,38. Cross-Cutting Non-Functional Requirements,Critical approval and posting operations shall be atomic; partial posting must roll back or enter a recoverable exception state.,P0 Foundation,DB foundation in place
AF-FR-0692,Accounts & Finance,38. Cross-Cutting Non-Functional Requirements,Webhook and integration retries shall be idempotent and safely replayable.,P0 Foundation,DB foundation in place
AF-FR-0693,Accounts & Finance,38. Cross-Cutting Non-Functional Requirements,List screens shall support pagination and server-side filtering for production-scale datasets.,P0 Foundation,DB foundation in place
AF-FR-0694,Accounts & Finance,38. Cross-Cutting Non-Functional Requirements,Large exports and reports shall run asynchronously and expose progress/status.,P0 Foundation,DB foundation in place
AF-FR-0695,Accounts & Finance,38. Cross-Cutting Non-Functional Requirements,The system shall maintain immutable source snapshots needed to reproduce historical calculations.,P0 Foundation,DB foundation in place
AF-FR-0696,Accounts & Finance,38. Cross-Cutting Non-Functional Requirements,Financial reports shall display data cut-off timestamp and applied filters.,P0 Foundation,DB foundation in place
AF-FR-0697,Accounts & Finance,38. Cross-Cutting Non-Functional Requirements,All reversal/correction workflows shall preserve original postings and create linked counterentries.,P0 Foundation,DB foundation in place
AF-FR-0698,Accounts & Finance,38. Cross-Cutting Non-Functional Requirements,Closed accounting periods shall be protected from ordinary mutation.,P0 Foundation,DB foundation in place
AF-FR-0699,Accounts & Finance,38. Cross-Cutting Non-Functional Requirements,"Maker-checker rules shall be enforced consistently in UI, API and background jobs.",P0 Foundation,DB foundation in place
AF-FR-0700,Accounts & Finance,38. Cross-Cutting Non-Functional Requirements,Permission changes shall take effect on new requests immediately or after a controlled session refresh.,P0 Foundation,DB foundation in place
AF-FR-0701,Accounts & Finance,38. Cross-Cutting Non-Functional Requirements,Failed jobs affecting money movement shall be retried using safe retry policies and surfaced in an exception queue.,P0 Foundation,DB foundation in place
AF-FR-0702,Accounts & Finance,38. Cross-Cutting Non-Functional Requirements,"The system shall provide monitoring for failed payout, refund, reconciliation and settlement jobs.",P0 Foundation,DB foundation in place
AF-FR-0703,Accounts & Finance,38. Cross-Cutting Non-Functional Requirements,"Backups shall cover financial database, documents and configuration with tested recovery procedures.",P0 Foundation,DB foundation in place
AF-FR-0704,Accounts & Finance,38. Cross-Cutting Non-Functional Requirements,Restore procedures shall preserve referential integrity and audit history.,P0 Foundation,DB foundation in place
AF-FR-0705,Accounts & Finance,38. Cross-Cutting Non-Functional Requirements,Finance pages shall meet responsive desktop/tablet requirements; mobile may be read-only or limited by product decision.,P0 Foundation,DB foundation in place
AF-FR-0706,Accounts & Finance,38. Cross-Cutting Non-Functional Requirements,Keyboard navigation and accessible labels shall be provided for finance forms and tables.,P0 Foundation,DB foundation in place
AF-FR-0707,Accounts & Finance,38. Cross-Cutting Non-Functional Requirements,Exports shall preserve decimal precision and unambiguous date/currency formatting.,P0 Foundation,DB foundation in place
AF-FR-0708,Accounts & Finance,38. Cross-Cutting Non-Functional Requirements,"Rounding rules shall be centrally configured and consistently applied across invoice, ledger, tax and settlement calculations.",P0 Foundation,DB foundation in place
AF-FR-0709,Accounts & Finance,38. Cross-Cutting Non-Functional Requirements,"Currency conversions, if enabled, shall retain source currency, target currency, rate, rate source and timestamp.",P0 Foundation,DB foundation in place
AF-FR-0710,Accounts & Finance,38. Cross-Cutting Non-Functional Requirements,Concurrency conflicts on approvals or postings shall be detected and the user shall be shown a safe refresh/retry message.,P0 Foundation,DB foundation in place
AF-FR-0711,Accounts & Finance,38. Cross-Cutting Non-Functional Requirements,No destructive action shall silently remove posted financial history.,P0 Foundation,DB foundation in place
AF-FR-0712,Accounts & Finance,38. Cross-Cutting Non-Functional Requirements,All configuration changes that affect financial calculations shall be versioned and effectivedated.,P0 Foundation,DB foundation in place
AF-FR-0713,Accounts & Finance,38. Cross-Cutting Non-Functional Requirements,Production support users shall not directly update financial database records outside approved tools/workflows.,P0 Foundation,DB foundation in place
AF-FR-0714,Accounts & Finance,38. Cross-Cutting Non-Functional Requirements,Application errors shall expose user-safe messages while internal logs retain technical correlation IDs.,P0 Foundation,DB foundation in place
AF-FR-0715,Accounts & Finance,38. Cross-Cutting Non-Functional Requirements,The system shall support scheduled archival while keeping required financial documents retrievable within agreed SLA.,P0 Foundation,DB foundation in place
AF-FR-0716,Accounts & Finance,38. Cross-Cutting Non-Functional Requirements,The system shall provide configurable retention for reconciliation files and evidence attachments.,P0 Foundation,DB foundation in place
AF-FR-0717,Accounts & Finance,38. Cross-Cutting Non-Functional Requirements,Every financial document PDF shall be reproducible from stored document snapshot data.,P0 Foundation,DB foundation in place
AF-FR-0718,Accounts & Finance,38. Cross-Cutting Non-Functional Requirements,The system shall support integration timeout handling without assuming failure equals no transaction; reconciliation shall resolve uncertain states.,P0 Foundation,DB foundation in place
AF-FR-0719,Accounts & Finance,38. Cross-Cutting Non-Functional Requirements,"Operational dashboards shall clearly distinguish provisional, pending and final amounts.",P0 Foundation,DB foundation in place
AF-FR-0720,Accounts & Finance,38. Cross-Cutting Non-Functional Requirements,Finance calculations shall be reproducible for audit using stored rule versions.,P0 Foundation,DB foundation in place
AF-FR-0721,Accounts & Finance,38. Cross-Cutting Non-Functional Requirements,"The system shall maintain referential integrity between payment, refund, order, invoice, ledger and settlement objects.",P0 Foundation,DB foundation in place
AF-FR-0722,Accounts & Finance,38. Cross-Cutting Non-Functional Requirements,"Security logs shall detect repeated failed logins, suspicious export volume and unusual approval behavior where monitoring is enabled. 39. End-to-End UAT Scenarios Scenario",P0 Foundation,DB foundation in place
CUST-FR-001,Customer Website,"3. Global UX, Data & Status Conventions","The header shall display Shopeye logo linked to Home, primary category navigation, search, account, wishlist and cart.",P0 Foundation,Not started
CUST-FR-002,Customer Website,"3. Global UX, Data & Status Conventions",The cart icon shall display current item quantity and shall update without full-page refresh after item changes.,P0 Foundation,Not started
CUST-FR-003,Customer Website,"3. Global UX, Data & Status Conventions",The account area shall show Login/Sign Up for anonymous visitors and a customer menu for authenticated customers.,P0 Foundation,Not started
CUST-FR-004,Customer Website,"3. Global UX, Data & Status Conventions",The mobile header shall provide a compact navigation drawer while keeping Search and Cart directly accessible.,P0 Foundation,Not started
CUST-FR-005,Customer Website,"3. Global UX, Data & Status Conventions",Navigation shall preserve user context where practical when authentication is required mid-flow.,P0 Foundation,Not started
CUST-FR-006,Customer Website,"3. Global UX, Data & Status Conventions",All pages shall show consistent breadcrumb navigation except pages where it would reduce clarity (for example Login or Checkout). 3.2 Standard Customer Status Vocabulary Domain,P0 Foundation,Not started
CUST-FR-007,Customer Website,4. Customer Registration / Sign Up,The system shall prevent creation of duplicate active accounts using the same verified primary identifier unless an approved account-linking flow exists.,P1 Marketplace MVP,DB foundation in place
CUST-FR-008,Customer Website,4. Customer Registration / Sign Up,The system shall support sign up from standalone account pages and from interrupted checkout/wishlist actions.,P1 Marketplace MVP,DB foundation in place
CUST-FR-009,Customer Website,4. Customer Registration / Sign Up,The system shall preserve the shopper cart across successful signup.,P1 Marketplace MVP,DB foundation in place
CUST-FR-010,Customer Website,4. Customer Registration / Sign Up,"The system shall not require address, gender, date of birth or other nonessential profile data at initial signup.",P1 Marketplace MVP,DB foundation in place
CUST-FR-011,Customer Website,4. Customer Registration / Sign Up,The system shall log consent versions and verification timestamp.,P1 Marketplace MVP,DB foundation in place
CUST-FR-012,Customer Website,4. Customer Registration / Sign Up,"The system shall rate-limit OTP creation, resend and verification attempts.",P1 Marketplace MVP,DB foundation in place
CUST-FR-013,Customer Website,4. Customer Registration / Sign Up,The system shall provide accessible inline validation and a summary error for failed submission.,P1 Marketplace MVP,DB foundation in place
CUST-FR-014,Customer Website,4. Customer Registration / Sign Up,The system shall send a welcome communication only after account verification and according to notification preferences.,P1 Marketplace MVP,DB foundation in place
CUST-FR-015,Customer Website,4. Customer Registration / Sign Up,The system shall support configurable social identity signup while requiring acceptance of Shopeye terms and privacy notices.,P1 Marketplace MVP,DB foundation in place
CUST-FR-016,Customer Website,4. Customer Registration / Sign Up,"The system shall restore the exact intended action after signup, such as Add to Wishlist or Continue Checkout. 5. Login, Logout & Account Recovery 5.1 Login Methods Method",P1 Marketplace MVP,DB foundation in place
CUST-FR-017,Customer Website,"5. Login, Logout & Account Recovery",Login error messages shall avoid unnecessary disclosure of whether a particular account exists.,P0 Foundation,DB foundation in place
CUST-FR-018,Customer Website,"5. Login, Logout & Account Recovery","After repeated failed authentication attempts, the system shall introduce throttling and/or temporary lockout.",P0 Foundation,DB foundation in place
CUST-FR-019,Customer Website,"5. Login, Logout & Account Recovery",The customer shall be able to log out from the current session.,P0 Foundation,DB foundation in place
CUST-FR-020,Customer Website,"5. Login, Logout & Account Recovery",The customer security page shall allow logout from other active sessions/devices where supported.,P0 Foundation,DB foundation in place
CUST-FR-021,Customer Website,"5. Login, Logout & Account Recovery",Password reset tokens and OTPs shall be single-use and time-limited.,P0 Foundation,DB foundation in place
CUST-FR-022,Customer Website,"5. Login, Logout & Account Recovery",Changing password shall generate a security notification through at least one verified channel.,P0 Foundation,DB foundation in place
CUST-FR-023,Customer Website,"5. Login, Logout & Account Recovery","The website shall not expose passwords or full authentication tokens in URLs, logs or client-visible error messages.",P0 Foundation,DB foundation in place
CUST-FR-024,Customer Website,"5. Login, Logout & Account Recovery","If a customer began checkout before login, the cart and checkout context shall be retained after login. 6. Home Page 6.1 Home Page Components Component",P0 Foundation,DB foundation in place
CUST-FR-025,Customer Website,6. Home Page,Home content shall be responsive and optimized for image loading performance.,P1 Marketplace MVP,Not started
CUST-FR-026,Customer Website,6. Home Page,Promotional content shall have start/end validity and shall not show expired claims to customers.,P1 Marketplace MVP,Not started
CUST-FR-027,Customer Website,6. Home Page,Product cards shall use current price and stock data and handle out-of-stock gracefully.,P1 Marketplace MVP,Not started
CUST-FR-028,Customer Website,6. Home Page,Home page shall provide keyboard navigation and meaningful alt text for informative images.,P1 Marketplace MVP,Not started
CUST-FR-029,Customer Website,6. Home Page,Deep links shall open valid customer destinations and fail gracefully when content is unavailable. 7. Search & Autosuggest 7.1 Search Input & Suggestion Behaviour Feature,P1 Marketplace MVP,Not started
CUST-FR-030,Customer Website,7. Search & Autosuggest,"Search results shall display query, result count, applied filters, sort option and product grid/list.",P1 Marketplace MVP,Not started
CUST-FR-031,Customer Website,7. Search & Autosuggest,Search shall support pagination or infinite loading with stable URLs and browser back behaviour.,P1 Marketplace MVP,Not started
CUST-FR-032,Customer Website,7. Search & Autosuggest,Out-of-stock results may be shown but must be clearly labelled and should not outrank relevant in-stock results without explicit merchandising reason.,P1 Marketplace MVP,Not started
CUST-FR-033,Customer Website,7. Search & Autosuggest,Search shall support safe rendering of user-entered query text to prevent script injection.,P1 Marketplace MVP,Not started
CUST-FR-034,Customer Website,7. Search & Autosuggest,"Search analytics events shall record anonymized/authorized query and result interaction data according to consent configuration. 8. Category, Product Listing, Filters & Sorting 8.1 Product Card Fields",P1 Marketplace MVP,Not started
CUST-FR-035,Customer Website,"8. Category, Product Listing, Filters & Sorting",Filters shall be reflected in URL/query state so pages can be shared and restored.,P1 Marketplace MVP,Not started
CUST-FR-036,Customer Website,"8. Category, Product Listing, Filters & Sorting",Mobile filters shall open in a dedicated bottom sheet/drawer with Apply and Clear actions.,P1 Marketplace MVP,Not started
CUST-FR-037,Customer Website,"8. Category, Product Listing, Filters & Sorting",The customer shall see selected filter chips and be able to remove each filter individually.,P1 Marketplace MVP,Not started
CUST-FR-038,Customer Website,"8. Category, Product Listing, Filters & Sorting",Changing sort or filters shall maintain scroll/context where practical.,P1 Marketplace MVP,Not started
CUST-FR-039,Customer Website,"8. Category, Product Listing, Filters & Sorting",Product listing shall clearly differentiate unavailable variants/products.,P1 Marketplace MVP,Not started
CUST-FR-040,Customer Website,"8. Category, Product Listing, Filters & Sorting",Customer shall be able to compare eligible products where comparison is enabled. 9. Product Detail Page (PDP) 9.1 Required Product Information Area,P1 Marketplace MVP,Not started
CUST-FR-041,Customer Website,9. Product Detail Page (PDP),Add to Cart shall require all mandatory variant selections before adding an item.,P1 Marketplace MVP,Not started
CUST-FR-042,Customer Website,9. Product Detail Page (PDP),Buy Now shall add/select the current variant and proceed directly toward checkout while preserving existing cart according to configured behaviour.,P1 Marketplace MVP,Not started
CUST-FR-043,Customer Website,9. Product Detail Page (PDP),The customer shall be prevented from selecting a quantity higher than available or customer/order limits.,P1 Marketplace MVP,DB rule test-verified
CUST-FR-044,Customer Website,9. Product Detail Page (PDP),Price displayed at purchase action shall be recalculated server-side before order placement.,P1 Marketplace MVP,Not started
CUST-FR-045,Customer Website,9. Product Detail Page (PDP),"Changing a variant shall update price, stock, media, seller offer, SKU and delivery information as applicable.",P1 Marketplace MVP,Not started
CUST-FR-046,Customer Website,9. Product Detail Page (PDP),Serviceability checks shall use the customer-entered delivery pincode without requiring login.,P1 Marketplace MVP,Not started
CUST-FR-047,Customer Website,9. Product Detail Page (PDP),"If a selected item becomes unavailable, the page shall disable purchase and offer relevant alternatives or stock notification.",P1 Marketplace MVP,Not started
CUST-FR-048,Customer Website,9. Product Detail Page (PDP),The customer shall see return policy applicability before purchase.,P1 Marketplace MVP,Not started
CUST-FR-049,Customer Website,9. Product Detail Page (PDP),Product review summaries shall not display fabricated ratings; zero-review products shall use a neutral no-reviews state.,P1 Marketplace MVP,Not started
CUST-FR-050,Customer Website,9. Product Detail Page (PDP),"Product structured data and canonical URLs shall be supported for SEO where applicable. 10. Wishlist, Save for Later, Recently Viewed & Alerts 10.1 Wishlist Function",P1 Marketplace MVP,Not started
CUST-FR-051,Customer Website,"10. Wishlist, Save for Later, Recently Viewed & Alerts",Recently viewed products shall be clearable by the customer where stored on account/device.,P4 Growth & Control,Not started
CUST-FR-052,Customer Website,"10. Wishlist, Save for Later, Recently Viewed & Alerts",Stock alert registration shall identify product variant and communication channel.,P4 Growth & Control,Not started
CUST-FR-053,Customer Website,"10. Wishlist, Save for Later, Recently Viewed & Alerts","Price-drop alert, if offered, shall permit opt-out and shall respect notification consent.",P4 Growth & Control,Not started
CUST-FR-054,Customer Website,"10. Wishlist, Save for Later, Recently Viewed & Alerts",Moving a wishlist item to cart shall still enforce current stock/variant/price validation.,P4 Growth & Control,Not started
CUST-FR-055,Customer Website,"10. Wishlist, Save for Later, Recently Viewed & Alerts",Save for Later items shall remain separate from active cart totals. 11. Shopping Cart 11.1 Cart Item Fields Field,P4 Growth & Control,DB foundation in place
CUST-FR-056,Customer Website,11. Shopping Cart,Cart shall persist for authenticated customers across supported devices and sessions.,P1 Marketplace MVP,DB foundation in place
CUST-FR-057,Customer Website,11. Shopping Cart,Guest cart shall persist for a configurable period using secure browser storage/server cart identifiers. Page 9,P1 Marketplace MVP,DB foundation in place
CUST-FR-058,Customer Website,11. Shopping Cart,"Upon login, guest and account carts shall be merged using deterministic rules and stock validation.",P1 Marketplace MVP,DB foundation in place
CUST-FR-059,Customer Website,11. Shopping Cart,"Cart totals shall recalculate whenever quantity, address, coupon, shipping option, payment-dependent offer or product price changes.",P1 Marketplace MVP,DB foundation in place
CUST-FR-060,Customer Website,11. Shopping Cart,The system shall never rely solely on client-side totals for payment or order creation.,P1 Marketplace MVP,DB foundation in place
CUST-FR-061,Customer Website,11. Shopping Cart,"Checkout shall be blocked for items that are unavailable, invalid, non-serviceable or exceed quantity limits, with actionable messages.",P1 Marketplace MVP,DB foundation in place
CUST-FR-062,Customer Website,11. Shopping Cart,The customer shall be able to remove individual items and clear affected unavailable items.,P1 Marketplace MVP,DB foundation in place
CUST-FR-063,Customer Website,11. Shopping Cart,Cart shall show free-shipping threshold progress only when accurately applicable to the current cart. 12. Address Management & Serviceability 12.1 Address Fields Field,P1 Marketplace MVP,DB foundation in place
CUST-FR-064,Customer Website,12. Address Management & Serviceability,"Customers shall be able to add, edit, delete and select saved addresses.",P1 Marketplace MVP,DB foundation in place
CUST-FR-065,Customer Website,12. Address Management & Serviceability,Deletion shall be blocked or handled safely if an address snapshot is required for existing orders; past orders must retain the original address snapshot.,P1 Marketplace MVP,DB foundation in place
CUST-FR-066,Customer Website,12. Address Management & Serviceability,Checkout shall revalidate pincode serviceability and delivery promise after address change.,P1 Marketplace MVP,DB foundation in place
CUST-FR-067,Customer Website,12. Address Management & Serviceability,The system shall never retroactively change address information on already placed orders when the customer edits a saved address.,P1 Marketplace MVP,DB foundation in place
CUST-FR-068,Customer Website,12. Address Management & Serviceability,"If location/map pin is supported, it shall supplement rather than silently overwrite the textual address without customer confirmation. 13. Checkout 13.1 Checkout Steps",P1 Marketplace MVP,DB foundation in place
CUST-FR-069,Customer Website,13. Checkout,"Checkout shall prevent duplicate order creation when the customer double-clicks, refreshes or retries after network delay by using idempotent order/payment handling.",P1 Marketplace MVP,DB foundation in place
CUST-FR-070,Customer Website,13. Checkout,"Before order placement the server shall revalidate price, promotions, inventory, quantity limits, address serviceability, delivery option and payable total.",P1 Marketplace MVP,DB foundation in place
CUST-FR-071,Customer Website,13. Checkout,"If any value changes, the customer shall be shown the change and asked to review before continuing when the change affects payable amount or fulfilment materially.",P1 Marketplace MVP,DB foundation in place
CUST-FR-072,Customer Website,13. Checkout,The checkout shall clearly identify when items will arrive in separate packages.,P1 Marketplace MVP,DB foundation in place
CUST-FR-073,Customer Website,13. Checkout,Back navigation shall preserve checkout data where safe and revalidate time-sensitive data on return.,P1 Marketplace MVP,DB foundation in place
CUST-FR-074,Customer Website,13. Checkout,Checkout shall not expose full payment credentials to Shopeye servers where gateway tokenization/hosted fields can be used.,P1 Marketplace MVP,DB foundation in place
CUST-FR-075,Customer Website,13. Checkout,"Customer shall receive a clear success/failure/pending state even when the payment provider callback is delayed. 14. Coupons, Promotions, Gift Cards, Credits & Loyalty 14.1 Coupon Entry Field / Action",P1 Marketplace MVP,DB foundation in place
CUST-FR-076,Customer Website,"14. Coupons, Promotions, Gift Cards, Credits & Loyalty",Gift card balance shall be validated server-side before application.,P4 Growth & Control,DB foundation in place
CUST-FR-077,Customer Website,"14. Coupons, Promotions, Gift Cards, Credits & Loyalty",Partial gift card use shall preserve remaining balance.,P4 Growth & Control,DB foundation in place
CUST-FR-078,Customer Website,"14. Coupons, Promotions, Gift Cards, Credits & Loyalty",Store credits shall show expiration where applicable.,P4 Growth & Control,DB foundation in place
CUST-FR-079,Customer Website,"14. Coupons, Promotions, Gift Cards, Credits & Loyalty",Loyalty points shall display earning/redemption conversion and any caps before the customer commits.,P4 Growth & Control,DB foundation in place
CUST-FR-080,Customer Website,"14. Coupons, Promotions, Gift Cards, Credits & Loyalty",Refund destination shall follow original tender rules; customer shall be shown expected destination and amount.,P4 Growth & Control,DB foundation in place
CUST-FR-081,Customer Website,"14. Coupons, Promotions, Gift Cards, Credits & Loyalty",Promotions shall not create negative payable totals; excess credits shall remain according to product rules. 15. Payment 15.1 Supported Customer Payment Methods Method,P4 Growth & Control,DB foundation in place
CUST-FR-082,Customer Website,15. Payment,Payment confirmation from the provider/server shall be authoritative; browser redirects alone shall not be treated as proof of payment.,P1 Marketplace MVP,DB rule test-verified
CUST-FR-083,Customer Website,15. Payment,The system shall reconcile ambiguous/pending payments before allowing a duplicate charge path.,P1 Marketplace MVP,DB foundation in place
CUST-FR-084,Customer Website,15. Payment,The system shall support multiple payment attempts against one order intent while ensuring only the successful amount is captured/retained as required.,P1 Marketplace MVP,DB foundation in place
CUST-FR-085,Customer Website,15. Payment,"If payment succeeds but order confirmation is delayed, the customer shall receive a pending state and later final confirmation without being charged twice.",P1 Marketplace MVP,DB foundation in place
CUST-FR-086,Customer Website,15. Payment,"Failed payment orders, if retained, shall clearly show whether inventory is held and until when.",P1 Marketplace MVP,DB foundation in place
CUST-FR-087,Customer Website,15. Payment,Sensitive card data shall not be stored by Shopeye unless handled under an explicitly compliant architecture; prefer gateway tokenization.,P1 Marketplace MVP,DB foundation in place
CUST-FR-088,Customer Website,15. Payment,"Customer communications shall never include full card number, CVV, UPI PIN or authentication secrets. 16. Order Creation & Order Confirmation 16.1 Customer Order Structure Recommended customer model: One customer checkou",P1 Marketplace MVP,DB foundation in place
CUST-FR-089,Customer Website,16. Order Creation & Order Confirmation,Order confirmation shall be accessible by URL only to the authorized customer or secure guest order token.,P1 Marketplace MVP,DB foundation in place
CUST-FR-090,Customer Website,16. Order Creation & Order Confirmation,Refresh of success page shall not create another order.,P1 Marketplace MVP,DB foundation in place
CUST-FR-091,Customer Website,16. Order Creation & Order Confirmation,Customer shall receive order confirmation by configured channels after confirmed order creation.,P1 Marketplace MVP,DB foundation in place
CUST-FR-092,Customer Website,16. Order Creation & Order Confirmation,"If one part of a multi-vendor order cannot be confirmed, the success state shall accurately show affected items and payment/refund handling.",P1 Marketplace MVP,DB foundation in place
CUST-FR-093,Customer Website,16. Order Creation & Order Confirmation,"Order confirmation shall snapshot product title, variant, price, address and policy context required for later customer history. 17. My Orders 17.1 Order List",P1 Marketplace MVP,DB foundation in place
CUST-FR-094,Customer Website,17. My Orders,Past order data shall remain readable even if the original product is unpublished or changed.,P1 Marketplace MVP,DB foundation in place
CUST-FR-095,Customer Website,17. My Orders,Order detail shall show item-level status where different items have different outcomes. Page 14,P1 Marketplace MVP,DB foundation in place
CUST-FR-096,Customer Website,17. My Orders,Order price summary shall distinguish refunded/cancelled amounts from original charged amount.,P1 Marketplace MVP,DB foundation in place
CUST-FR-097,Customer Website,17. My Orders,Customer shall be able to access documents for the period defined by retention policy.,P1 Marketplace MVP,DB foundation in place
CUST-FR-098,Customer Website,17. My Orders,Reorder shall add currently available equivalents/variants to cart and shall never silently reuse historical price or unavailable stock. 18. Shipment & Order Tracking 18.1 Tracking Page Data,P1 Marketplace MVP,DB foundation in place
CUST-FR-099,Customer Website,18. Shipment & Order Tracking,Tracking shall support split shipments within the same order.,P2 Fulfilment & Ops,DB foundation in place
CUST-FR-100,Customer Website,18. Shipment & Order Tracking,Carrier raw status codes shall be mapped to consistent customer-friendly Shopeye statuses.,P2 Fulfilment & Ops,DB foundation in place
CUST-FR-101,Customer Website,18. Shipment & Order Tracking,Tracking page shall clearly identify stale/unavailable courier updates rather than showing misleading live status.,P2 Fulfilment & Ops,DB foundation in place
CUST-FR-102,Customer Website,18. Shipment & Order Tracking,Delivered status shall show delivery date/time and proof/recipient information only where privacy-safe and available.,P2 Fulfilment & Ops,DB foundation in place
CUST-FR-103,Customer Website,18. Shipment & Order Tracking,"Customers shall receive shipment milestone notifications according to preferences and operational importance. 19. Customer Invoice, Receipt & Credit Note This section defines only documents and information available to t",P2 Fulfilment & Ops,DB foundation in place
CUST-FR-104,Customer Website,"19. Customer Invoice, Receipt & Credit Note",Invoice PDF shall be downloadable and printable from the customer order page once available.,P3 Finance,DB foundation in place
CUST-FR-105,Customer Website,"19. Customer Invoice, Receipt & Credit Note",The invoice shall represent immutable transaction snapshots; later profile/address edits shall not alter historical invoice data.,P3 Finance,DB foundation in place
CUST-FR-106,Customer Website,"19. Customer Invoice, Receipt & Credit Note",Invoice totals shall mathematically reconcile with billed items and applicable adjustments.,P3 Finance,DB foundation in place
CUST-FR-107,Customer Website,"19. Customer Invoice, Receipt & Credit Note","Where a single checkout contains multiple suppliers, customer document grouping shall clearly state which items are covered by each invoice.",P3 Finance,DB foundation in place
CUST-FR-108,Customer Website,"19. Customer Invoice, Receipt & Credit Note",Invoice file access shall require authorization and shall use non-guessable secure document access.,P3 Finance,DB foundation in place
CUST-FR-109,Customer Website,"19. Customer Invoice, Receipt & Credit Note","A customer-entered billing GST/tax registration number, if supported, shall be validated and captured before invoice finalization according to business rules; post-invoice edits shall follow formal correction policy rath",P3 Finance,DB foundation in place
CUST-FR-110,Customer Website,20. Cancellation,Cancellation shall be item-level capable for split/multi-vendor orders.,P2 Fulfilment & Ops,DB foundation in place
CUST-FR-111,Customer Website,20. Cancellation,Coupon and promotion recalculation shall be deterministic after partial cancellation and customer refund impact shall be transparent.,P2 Fulfilment & Ops,DB rule test-verified
CUST-FR-112,Customer Website,20. Cancellation,COD orders shall not show a monetary refund unless money was previously collected.,P2 Fulfilment & Ops,DB rule test-verified
CUST-FR-113,Customer Website,20. Cancellation,Cancellation request idempotency shall prevent duplicate cancellations/refunds.,P2 Fulfilment & Ops,DB rule test-verified
CUST-FR-114,Customer Website,20. Cancellation,Customer shall receive confirmation including cancelled items and refund tracking information when applicable. 21. Returns & Exchanges 21.1 Return Eligibility Display Element,P2 Fulfilment & Ops,DB foundation in place
CUST-FR-115,Customer Website,21. Returns & Exchanges,The system shall prevent return quantity greater than the delivered non-returned quantity.,P2 Fulfilment & Ops,DB rule test-verified
CUST-FR-116,Customer Website,21. Returns & Exchanges,"The return timeline shall distinguish request, approval, pickup, receipt/quality check and refund/exchange states.",P2 Fulfilment & Ops,DB foundation in place
CUST-FR-117,Customer Website,21. Returns & Exchanges,"If return is rejected, customer shall see a reason and support/escalation path where policy permits.",P2 Fulfilment & Ops,DB foundation in place
CUST-FR-118,Customer Website,21. Returns & Exchanges,"Return evidence uploads shall show progress, retry and validation errors without losing the form.",P2 Fulfilment & Ops,DB foundation in place
CUST-FR-119,Customer Website,21. Returns & Exchanges,Return labels/instructions shall be downloadable when drop-off/self-ship return is used.,P2 Fulfilment & Ops,DB foundation in place
CUST-FR-120,Customer Website,21. Returns & Exchanges,Customer shall be able to cancel a return request only while policy/status permits.,P2 Fulfilment & Ops,DB foundation in place
CUST-FR-121,Customer Website,21. Returns & Exchanges,Partial returns shall update order financial summary without corrupting unaffected items. 22. Refunds 22.1 Refund Display Fields Field,P2 Fulfilment & Ops,DB foundation in place
CUST-FR-122,Customer Website,22. Refunds,Refund status shall be independently trackable from return/cancellation status.,P2 Fulfilment & Ops,DB foundation in place
CUST-FR-123,Customer Website,22. Refunds,Multiple partial refunds against one order shall be individually recorded and summarized.,P2 Fulfilment & Ops,DB foundation in place
CUST-FR-124,Customer Website,22. Refunds,Refund totals shall never exceed the refundable paid amount after prior refunds/adjustments.,P2 Fulfilment & Ops,DB rule test-verified
CUST-FR-125,Customer Website,22. Refunds,"If a refund fails, customer shall see actionable next steps or support path without exposing internal errors.",P2 Fulfilment & Ops,DB foundation in place
CUST-FR-126,Customer Website,22. Refunds,Customer shall receive refund initiated and completed notifications according to channel rules.,P2 Fulfilment & Ops,DB foundation in place
CUST-FR-127,Customer Website,22. Refunds,"For mixed tender payments, customer shall see how the refund is allocated across tenders according to defined refund priority. Page 18",P2 Fulfilment & Ops,DB foundation in place
CUST-FR-128,Customer Website,"23. Ratings, Reviews & Product Questions",Only eligible purchased/delivered items should receive a verified-purchase marker.,P4 Growth & Control,Not started
CUST-FR-129,Customer Website,"23. Ratings, Reviews & Product Questions",Customer shall be able to edit/delete their review according to policy.,P4 Growth & Control,Not started
CUST-FR-130,Customer Website,"23. Ratings, Reviews & Product Questions",The review UI shall display publication/moderation status where moderation is used.,P4 Growth & Control,Not started
CUST-FR-131,Customer Website,"23. Ratings, Reviews & Product Questions","Customers shall be able to mark reviews helpful if enabled, with abuse controls.",P4 Growth & Control,Not started
CUST-FR-132,Customer Website,"23. Ratings, Reviews & Product Questions",Product questions shall avoid exposing customer private contact details and shall provide report functionality where appropriate.,P4 Growth & Control,Not started
CUST-FR-133,Customer Website,"23. Ratings, Reviews & Product Questions",Average rating and counts shall update consistently after approved review changes. 24. Notifications Centre & Communication Preferences 24.1 Notification Types Category,P4 Growth & Control,Not started
CUST-FR-134,Customer Website,24. Notifications Centre & Communication Preferences,The website shall not allow opt-out from essential security or legally/operationally necessary transaction messages where such messages are required for service.,P1 Marketplace MVP,Not started
CUST-FR-135,Customer Website,24. Notifications Centre & Communication Preferences,Marketing preferences shall be separate from transactional communication settings.,P1 Marketplace MVP,Not started
CUST-FR-136,Customer Website,24. Notifications Centre & Communication Preferences,Preference changes shall show saved state and apply prospectively.,P1 Marketplace MVP,Not started
CUST-FR-137,Customer Website,24. Notifications Centre & Communication Preferences,Deep links from notifications shall enforce authorization and handle expired/deleted content gracefully. 25. Customer Support / Help Centre 25.1 Help Entry Points •,P1 Marketplace MVP,Not started
CUST-FR-138,Customer Website,25. Customer Support / Help Centre,Customer shall be able to view ticket/reference status and conversation/history where a portal is supported.,P1 Marketplace MVP,Not started
CUST-FR-139,Customer Website,25. Customer Support / Help Centre,Support forms shall prefill relevant order/payment/return identifiers when launched contextually.,P1 Marketplace MVP,Not started
CUST-FR-140,Customer Website,25. Customer Support / Help Centre,The UI shall show emergency/urgent messaging only for genuinely supported escalation categories.,P1 Marketplace MVP,Not started
CUST-FR-141,Customer Website,25. Customer Support / Help Centre,Attachments shall be scanned/validated before processing and shall not expose private storage URLs.,P1 Marketplace MVP,DB foundation in place
CUST-FR-142,Customer Website,25. Customer Support / Help Centre,Customer shall receive submission confirmation with ticket/reference ID. 26. My Account & Profile 26.1 Profile Fields Field,P1 Marketplace MVP,Not started
CUST-FR-143,Customer Website,26. My Account & Profile,Changing verified email/mobile shall require re-verification before becoming the new trusted identifier.,P1 Marketplace MVP,Not started
CUST-FR-144,Customer Website,26. My Account & Profile,Customer shall not be allowed to remove the last required verified login/recovery identifier without replacing it.,P1 Marketplace MVP,Not started
CUST-FR-145,Customer Website,26. My Account & Profile,Profile edits shall not alter historical order/invoice address or name snapshots.,P1 Marketplace MVP,Not started
CUST-FR-146,Customer Website,26. My Account & Profile,"Account closure flow shall explain consequences, require reauthentication and respect retained transaction/legal records.",P1 Marketplace MVP,Not started
CUST-FR-147,Customer Website,26. My Account & Profile,The customer shall be able to request/download or manage personal data controls where implemented by Shopeye policy and applicable law. 27. Security & Privacy Settings 27.1 Customer Security Features,P1 Marketplace MVP,Not started
CUST-FR-148,Customer Website,27. Security & Privacy Settings,Sensitive account changes shall require recent authentication or OTP re-verification.,P0 Foundation,Not started
CUST-FR-149,Customer Website,27. Security & Privacy Settings,"The website shall use secure cookies, CSRF protection, content security controls and encrypted transport.",P0 Foundation,Not started
CUST-FR-150,Customer Website,27. Security & Privacy Settings,"Customer-visible errors shall not expose stack traces, secrets, database identifiers or internal service topology. Page 21",P0 Foundation,Not started
CUST-FR-151,Customer Website,27. Security & Privacy Settings,Session expiration shall redirect to login while preserving recoverable non-sensitive context where possible.,P0 Foundation,Not started
CUST-FR-152,Customer Website,27. Security & Privacy Settings,"Personally identifiable information shown in shared contexts shall be masked when full display is unnecessary. 28. Guest Checkout & Guest Order Access Guest checkout is a configurable business decision. If enabled, the f",P0 Foundation,Not started
CUST-FR-153,Customer Website,35. Non-Functional Requirements,Key customer pages should target strong Core Web Vitals and responsive interaction under expected production load.,P0 Foundation,Not started
CUST-FR-154,Customer Website,35. Non-Functional Requirements,"Images shall use responsive sizes, modern formats where supported, lazy loading below the fold and CDN delivery.",P0 Foundation,Not started
CUST-FR-155,Customer Website,35. Non-Functional Requirements,Search and listing results shall return progressively with loading states rather than blocking the entire interface.,P0 Foundation,Not started
CUST-FR-156,Customer Website,35. Non-Functional Requirements,"Checkout/order APIs shall use timeouts, retries only where safe and idempotent transaction handling. 35.2 Availability & Resilience Requirement ID",P0 Foundation,Not started
CUST-FR-157,Customer Website,35. Non-Functional Requirements,"Customer account, cart, checkout, order history and payment status shall degrade gracefully when a downstream provider is temporarily unavailable.",P0 Foundation,Not started
CUST-FR-158,Customer Website,35. Non-Functional Requirements,"Payment, order and refund integrations shall support retry/reconciliation without duplicate financial effects.",P0 Foundation,Not started
CUST-FR-159,Customer Website,35. Non-Functional Requirements,Critical transaction events shall be durably recorded before customer success is shown. 35.3 Accessibility Requirement ID,P0 Foundation,Not started
CUST-FR-160,Customer Website,35. Non-Functional Requirements,The customer website shall target WCAG 2.2 AA-compatible interaction patterns where feasible.,P0 Foundation,Not started
CUST-FR-161,Customer Website,35. Non-Functional Requirements,All interactive controls shall be keyboard accessible with visible focus.,P0 Foundation,Not started
CUST-FR-162,Customer Website,35. Non-Functional Requirements,"Form inputs shall have labels, instructions and programmatic error association.",P0 Foundation,Not started
CUST-FR-163,Customer Website,35. Non-Functional Requirements,Images conveying information shall have meaningful alternative text; decorative images shall be marked appropriately.,P0 Foundation,Not started
CUST-FR-164,Customer Website,35. Non-Functional Requirements,Color shall not be the only method used to communicate status or error. 35.4 Responsive Design Requirement ID,P0 Foundation,Not started
CUST-FR-165,Customer Website,35. Non-Functional Requirements,"All customer flows shall support common desktop, tablet and mobile widths without horizontal overflow of primary content.",P0 Foundation,Not started
CUST-FR-166,Customer Website,35. Non-Functional Requirements,Checkout primary action and totals shall remain easily accessible on small screens without obscuring content.,P0 Foundation,Not started
CUST-FR-167,Customer Website,35. Non-Functional Requirements,Tables such as invoice summaries shall transform responsively or use controlled horizontal scrolling with readable labels. 36. Security Requirements Requirement ID,P0 Foundation,Not started
CUST-FR-168,Customer Website,36. Security Requirements,All traffic shall use HTTPS/TLS; insecure mixed content shall be prevented.,P0 Foundation,Not started
CUST-FR-169,Customer Website,36. Security Requirements,Authentication secrets and passwords shall be stored/processed using industry-standard secure methods; passwords must be one-way hashed with appropriate adaptive algorithms.,P0 Foundation,Not started
CUST-FR-170,Customer Website,36. Security Requirements,Input shall be validated server-side and output encoded to reduce injection and cross-site scripting risks. Page 25,P0 Foundation,Not started
CUST-FR-171,Customer Website,36. Security Requirements,State-changing actions shall be protected from CSRF as appropriate to authentication architecture.,P0 Foundation,Not started
CUST-FR-172,Customer Website,36. Security Requirements,"Authorization shall be checked server-side for every customer order, invoice, return, refund and profile resource.",P0 Foundation,DB foundation in place
CUST-FR-173,Customer Website,36. Security Requirements,Identifiers in URLs shall not substitute for authorization; customers must never access another customer’s data by changing an ID.,P0 Foundation,Not started
CUST-FR-174,Customer Website,36. Security Requirements,"Sensitive logs shall redact passwords, OTPs, payment secrets and unnecessary personal data.",P0 Foundation,Not started
CUST-FR-175,Customer Website,36. Security Requirements,"File uploads shall use private storage, safe filenames, content validation and malware scanning.",P0 Foundation,Not started
CUST-FR-176,Customer Website,36. Security Requirements,Payment architecture shall minimize Shopeye exposure to regulated card data by using approved provider tokenization/hosted flows.,P0 Foundation,Not started
CUST-FR-177,Customer Website,36. Security Requirements,"Rate limits shall apply to authentication, OTP, password reset, coupon abuse, review/support spam and other abusesensitive endpoints.",P0 Foundation,Not started
CUST-FR-178,Customer Website,36. Security Requirements,Account security events shall be auditable with timestamps and customer-safe notifications for material changes. 37. SEO & Discoverability Requirement ID,P0 Foundation,Not started
CUST-FR-179,Customer Website,37. SEO & Discoverability,"Public product/category/brand pages shall have unique titles, descriptions, canonical URLs and indexation controls.",P4 Growth & Control,Not started
CUST-FR-180,Customer Website,37. SEO & Discoverability,"Product pages shall support structured metadata where applicable for products, offers and reviews without marking fabricated data.",P4 Growth & Control,Not started
CUST-FR-181,Customer Website,37. SEO & Discoverability,Filter/search combinations that create duplicate/low-value URLs shall use appropriate canonical/noindex strategy.,P4 Growth & Control,Not started
CUST-FR-182,Customer Website,37. SEO & Discoverability,Product URLs shall remain stable where possible and use redirects when slugs change.,P4 Growth & Control,Not started
CUST-FR-183,Customer Website,37. SEO & Discoverability,Sitemaps shall include eligible public pages and exclude private account/checkout pages.,P4 Growth & Control,Not started
CUST-FR-184,Customer Website,37. SEO & Discoverability,"Checkout, account, orders, invoices and other private pages shall not be indexable by public search engines. 38. Customer Analytics & Event Tracking Analytics is specified only as customer-site instrumentation. Internal ",P4 Growth & Control,Not started
CUST-FR-185,Customer Website,38. Customer Analytics & Event Tracking,"Analytics shall not contain passwords, OTPs, CVV, full payment credentials or unnecessary personal data.",P2 Fulfilment & Ops,Not started
CUST-FR-186,Customer Website,38. Customer Analytics & Event Tracking,Purchase analytics shall be emitted from authoritative order confirmation logic or deduplicated so browser refresh does not double-count.,P2 Fulfilment & Ops,Not started
CUST-FR-187,Customer Website,38. Customer Analytics & Event Tracking,Consent preferences shall govern nonessential analytics/marketing tags where applicable.,P2 Fulfilment & Ops,Not started
CUST-FR-188,Customer Website,38. Customer Analytics & Event Tracking,Event schemas shall include stable anonymous/customer/session identifiers only as permitted by privacy design. Page 26,P2 Fulfilment & Ops,Not started
OPS-FR-0001,QC / Vendor Manager / Help Desk,"1. Document Purpose, Scope & Role Model","Every role shall operate within assigned permissions, business unit scope and location/vendor scope.",P0 Foundation,Not started
OPS-FR-0002,QC / Vendor Manager / Help Desk,"1. Document Purpose, Scope & Role Model","Every state-changing action shall record user ID, role, timestamp, source screen, previous value, new value and reason where applicable.",P0 Foundation,Not started
OPS-FR-0003,QC / Vendor Manager / Help Desk,"1. Document Purpose, Scope & Role Model","Sensitive customer, vendor, bank, tax and identity data shall be masked unless the user has explicit view permission.",P0 Foundation,Not started
OPS-FR-0004,QC / Vendor Manager / Help Desk,"1. Document Purpose, Scope & Role Model","No operation role shall silently override finance, stock, compliance or order truth maintained by source systems; such changes must be raised through an approved request or workflow.",P0 Foundation,Not started
OPS-FR-0005,QC / Vendor Manager / Help Desk,"1. Document Purpose, Scope & Role Model","Lists shall support search, filter, sort, pagination, export subject to permission, saved views where useful and clear empty/error/loading states.",P0 Foundation,Not started
OPS-FR-0006,QC / Vendor Manager / Help Desk,"1. Document Purpose, Scope & Role Model",All SLA timers shall use server time and configured business calendars; pauses must be traceable with reason and approver where applicable.,P0 Foundation,Not started
OPS-FR-0007,QC / Vendor Manager / Help Desk,"1. Document Purpose, Scope & Role Model","Attachments shall be virus-scanned, type/size validated and access-controlled.",P0 Foundation,Not started
OPS-FR-0008,QC / Vendor Manager / Help Desk,"1. Document Purpose, Scope & Role Model","Bulk operations shall show preview, validation errors, success/failure counts and downloadable error files.",P0 Foundation,Not started
OPS-FR-0009,QC / Vendor Manager / Help Desk,"1. Document Purpose, Scope & Role Model","Where a customer/order/vendor is opened from another module, the system shall preserve context and provide a safe backnavigation path.",P0 Foundation,Not started
OPS-FR-0010,QC / Vendor Manager / Help Desk,"1. Document Purpose, Scope & Role Model",Any denied action shall provide a clear permission message without exposing restricted data. 1.4 Shared List & Form Controls Requirement ID,P0 Foundation,Not started
OPS-FR-0011,QC / Vendor Manager / Help Desk,"1. Document Purpose, Scope & Role Model",Global Search Search input O,P0 Foundation,Not started
OPS-FR-0012,QC / Vendor Manager / Help Desk,"1. Document Purpose, Scope & Role Model",Date Range Date range O,P0 Foundation,Not started
OPS-FR-0013,QC / Vendor Manager / Help Desk,"1. Document Purpose, Scope & Role Model",Status Multi-select dropdown,P0 Foundation,Not started
OPS-FR-0014,QC / Vendor Manager / Help Desk,"1. Document Purpose, Scope & Role Model",Assigned To User dropdown,P0 Foundation,Not started
OPS-FR-0015,QC / Vendor Manager / Help Desk,"1. Document Purpose, Scope & Role Model",Priority Dropdown O,P0 Foundation,Not started
OPS-FR-0016,QC / Vendor Manager / Help Desk,"1. Document Purpose, Scope & Role Model",Tags Multiselect/chips O,P0 Foundation,Not started
OPS-FR-0017,QC / Vendor Manager / Help Desk,"1. Document Purpose, Scope & Role Model",Page Size Dropdown O,P0 Foundation,Not started
OPS-FR-0018,QC / Vendor Manager / Help Desk,"1. Document Purpose, Scope & Role Model",Export Format Dropdown O,P0 Foundation,Not started
OPS-FR-0019,QC / Vendor Manager / Help Desk,"1. Document Purpose, Scope & Role Model",Reason Dropdown + text,P0 Foundation,Not started
OPS-FR-0020,QC / Vendor Manager / Help Desk,"1. Document Purpose, Scope & Role Model",Internal Notes Textarea O,P0 Foundation,Not started
OPS-FR-0021,QC / Vendor Manager / Help Desk,"1. Document Purpose, Scope & Role Model",Search All authenticated roles Run scoped search and highlight exact identifiers where matched.,P0 Foundation,Not started
OPS-FR-0022,QC / Vendor Manager / Help Desk,"1. Document Purpose, Scope & Role Model",Reset Filters All authenticated roles Clear current filters without changing saved default views.,P0 Foundation,Not started
OPS-FR-0023,QC / Vendor Manager / Help Desk,"1. Document Purpose, Scope & Role Model",Save View Permitted users Store filter/sort/column preference with private/team visibility,P0 Foundation,Not started
OPS-FR-0024,QC / Vendor Manager / Help Desk,"1. Document Purpose, Scope & Role Model",Export Export permission Generate background export with audit log and download expiry.,P0 Foundation,Not started
OPS-FR-0025,QC / Vendor Manager / Help Desk,"1. Document Purpose, Scope & Role Model",Open Record View permission Open detail screen without exposing restricted tabs/fields.,P0 Foundation,Not started
OPS-FR-0026,QC / Vendor Manager / Help Desk,"1. Document Purpose, Scope & Role Model",Add Note Create-note permission Create timestamped internal note with author identity.,P0 Foundation,Not started
OPS-FR-0027,QC / Vendor Manager / Help Desk,"1. Document Purpose, Scope & Role Model",Attach File Attachment permission Upload validated evidence/document and link to current record.,P0 Foundation,Not started
OPS-FR-0028,QC / Vendor Manager / Help Desk,"1. Document Purpose, Scope & Role Model","Escalate Escalation permission Create linked escalation with target team, reason, priority and SLA.",P0 Foundation,Not started
OPS-FR-0029,QC / Vendor Manager / Help Desk,"1. Document Purpose, Scope & Role Model",Assign/Reassign Assignment permission Assign record to eligible user/queue and record history.,P0 Foundation,Not started
OPS-FR-0030,QC / Vendor Manager / Help Desk,"1. Document Purpose, Scope & Role Model",Refresh All authenticated roles Reload source status without duplicating side effects.,P0 Foundation,Not started
OPS-FR-0031,QC / Vendor Manager / Help Desk,"2. Authentication, Login, MFA & Session Security",Work Email / Mobile Text M,P0 Foundation,Not started
OPS-FR-0032,QC / Vendor Manager / Help Desk,"2. Authentication, Login, MFA & Session Security",Password Password M,P0 Foundation,Not started
OPS-FR-0033,QC / Vendor Manager / Help Desk,"2. Authentication, Login, MFA & Session Security",Remember Device Checkbox O,P0 Foundation,Not started
OPS-FR-0034,QC / Vendor Manager / Help Desk,"2. Authentication, Login, MFA & Session Security",CAPTCHA Challenge C,P0 Foundation,Not started
OPS-FR-0035,QC / Vendor Manager / Help Desk,"2. Authentication, Login, MFA & Session Security",OTP / Authenticator Code Numeric/Te xt,P0 Foundation,Not started
OPS-FR-0036,QC / Vendor Manager / Help Desk,"2. Authentication, Login, MFA & Session Security",Resend OTP Action timer C,P0 Foundation,Not started
OPS-FR-0037,QC / Vendor Manager / Help Desk,"2. Authentication, Login, MFA & Session Security",Trust This Device Checkbox O,P0 Foundation,Not started
OPS-FR-0038,QC / Vendor Manager / Help Desk,"2. Authentication, Login, MFA & Session Security",Recovery Method Dropdown C,P0 Foundation,Not started
OPS-FR-0039,QC / Vendor Manager / Help Desk,"2. Authentication, Login, MFA & Session Security","Login Active user Validate credentials, status, role, IP/device policy and MFA",P0 Foundation,Not started
OPS-FR-0040,QC / Vendor Manager / Help Desk,"2. Authentication, Login, MFA & Session Security",Forgot Password Registered user Start verified reset flow without revealing whether an unknown,P0 Foundation,Not started
OPS-FR-0041,QC / Vendor Manager / Help Desk,"2. Authentication, Login, MFA & Session Security",Logout Authenticated user Invalidate current session and redirect to login.,P0 Foundation,Not started
OPS-FR-0042,QC / Vendor Manager / Help Desk,"2. Authentication, Login, MFA & Session Security",Logout All Sessions Permitted authenticated user Invalidate other active sessions after re-authentication where,P0 Foundation,Not started
OPS-FR-0043,QC / Vendor Manager / Help Desk,"2. Authentication, Login, MFA & Session Security","View Active Sessions Authenticated user Show device/browser, approximate location, login time and last",P0 Foundation,Not started
OPS-FR-0044,QC / Vendor Manager / Help Desk,"2. Authentication, Login, MFA & Session Security","Accounts in suspended, terminated or locked state shall not receive an authenticated session.",P0 Foundation,Not started
OPS-FR-0045,QC / Vendor Manager / Help Desk,"2. Authentication, Login, MFA & Session Security",Repeated failed logins shall trigger configurable lockout or risk challenge.,P0 Foundation,Not started
OPS-FR-0046,QC / Vendor Manager / Help Desk,"2. Authentication, Login, MFA & Session Security",Password reset links/OTPs shall be single-use and time-bound.,P0 Foundation,Not started
OPS-FR-0047,QC / Vendor Manager / Help Desk,"2. Authentication, Login, MFA & Session Security",Idle timeout and absolute session timeout shall be configurable by security policy.,P0 Foundation,Not started
OPS-FR-0048,QC / Vendor Manager / Help Desk,"2. Authentication, Login, MFA & Session Security","High-risk actions such as permission changes, sensitive exports or irreversible decisions may require step-up authentication.",P0 Foundation,Not started
OPS-FR-0049,QC / Vendor Manager / Help Desk,"2. Authentication, Login, MFA & Session Security",The system shall record successful and failed authentication events in the security audit log.,P0 Foundation,Not started
OPS-FR-0050,QC / Vendor Manager / Help Desk,"2. Authentication, Login, MFA & Session Security",Role changes shall take effect no later than the next authenticated request or session refresh as configured. 3. QC Dashboard & Work Queue 3.1 Dashboard Filters Requirement ID,P0 Foundation,Not started
OPS-FR-0051,QC / Vendor Manager / Help Desk,3. QC Dashboard & Work Queue,QC Type Dropdown O,P2 Fulfilment & Ops,Not started
OPS-FR-0052,QC / Vendor Manager / Help Desk,3. QC Dashboard & Work Queue,Warehouse / Location Multi-select O,P2 Fulfilment & Ops,Not started
OPS-FR-0053,QC / Vendor Manager / Help Desk,3. QC Dashboard & Work Queue,Vendor Searchselect O,P2 Fulfilment & Ops,Not started
OPS-FR-0054,QC / Vendor Manager / Help Desk,3. QC Dashboard & Work Queue,Category Hierarchical select,P2 Fulfilment & Ops,Not started
OPS-FR-0055,QC / Vendor Manager / Help Desk,3. QC Dashboard & Work Queue,Inspector User select O,P2 Fulfilment & Ops,Not started
OPS-FR-0056,QC / Vendor Manager / Help Desk,3. QC Dashboard & Work Queue,Date Range Date range O,P2 Fulfilment & Ops,Not started
OPS-FR-0057,QC / Vendor Manager / Help Desk,3. QC Dashboard & Work Queue,SLA Status Dropdown O,P2 Fulfilment & Ops,Not started
OPS-FR-0058,QC / Vendor Manager / Help Desk,3. QC Dashboard & Work Queue,Pending QC KPI M,P2 Fulfilment & Ops,Not started
OPS-FR-0059,QC / Vendor Manager / Help Desk,3. QC Dashboard & Work Queue,Due Today KPI M,P2 Fulfilment & Ops,Not started
OPS-FR-0060,QC / Vendor Manager / Help Desk,3. QC Dashboard & Work Queue,SLA Breached KPI M,P2 Fulfilment & Ops,Not started
OPS-FR-0061,QC / Vendor Manager / Help Desk,3. QC Dashboard & Work Queue,Pass Rate Percentage M,P2 Fulfilment & Ops,Not started
OPS-FR-0062,QC / Vendor Manager / Help Desk,3. QC Dashboard & Work Queue,Fail Rate Percentage M,P2 Fulfilment & Ops,Not started
OPS-FR-0063,QC / Vendor Manager / Help Desk,3. QC Dashboard & Work Queue,Recheck Rate Percentage M,P2 Fulfilment & Ops,Not started
OPS-FR-0064,QC / Vendor Manager / Help Desk,3. QC Dashboard & Work Queue,Top Defects Chart M,P2 Fulfilment & Ops,Not started
OPS-FR-0065,QC / Vendor Manager / Help Desk,3. QC Dashboard & Work Queue,Vendor Quality Trend Chart M,P2 Fulfilment & Ops,Not started
OPS-FR-0066,QC / Vendor Manager / Help Desk,3. QC Dashboard & Work Queue,Inspector Productivity Table M,P2 Fulfilment & Ops,Not started
OPS-FR-0067,QC / Vendor Manager / Help Desk,3. QC Dashboard & Work Queue,Ageing Buckets Chart M,P2 Fulfilment & Ops,Not started
OPS-FR-0068,QC / Vendor Manager / Help Desk,3. QC Dashboard & Work Queue,Open Queue QC view Drill into filtered work queue from any widget.,P2 Fulfilment & Ops,Not started
OPS-FR-0069,QC / Vendor Manager / Help Desk,3. QC Dashboard & Work Queue,Claim Case QC process Assign unowned eligible case to current inspector atomically.,P2 Fulfilment & Ops,Not started
OPS-FR-0070,QC / Vendor Manager / Help Desk,3. QC Dashboard & Work Queue,Reassign Case QC manager Move case to another eligible inspector with reason and audit.,P2 Fulfilment & Ops,Not started
OPS-FR-0071,QC / Vendor Manager / Help Desk,3. QC Dashboard & Work Queue,Mark Priority QC manager Set operational priority without altering order/customer priority.,P2 Fulfilment & Ops,Not started
OPS-FR-0072,QC / Vendor Manager / Help Desk,3. QC Dashboard & Work Queue,Bulk Assign QC manager Assign multiple compatible cases with preview and partial-failure,P2 Fulfilment & Ops,Not started
OPS-FR-0073,QC / Vendor Manager / Help Desk,4. QC Case Detail & Inspection Form,QC Case ID Read-only text,P2 Fulfilment & Ops,Not started
OPS-FR-0074,QC / Vendor Manager / Help Desk,4. QC Case Detail & Inspection Form,QC Type Readonly/dropdo wn,P2 Fulfilment & Ops,Not started
OPS-FR-0075,QC / Vendor Manager / Help Desk,4. QC Case Detail & Inspection Form,Source Document Type Read-only M,P2 Fulfilment & Ops,Not started
OPS-FR-0076,QC / Vendor Manager / Help Desk,4. QC Case Detail & Inspection Form,Source Document ID Read-only link,P2 Fulfilment & Ops,Not started
OPS-FR-0077,QC / Vendor Manager / Help Desk,4. QC Case Detail & Inspection Form,SKU Readonly/search M,P2 Fulfilment & Ops,Not started
OPS-FR-0078,QC / Vendor Manager / Help Desk,4. QC Case Detail & Inspection Form,Product Name Read-only M,P2 Fulfilment & Ops,Not started
OPS-FR-0079,QC / Vendor Manager / Help Desk,4. QC Case Detail & Inspection Form,Variant Read-only O,P2 Fulfilment & Ops,Not started
OPS-FR-0080,QC / Vendor Manager / Help Desk,4. QC Case Detail & Inspection Form,Vendor Read-only link,P2 Fulfilment & Ops,Not started
OPS-FR-0081,QC / Vendor Manager / Help Desk,4. QC Case Detail & Inspection Form,Warehouse / Location Read-only C,P2 Fulfilment & Ops,Not started
OPS-FR-0082,QC / Vendor Manager / Help Desk,4. QC Case Detail & Inspection Form,Quantity Presented Number M,P2 Fulfilment & Ops,Not started
OPS-FR-0083,QC / Vendor Manager / Help Desk,4. QC Case Detail & Inspection Form,Sample Quantity Number M,P2 Fulfilment & Ops,Not started
OPS-FR-0084,QC / Vendor Manager / Help Desk,4. QC Case Detail & Inspection Form,Batch / Lot No. Text C,P2 Fulfilment & Ops,Not started
OPS-FR-0085,QC / Vendor Manager / Help Desk,4. QC Case Detail & Inspection Form,Serial / IMEI Text/List C,P2 Fulfilment & Ops,Not started
OPS-FR-0086,QC / Vendor Manager / Help Desk,4. QC Case Detail & Inspection Form,Manufacture Date Date C,P2 Fulfilment & Ops,Not started
OPS-FR-0087,QC / Vendor Manager / Help Desk,4. QC Case Detail & Inspection Form,Expiry Date Date C,P2 Fulfilment & Ops,Not started
OPS-FR-0088,QC / Vendor Manager / Help Desk,4. QC Case Detail & Inspection Form,Assigned Inspector User M,P2 Fulfilment & Ops,Not started
OPS-FR-0089,QC / Vendor Manager / Help Desk,4. QC Case Detail & Inspection Form,QC Due At Datetime M,P2 Fulfilment & Ops,Not started
OPS-FR-0090,QC / Vendor Manager / Help Desk,4. QC Case Detail & Inspection Form,Current QC Status Status M,P2 Fulfilment & Ops,Not started
OPS-FR-0091,QC / Vendor Manager / Help Desk,4. QC Case Detail & Inspection Form,Checklist Template Readonly/select M,P2 Fulfilment & Ops,Not started
OPS-FR-0092,QC / Vendor Manager / Help Desk,4. QC Case Detail & Inspection Form,Checklist Item Question M,P2 Fulfilment & Ops,Not started
OPS-FR-0093,QC / Vendor Manager / Help Desk,4. QC Case Detail & Inspection Form,Result Radio/Dropd own,P2 Fulfilment & Ops,Not started
OPS-FR-0094,QC / Vendor Manager / Help Desk,4. QC Case Detail & Inspection Form,Measured Value Number/Tex t,P2 Fulfilment & Ops,Not started
OPS-FR-0095,QC / Vendor Manager / Help Desk,4. QC Case Detail & Inspection Form,Tolerance / Specification Read-only O,P2 Fulfilment & Ops,Not started
OPS-FR-0096,QC / Vendor Manager / Help Desk,4. QC Case Detail & Inspection Form,Defect Code Dropdown C,P2 Fulfilment & Ops,Not started
OPS-FR-0097,QC / Vendor Manager / Help Desk,4. QC Case Detail & Inspection Form,Defect Severity Dropdown C,P2 Fulfilment & Ops,Not started
OPS-FR-0098,QC / Vendor Manager / Help Desk,4. QC Case Detail & Inspection Form,Defect Quantity Number C,P2 Fulfilment & Ops,Not started
OPS-FR-0099,QC / Vendor Manager / Help Desk,4. QC Case Detail & Inspection Form,Inspector Comment Textarea C,P2 Fulfilment & Ops,Not started
OPS-FR-0100,QC / Vendor Manager / Help Desk,4. QC Case Detail & Inspection Form,Evidence Required Indicator M,P2 Fulfilment & Ops,Not started
OPS-FR-0101,QC / Vendor Manager / Help Desk,4. QC Case Detail & Inspection Form,Evidence Attachment File upload C,P2 Fulfilment & Ops,Not started
OPS-FR-0102,QC / Vendor Manager / Help Desk,4. QC Case Detail & Inspection Form,Overall Result Calculated/S elect,P2 Fulfilment & Ops,Not started
OPS-FR-0103,QC / Vendor Manager / Help Desk,4. QC Case Detail & Inspection Form,Disposition Dropdown C,P2 Fulfilment & Ops,Not started
OPS-FR-0104,QC / Vendor Manager / Help Desk,4. QC Case Detail & Inspection Form,Disposition Quantity Number C,P2 Fulfilment & Ops,Not started
OPS-FR-0105,QC / Vendor Manager / Help Desk,4. QC Case Detail & Inspection Form,QC Notes Textarea O,P2 Fulfilment & Ops,Not started
OPS-FR-0106,QC / Vendor Manager / Help Desk,4. QC Case Detail & Inspection Form,Customer-visible Reason Textarea/Te mplate,P2 Fulfilment & Ops,Not started
OPS-FR-0107,QC / Vendor Manager / Help Desk,4. QC Case Detail & Inspection Form,Start Inspection QC process Locks/claims case as configured and records start time.,P2 Fulfilment & Ops,Not started
OPS-FR-0108,QC / Vendor Manager / Help Desk,4. QC Case Detail & Inspection Form,Save Draft QC process Saves incomplete checklist without final disposition.,P2 Fulfilment & Ops,Not started
OPS-FR-0109,QC / Vendor Manager / Help Desk,4. QC Case Detail & Inspection Form,Scan Barcode QC process Resolve SKU/serial/batch and prevent mismatched item inspection.,P2 Fulfilment & Ops,Not started
OPS-FR-0110,QC / Vendor Manager / Help Desk,4. QC Case Detail & Inspection Form,Capture Evidence QC process Upload/capture evidence against case or checklist item.,P2 Fulfilment & Ops,Not started
OPS-FR-0111,QC / Vendor Manager / Help Desk,4. QC Case Detail & Inspection Form,Pass QC QC process Complete all required checks and set case outcome to Passed.,P2 Fulfilment & Ops,Not started
OPS-FR-0112,QC / Vendor Manager / Help Desk,4. QC Case Detail & Inspection Form,"Fail QC QC process Require defect classification, evidence and disposition before",P2 Fulfilment & Ops,Not started
OPS-FR-0113,QC / Vendor Manager / Help Desk,4. QC Case Detail & Inspection Form,Partial Pass QC process Split accepted/rejected quantities when policy supports partial,P2 Fulfilment & Ops,Not started
OPS-FR-0114,QC / Vendor Manager / Help Desk,4. QC Case Detail & Inspection Form,Place on Hold QC process Pause downstream movement with hold reason and next owner.,P2 Fulfilment & Ops,Not started
OPS-FR-0115,QC / Vendor Manager / Help Desk,4. QC Case Detail & Inspection Form,Request Recheck QC process Create recheck step and retain first inspection results.,P2 Fulfilment & Ops,Not started
OPS-FR-0116,QC / Vendor Manager / Help Desk,4. QC Case Detail & Inspection Form,Escalate Critical Defect QC process Create urgent escalation to QC manager/vendor manager/stock,P2 Fulfilment & Ops,Not started
OPS-FR-0117,QC / Vendor Manager / Help Desk,4. QC Case Detail & Inspection Form,"Override Result QC manager + elevated permission Require reason, re-authentication if configured and immutable audit",P2 Fulfilment & Ops,Not started
OPS-FR-0118,QC / Vendor Manager / Help Desk,4. QC Case Detail & Inspection Form,"Print QC Label QC label permission Generate pass/fail/hold label with case ID, SKU, date and",P2 Fulfilment & Ops,Not started
OPS-FR-0119,QC / Vendor Manager / Help Desk,4. QC Case Detail & Inspection Form,Close Case QC complete permission Close only after required downstream handoffs are,P2 Fulfilment & Ops,Not started
OPS-FR-0120,QC / Vendor Manager / Help Desk,4. QC Case Detail & Inspection Form,A completed QC checklist shall be immutable; corrections must create an amended version or manager override record.,P2 Fulfilment & Ops,Not started
OPS-FR-0121,QC / Vendor Manager / Help Desk,4. QC Case Detail & Inspection Form,Critical defects shall automatically prevent release to sellable inventory until disposition is resolved.,P2 Fulfilment & Ops,Not started
OPS-FR-0122,QC / Vendor Manager / Help Desk,4. QC Case Detail & Inspection Form,"QC quantity accounting shall reconcile presented, passed, failed, held and uninspected quantities.",P2 Fulfilment & Ops,Not started
OPS-FR-0123,QC / Vendor Manager / Help Desk,4. QC Case Detail & Inspection Form,Serialized items shall not allow the same serial/IMEI to be inspected against conflicting open cases.,P2 Fulfilment & Ops,Not started
OPS-FR-0124,QC / Vendor Manager / Help Desk,4. QC Case Detail & Inspection Form,Batch-tracked items shall validate batch and expiry information against inbound/source data where available.,P2 Fulfilment & Ops,Not started
OPS-FR-0125,QC / Vendor Manager / Help Desk,4. QC Case Detail & Inspection Form,Recheck shall retain linkage to previous inspection and show differences between results.,P2 Fulfilment & Ops,Not started
OPS-FR-0126,QC / Vendor Manager / Help Desk,4. QC Case Detail & Inspection Form,All evidence shall be timestamped and linked to inspector/case; deletion after finalization requires elevated permission and audit.,P2 Fulfilment & Ops,Not started
OPS-FR-0127,QC / Vendor Manager / Help Desk,4. QC Case Detail & Inspection Form,QC completion shall publish the final disposition to the relevant downstream system through a traceable event. 5. Product Listing & Catalog QC 5.1 Product QC Fields Requirement ID,P2 Fulfilment & Ops,Not started
OPS-FR-0128,QC / Vendor Manager / Help Desk,5. Product Listing & Catalog QC,Product QC ID Read-only M,P2 Fulfilment & Ops,Not started
OPS-FR-0129,QC / Vendor Manager / Help Desk,5. Product Listing & Catalog QC,Product / SKU ID Read-only link,P2 Fulfilment & Ops,Not started
OPS-FR-0130,QC / Vendor Manager / Help Desk,5. Product Listing & Catalog QC,Vendor Read-only M,P2 Fulfilment & Ops,Not started
OPS-FR-0131,QC / Vendor Manager / Help Desk,5. Product Listing & Catalog QC,Category Read-only M,P2 Fulfilment & Ops,Not started
OPS-FR-0132,QC / Vendor Manager / Help Desk,5. Product Listing & Catalog QC,Product Title Read-only + compare,P2 Fulfilment & Ops,Not started
OPS-FR-0133,QC / Vendor Manager / Help Desk,5. Product Listing & Catalog QC,Description Read-only + compare,P2 Fulfilment & Ops,Not started
OPS-FR-0134,QC / Vendor Manager / Help Desk,5. Product Listing & Catalog QC,Images Gallery M,P2 Fulfilment & Ops,Not started
OPS-FR-0135,QC / Vendor Manager / Help Desk,5. Product Listing & Catalog QC,Video Preview O,P2 Fulfilment & Ops,Not started
OPS-FR-0136,QC / Vendor Manager / Help Desk,5. Product Listing & Catalog QC,Brand Read-only C,P2 Fulfilment & Ops,Not started
OPS-FR-0137,QC / Vendor Manager / Help Desk,5. Product Listing & Catalog QC,HSN/SAC Read-only C,P2 Fulfilment & Ops,Not started
OPS-FR-0138,QC / Vendor Manager / Help Desk,5. Product Listing & Catalog QC,Attributes Key-value list,P2 Fulfilment & Ops,Not started
OPS-FR-0139,QC / Vendor Manager / Help Desk,5. Product Listing & Catalog QC,Variant Matrix Table C,P2 Fulfilment & Ops,Not started
OPS-FR-0140,QC / Vendor Manager / Help Desk,5. Product Listing & Catalog QC,MRP / Selling Price Read-only M,P2 Fulfilment & Ops,Not started
OPS-FR-0141,QC / Vendor Manager / Help Desk,5. Product Listing & Catalog QC,Compliance Documents Attachments C,P2 Fulfilment & Ops,Not started
OPS-FR-0142,QC / Vendor Manager / Help Desk,5. Product Listing & Catalog QC,Policy Flags Checklist M,P2 Fulfilment & Ops,Not started
OPS-FR-0143,QC / Vendor Manager / Help Desk,5. Product Listing & Catalog QC,QC Decision Dropdown M,P2 Fulfilment & Ops,Not started
OPS-FR-0144,QC / Vendor Manager / Help Desk,5. Product Listing & Catalog QC,Correction Reasons Multi-select + text,P2 Fulfilment & Ops,Not started
OPS-FR-0145,QC / Vendor Manager / Help Desk,5. Product Listing & Catalog QC,Internal QC Note Textarea O,P2 Fulfilment & Ops,Not started
OPS-FR-0146,QC / Vendor Manager / Help Desk,5. Product Listing & Catalog QC,Approve Listing Product QC approve Mark QC passed and publish/forward according to catalog,P2 Fulfilment & Ops,Not started
OPS-FR-0147,QC / Vendor Manager / Help Desk,5. Product Listing & Catalog QC,Request Correction Product QC process Return item with structured issue list and vendor-visible comments.,P2 Fulfilment & Ops,Not started
OPS-FR-0148,QC / Vendor Manager / Help Desk,5. Product Listing & Catalog QC,Reject Listing Product QC reject Require rejection reason and prevent publication.,P2 Fulfilment & Ops,Not started
OPS-FR-0149,QC / Vendor Manager / Help Desk,5. Product Listing & Catalog QC,Escalate Policy Review Product QC escalate Send policy-sensitive case to authorized reviewer without making,P2 Fulfilment & Ops,Not started
OPS-FR-0150,QC / Vendor Manager / Help Desk,5. Product Listing & Catalog QC,Compare Revision Product QC view Show changed fields between vendor revisions.,P2 Fulfilment & Ops,Not started
OPS-FR-0151,QC / Vendor Manager / Help Desk,5. Product Listing & Catalog QC,Bulk Review QC manager Apply compatible decisions only after validation and preview;,P2 Fulfilment & Ops,Not started
OPS-FR-0152,QC / Vendor Manager / Help Desk,5. Product Listing & Catalog QC,Product QC shall use category-specific required fields and policy checklist.,P2 Fulfilment & Ops,Not started
OPS-FR-0153,QC / Vendor Manager / Help Desk,5. Product Listing & Catalog QC,Any vendor revision after QC approval that touches configured material fields shall create a new QC review requirement.,P2 Fulfilment & Ops,Not started
OPS-FR-0154,QC / Vendor Manager / Help Desk,5. Product Listing & Catalog QC,Correction-required decisions shall clearly distinguish vendor-fixable content issues from prohibited/rejected items.,P2 Fulfilment & Ops,Not started
OPS-FR-0155,QC / Vendor Manager / Help Desk,5. Product Listing & Catalog QC,QC users shall not directly change vendor product content unless a specific assisted-edit permission is granted; default behavior is review and feedback.,P2 Fulfilment & Ops,Not started
OPS-FR-0156,QC / Vendor Manager / Help Desk,5. Product Listing & Catalog QC,"Approval shall not bypass independent compliance, tax or brand verification steps when those are configured separately. 6. Inbound / Receiving QC 6.1 Inbound QC Fields Requirement ID",P2 Fulfilment & Ops,Not started
OPS-FR-0157,QC / Vendor Manager / Help Desk,6. Inbound / Receiving QC,Inbound QC ID Read-only M,P2 Fulfilment & Ops,Not started
OPS-FR-0158,QC / Vendor Manager / Help Desk,6. Inbound / Receiving QC,ASN / PO / GRN Reference Read-only link,P2 Fulfilment & Ops,Not started
OPS-FR-0159,QC / Vendor Manager / Help Desk,6. Inbound / Receiving QC,Supplier / Vendor Read-only M,P2 Fulfilment & Ops,Not started
OPS-FR-0160,QC / Vendor Manager / Help Desk,6. Inbound / Receiving QC,Warehouse Read-only M,P2 Fulfilment & Ops,Not started
OPS-FR-0161,QC / Vendor Manager / Help Desk,6. Inbound / Receiving QC,SKU Readonly/scan M,P2 Fulfilment & Ops,Not started
OPS-FR-0162,QC / Vendor Manager / Help Desk,6. Inbound / Receiving QC,Expected Qty Read-only number,P2 Fulfilment & Ops,Not started
OPS-FR-0163,QC / Vendor Manager / Help Desk,6. Inbound / Receiving QC,Received Qty Read-only number,P2 Fulfilment & Ops,Not started
OPS-FR-0164,QC / Vendor Manager / Help Desk,6. Inbound / Receiving QC,QC Sample Qty Number M,P2 Fulfilment & Ops,Not started
OPS-FR-0165,QC / Vendor Manager / Help Desk,6. Inbound / Receiving QC,Packaging Condition Dropdown M,P2 Fulfilment & Ops,Not started
OPS-FR-0166,QC / Vendor Manager / Help Desk,6. Inbound / Receiving QC,Product Condition Dropdown M,P2 Fulfilment & Ops,Not started
OPS-FR-0167,QC / Vendor Manager / Help Desk,6. Inbound / Receiving QC,Quantity Mismatch Calculated M,P2 Fulfilment & Ops,Not started
OPS-FR-0168,QC / Vendor Manager / Help Desk,6. Inbound / Receiving QC,Batch / Expiry Check Result C,P2 Fulfilment & Ops,Not started
OPS-FR-0169,QC / Vendor Manager / Help Desk,6. Inbound / Receiving QC,Serial Check Result C,P2 Fulfilment & Ops,Not started
OPS-FR-0170,QC / Vendor Manager / Help Desk,6. Inbound / Receiving QC,Authenticity / Label Check Result C,P2 Fulfilment & Ops,Not started
OPS-FR-0171,QC / Vendor Manager / Help Desk,6. Inbound / Receiving QC,QC Outcome Dropdown M,P2 Fulfilment & Ops,Not started
OPS-FR-0172,QC / Vendor Manager / Help Desk,6. Inbound / Receiving QC,Accepted Qty Number C,P2 Fulfilment & Ops,Not started
OPS-FR-0173,QC / Vendor Manager / Help Desk,6. Inbound / Receiving QC,Rejected Qty Number C,P2 Fulfilment & Ops,Not started
OPS-FR-0174,QC / Vendor Manager / Help Desk,6. Inbound / Receiving QC,Hold Qty Number C,P2 Fulfilment & Ops,Not started
OPS-FR-0175,QC / Vendor Manager / Help Desk,6. Inbound / Receiving QC,Rejection Reason Dropdown + text,P2 Fulfilment & Ops,Not started
OPS-FR-0176,QC / Vendor Manager / Help Desk,6. Inbound / Receiving QC,Evidence Attachment C,P2 Fulfilment & Ops,Not started
OPS-FR-0177,QC / Vendor Manager / Help Desk,6. Inbound / Receiving QC,"Step 1 Open or scan the expected inbound reference and validate the warehouse, vendor and SKU.",P2 Fulfilment & Ops,Not started
OPS-FR-0178,QC / Vendor Manager / Help Desk,6. Inbound / Receiving QC,Step 2 Confirm the quantity presented for QC and capture batch/serial identifiers where required.,P2 Fulfilment & Ops,Not started
OPS-FR-0179,QC / Vendor Manager / Help Desk,6. Inbound / Receiving QC,Step 3 Complete the category-specific inspection checklist and required evidence.,P2 Fulfilment & Ops,Not started
OPS-FR-0180,QC / Vendor Manager / Help Desk,6. Inbound / Receiving QC,"Step 4 Reconcile accepted, rejected and held quantities to the received quantity.",P2 Fulfilment & Ops,Not started
OPS-FR-0181,QC / Vendor Manager / Help Desk,6. Inbound / Receiving QC,Step 5 Submit the QC outcome. Accepted quantity proceeds to the configured stock/putaway state; rejected or held quantity creates the configured exception handoff.,P2 Fulfilment & Ops,Not started
OPS-FR-0182,QC / Vendor Manager / Help Desk,6. Inbound / Receiving QC,Step 6 Publish the QC result to Stock Manager and Vendor Manager views with immutable inspection evidence. 7. Customer Return & RTO QC,P2 Fulfilment & Ops,Not started
OPS-FR-0183,QC / Vendor Manager / Help Desk,7. Customer Return & RTO QC,Return / RTO QC ID Read-only M,P2 Fulfilment & Ops,Not started
OPS-FR-0184,QC / Vendor Manager / Help Desk,7. Customer Return & RTO QC,Return ID / Shipment ID Read-only link,P2 Fulfilment & Ops,Not started
OPS-FR-0185,QC / Vendor Manager / Help Desk,7. Customer Return & RTO QC,Order ID Read-only link,P2 Fulfilment & Ops,Not started
OPS-FR-0186,QC / Vendor Manager / Help Desk,7. Customer Return & RTO QC,Customer Return Reason Read-only C,P2 Fulfilment & Ops,Not started
OPS-FR-0187,QC / Vendor Manager / Help Desk,7. Customer Return & RTO QC,Original SKU / Variant Read-only M,P2 Fulfilment & Ops,Not started
OPS-FR-0188,QC / Vendor Manager / Help Desk,7. Customer Return & RTO QC,Received SKU / Variant Scan + compare,P2 Fulfilment & Ops,Not started
OPS-FR-0189,QC / Vendor Manager / Help Desk,7. Customer Return & RTO QC,Serial / IMEI Expected Read-only C,P2 Fulfilment & Ops,Not started
OPS-FR-0190,QC / Vendor Manager / Help Desk,7. Customer Return & RTO QC,Serial / IMEI Received Scan/Text C,P2 Fulfilment & Ops,Not started
OPS-FR-0191,QC / Vendor Manager / Help Desk,7. Customer Return & RTO QC,Accessories Expected Checklist O,P2 Fulfilment & Ops,Not started
OPS-FR-0192,QC / Vendor Manager / Help Desk,7. Customer Return & RTO QC,Accessories Received Checklist O,P2 Fulfilment & Ops,Not started
OPS-FR-0193,QC / Vendor Manager / Help Desk,7. Customer Return & RTO QC,Packaging Condition Dropdown M,P2 Fulfilment & Ops,Not started
OPS-FR-0194,QC / Vendor Manager / Help Desk,7. Customer Return & RTO QC,Item Condition Dropdown M,P2 Fulfilment & Ops,Not started
OPS-FR-0195,QC / Vendor Manager / Help Desk,7. Customer Return & RTO QC,Functional Test Checklist/Re sult,P2 Fulfilment & Ops,Not started
OPS-FR-0196,QC / Vendor Manager / Help Desk,7. Customer Return & RTO QC,Return Reason Confirmed Yes/No/Part ial,P2 Fulfilment & Ops,Not started
OPS-FR-0197,QC / Vendor Manager / Help Desk,7. Customer Return & RTO QC,Customer Damage Suspected Yes/No,P2 Fulfilment & Ops,Not started
OPS-FR-0198,QC / Vendor Manager / Help Desk,7. Customer Return & RTO QC,Fraud / Mismatch Flag Yes/No O,P2 Fulfilment & Ops,Not started
OPS-FR-0199,QC / Vendor Manager / Help Desk,7. Customer Return & RTO QC,QC Disposition Dropdown M,P2 Fulfilment & Ops,Not started
OPS-FR-0200,QC / Vendor Manager / Help Desk,7. Customer Return & RTO QC,Refund Recommendation Dropdown O,P2 Fulfilment & Ops,Not started
OPS-FR-0201,QC / Vendor Manager / Help Desk,7. Customer Return & RTO QC,Deduction Basis Structured fields,P2 Fulfilment & Ops,Not started
OPS-FR-0202,QC / Vendor Manager / Help Desk,7. Customer Return & RTO QC,Evidence Attachments C,P2 Fulfilment & Ops,Not started
OPS-FR-0203,QC / Vendor Manager / Help Desk,7. Customer Return & RTO QC,QC Notes Textarea O,P2 Fulfilment & Ops,Not started
OPS-FR-0204,QC / Vendor Manager / Help Desk,7. Customer Return & RTO QC,Receive for QC QC process Acknowledge physical receipt and start reverse QC timer.,P2 Fulfilment & Ops,Not started
OPS-FR-0205,QC / Vendor Manager / Help Desk,7. Customer Return & RTO QC,Confirm Match QC process Confirm returned product/serial matches order.,P2 Fulfilment & Ops,Not started
OPS-FR-0206,QC / Vendor Manager / Help Desk,7. Customer Return & RTO QC,Flag Mismatch QC process Prevent normal restock/refund routing and create escalation.,P2 Fulfilment & Ops,Not started
OPS-FR-0207,QC / Vendor Manager / Help Desk,7. Customer Return & RTO QC,Recommend Full Refund QC process Send recommendation and evidence to refund workflow.,P2 Fulfilment & Ops,Not started
OPS-FR-0208,QC / Vendor Manager / Help Desk,7. Customer Return & RTO QC,Recommend Partial Refund QC process Require deduction basis and evidence; send for authorized decision.,P2 Fulfilment & Ops,Not started
OPS-FR-0209,QC / Vendor Manager / Help Desk,7. Customer Return & RTO QC,Recommend Reject QC process Require structured reason and evidence; send for authorized,P2 Fulfilment & Ops,Not started
OPS-FR-0210,QC / Vendor Manager / Help Desk,7. Customer Return & RTO QC,Send to Refurbishment QC process Create downstream disposition handoff where available.,P2 Fulfilment & Ops,Not started
OPS-FR-0211,QC / Vendor Manager / Help Desk,7. Customer Return & RTO QC,Return to Vendor QC process Create vendor-return disposition with quantity and evidence.,P2 Fulfilment & Ops,Not started
OPS-FR-0212,QC / Vendor Manager / Help Desk,7. Customer Return & RTO QC,Restock QC process Release only if item condition and policy permit.,P2 Fulfilment & Ops,Not started
OPS-FR-0213,QC / Vendor Manager / Help Desk,7. Customer Return & RTO QC,Escalate Fraud / Dispute QC process Create linked escalation to authorized risk/help desk/vendor,P2 Fulfilment & Ops,Not started
OPS-FR-0214,QC / Vendor Manager / Help Desk,7. Customer Return & RTO QC,QC recommendation shall be distinct from final customer refund authorization unless explicit policy grants that authority.,P2 Fulfilment & Ops,Not started
OPS-FR-0215,QC / Vendor Manager / Help Desk,7. Customer Return & RTO QC,Adverse recommendations affecting a customer shall require objective reason codes and sufficient evidence.,P2 Fulfilment & Ops,Not started
OPS-FR-0216,QC / Vendor Manager / Help Desk,7. Customer Return & RTO QC,"For serialized products, serial/IMEI mismatch shall block direct sellable restock and normal auto-refund path.",P2 Fulfilment & Ops,Not started
OPS-FR-0217,QC / Vendor Manager / Help Desk,7. Customer Return & RTO QC,"Restock disposition shall validate product condition, packaging requirements, shelf life and configured category rules.",P2 Fulfilment & Ops,Not started
OPS-FR-0218,QC / Vendor Manager / Help Desk,7. Customer Return & RTO QC,QC shall preserve the original return reason and separately record inspector findings; it shall not overwrite customer-provided statements.,P2 Fulfilment & Ops,Not started
OPS-FR-0219,QC / Vendor Manager / Help Desk,7. Customer Return & RTO QC,"RTO items shall be inspected for transit damage, tampering and completeness before restock or vendor-return disposition. 8. QC Defect Taxonomy, Evidence, Recheck & Escalation 8.1 Defect Taxonomy Fields Requirement ID",P2 Fulfilment & Ops,Not started
OPS-FR-0220,QC / Vendor Manager / Help Desk,"8. QC Defect Taxonomy, Evidence, Recheck & Escalation",Defect Code Code M,P3 Finance,Not started
OPS-FR-0221,QC / Vendor Manager / Help Desk,"8. QC Defect Taxonomy, Evidence, Recheck & Escalation",Defect Name Text M,P3 Finance,Not started
OPS-FR-0222,QC / Vendor Manager / Help Desk,"8. QC Defect Taxonomy, Evidence, Recheck & Escalation",Defect Group Dropdown M,P3 Finance,Not started
OPS-FR-0223,QC / Vendor Manager / Help Desk,"8. QC Defect Taxonomy, Evidence, Recheck & Escalation",Severity Dropdown M,P3 Finance,Not started
OPS-FR-0224,QC / Vendor Manager / Help Desk,"8. QC Defect Taxonomy, Evidence, Recheck & Escalation",Applicable QC Types Multi-select M,P3 Finance,Not started
OPS-FR-0225,QC / Vendor Manager / Help Desk,"8. QC Defect Taxonomy, Evidence, Recheck & Escalation",Evidence Requirement Rule M,P3 Finance,Not started
OPS-FR-0226,QC / Vendor Manager / Help Desk,"8. QC Defect Taxonomy, Evidence, Recheck & Escalation",Default Disposition Dropdown O,P3 Finance,Not started
OPS-FR-0227,QC / Vendor Manager / Help Desk,"8. QC Defect Taxonomy, Evidence, Recheck & Escalation",Vendor-visible Description Text O,P3 Finance,Not started
OPS-FR-0228,QC / Vendor Manager / Help Desk,"8. QC Defect Taxonomy, Evidence, Recheck & Escalation",Customer-visible Description Text,P3 Finance,Not started
OPS-FR-0229,QC / Vendor Manager / Help Desk,"8. QC Defect Taxonomy, Evidence, Recheck & Escalation",Request Second Inspection QC process Create linked recheck assigned to a different inspector if segregation,P3 Finance,Not started
OPS-FR-0230,QC / Vendor Manager / Help Desk,"8. QC Defect Taxonomy, Evidence, Recheck & Escalation","Manager Review QC manager Review original checklist, evidence and inspector result before",P3 Finance,Not started
OPS-FR-0231,QC / Vendor Manager / Help Desk,"8. QC Defect Taxonomy, Evidence, Recheck & Escalation",Escalate Vendor Quality Issue QC manager,P3 Finance,Not started
OPS-FR-0232,QC / Vendor Manager / Help Desk,"8. QC Defect Taxonomy, Evidence, Recheck & Escalation",Escalate Stock Hold QC process Request/trigger hold of affected stock according to Stock Manager,P3 Finance,Not started
OPS-FR-0233,QC / Vendor Manager / Help Desk,"8. QC Defect Taxonomy, Evidence, Recheck & Escalation",Escalate Customer Dispute QC process Send QC evidence and recommendation to Help Desk case.,P3 Finance,Not started
OPS-FR-0234,QC / Vendor Manager / Help Desk,"8. QC Defect Taxonomy, Evidence, Recheck & Escalation",Create Corrective Action Request QC manager,P3 Finance,Not started
OPS-FR-0235,QC / Vendor Manager / Help Desk,"8. QC Defect Taxonomy, Evidence, Recheck & Escalation",Close Escalation QC manager Close only after required resolution details and linked tasks are,P3 Finance,Not started
OPS-FR-0236,QC / Vendor Manager / Help Desk,"9. QC Reports, Analytics & Audit",Inspection Count Metric M,P0 Foundation,Not started
OPS-FR-0237,QC / Vendor Manager / Help Desk,"9. QC Reports, Analytics & Audit",Pass % Metric M,P0 Foundation,Not started
OPS-FR-0238,QC / Vendor Manager / Help Desk,"9. QC Reports, Analytics & Audit",Fail % Metric M,P0 Foundation,Not started
OPS-FR-0239,QC / Vendor Manager / Help Desk,"9. QC Reports, Analytics & Audit",Average QC TAT Duration M,P0 Foundation,Not started
OPS-FR-0240,QC / Vendor Manager / Help Desk,"9. QC Reports, Analytics & Audit",SLA Breach % Metric M,P0 Foundation,Not started
OPS-FR-0241,QC / Vendor Manager / Help Desk,"9. QC Reports, Analytics & Audit",Defect PPM / Rate Metric O,P0 Foundation,Not started
OPS-FR-0242,QC / Vendor Manager / Help Desk,"9. QC Reports, Analytics & Audit",Recheck % Metric M,P0 Foundation,Not started
OPS-FR-0243,QC / Vendor Manager / Help Desk,"9. QC Reports, Analytics & Audit",Override % Metric M,P0 Foundation,Not started
OPS-FR-0244,QC / Vendor Manager / Help Desk,"9. QC Reports, Analytics & Audit",Vendor Defect Trend Chart/Table M,P0 Foundation,Not started
OPS-FR-0245,QC / Vendor Manager / Help Desk,"9. QC Reports, Analytics & Audit",SKU Defect Trend Chart/Table M,P0 Foundation,Not started
OPS-FR-0246,QC / Vendor Manager / Help Desk,"9. QC Reports, Analytics & Audit",Inspector Performance Table C,P0 Foundation,Not started
OPS-FR-0247,QC / Vendor Manager / Help Desk,"9. QC Reports, Analytics & Audit",Disposition Summary Table M,P0 Foundation,Not started
OPS-FR-0248,QC / Vendor Manager / Help Desk,"9. QC Reports, Analytics & Audit",Export QC Report QC report export Generate scoped report with applied filters and audit event.,P0 Foundation,Not started
OPS-FR-0249,QC / Vendor Manager / Help Desk,"9. QC Reports, Analytics & Audit",Open Case from Metric QC view Drill down to supporting QC records.,P0 Foundation,Not started
OPS-FR-0250,QC / Vendor Manager / Help Desk,"9. QC Reports, Analytics & Audit",Schedule Report QC manager Schedule recurring delivery to permitted internal recipients.,P0 Foundation,Not started
OPS-FR-0251,QC / Vendor Manager / Help Desk,"9. QC Reports, Analytics & Audit",Create Quality Alert QC manager Create operational alert for defined vendor/SKU/category issue,P0 Foundation,Not started
OPS-FR-0252,QC / Vendor Manager / Help Desk,10. Vendor Manager Dashboard & Portfolio,Portfolio Owner User select O,P4 Growth & Control,Not started
OPS-FR-0253,QC / Vendor Manager / Help Desk,10. Vendor Manager Dashboard & Portfolio,Vendor Status Multi-select O,P4 Growth & Control,Not started
OPS-FR-0254,QC / Vendor Manager / Help Desk,10. Vendor Manager Dashboard & Portfolio,Vendor Tier Multi-select O,P4 Growth & Control,Not started
OPS-FR-0255,QC / Vendor Manager / Help Desk,10. Vendor Manager Dashboard & Portfolio,Category Multi-select O,P4 Growth & Control,Not started
OPS-FR-0256,QC / Vendor Manager / Help Desk,10. Vendor Manager Dashboard & Portfolio,Region Multi-select O,P4 Growth & Control,Not started
OPS-FR-0257,QC / Vendor Manager / Help Desk,10. Vendor Manager Dashboard & Portfolio,Performance Band Multi-select O,P4 Growth & Control,Not started
OPS-FR-0258,QC / Vendor Manager / Help Desk,10. Vendor Manager Dashboard & Portfolio,Risk Flag Multi-select O,P4 Growth & Control,Not started
OPS-FR-0259,QC / Vendor Manager / Help Desk,10. Vendor Manager Dashboard & Portfolio,Date Range Date range O,P4 Growth & Control,Not started
OPS-FR-0260,QC / Vendor Manager / Help Desk,10. Vendor Manager Dashboard & Portfolio,Assigned Vendors KPI M,P4 Growth & Control,Not started
OPS-FR-0261,QC / Vendor Manager / Help Desk,10. Vendor Manager Dashboard & Portfolio,Onboarding Pending KPI M,P4 Growth & Control,Not started
OPS-FR-0262,QC / Vendor Manager / Help Desk,10. Vendor Manager Dashboard & Portfolio,KYC Follow-up Due KPI M,P4 Growth & Control,Not started
OPS-FR-0263,QC / Vendor Manager / Help Desk,10. Vendor Manager Dashboard & Portfolio,At-Risk Vendors KPI M,P4 Growth & Control,Not started
OPS-FR-0264,QC / Vendor Manager / Help Desk,10. Vendor Manager Dashboard & Portfolio,Open Vendor Escalations KPI M,P4 Growth & Control,Not started
OPS-FR-0265,QC / Vendor Manager / Help Desk,10. Vendor Manager Dashboard & Portfolio,Order SLA Breaches KPI M,P4 Growth & Control,Not started
OPS-FR-0266,QC / Vendor Manager / Help Desk,10. Vendor Manager Dashboard & Portfolio,Return Rate KPI M,P4 Growth & Control,Not started
OPS-FR-0267,QC / Vendor Manager / Help Desk,10. Vendor Manager Dashboard & Portfolio,Cancellation Rate KPI M,P4 Growth & Control,Not started
OPS-FR-0268,QC / Vendor Manager / Help Desk,10. Vendor Manager Dashboard & Portfolio,QC Fail Rate KPI M,P4 Growth & Control,Not started
OPS-FR-0269,QC / Vendor Manager / Help Desk,10. Vendor Manager Dashboard & Portfolio,Vendor CSAT / Support Trend KPI/Chart,P4 Growth & Control,Not started
OPS-FR-0270,QC / Vendor Manager / Help Desk,10. Vendor Manager Dashboard & Portfolio,Pending Commercial Requests KPI,P4 Growth & Control,Not started
OPS-FR-0271,QC / Vendor Manager / Help Desk,10. Vendor Manager Dashboard & Portfolio,Follow-ups Due Today KPI M,P4 Growth & Control,Not started
OPS-FR-0272,QC / Vendor Manager / Help Desk,"11. Vendor Directory, Vendor 360 & Relationship Ownership",Vendor ID Read-only link,P1 Marketplace MVP,Not started
OPS-FR-0273,QC / Vendor Manager / Help Desk,"11. Vendor Directory, Vendor 360 & Relationship Ownership",Business / Store Name Read-only M,P1 Marketplace MVP,Not started
OPS-FR-0274,QC / Vendor Manager / Help Desk,"11. Vendor Directory, Vendor 360 & Relationship Ownership",Legal Entity Name Read-only M,P1 Marketplace MVP,Not started
OPS-FR-0275,QC / Vendor Manager / Help Desk,"11. Vendor Directory, Vendor 360 & Relationship Ownership",Primary Contact Read-only masked,P1 Marketplace MVP,Not started
OPS-FR-0276,QC / Vendor Manager / Help Desk,"11. Vendor Directory, Vendor 360 & Relationship Ownership",Vendor Status Status M,P1 Marketplace MVP,Not started
OPS-FR-0277,QC / Vendor Manager / Help Desk,"11. Vendor Directory, Vendor 360 & Relationship Ownership",Onboarding Stage Status M,P1 Marketplace MVP,Not started
OPS-FR-0278,QC / Vendor Manager / Help Desk,"11. Vendor Directory, Vendor 360 & Relationship Ownership",KYC Status Status M,P1 Marketplace MVP,Not started
OPS-FR-0279,QC / Vendor Manager / Help Desk,"11. Vendor Directory, Vendor 360 & Relationship Ownership",GSTIN / Tax ID Read-only masked,P1 Marketplace MVP,Not started
OPS-FR-0280,QC / Vendor Manager / Help Desk,"11. Vendor Directory, Vendor 360 & Relationship Ownership",Categories Multi-value M,P1 Marketplace MVP,Not started
OPS-FR-0281,QC / Vendor Manager / Help Desk,"11. Vendor Directory, Vendor 360 & Relationship Ownership",Vendor Tier Read-only O,P1 Marketplace MVP,Not started
OPS-FR-0282,QC / Vendor Manager / Help Desk,"11. Vendor Directory, Vendor 360 & Relationship Ownership",Assigned Vendor Manager User M,P1 Marketplace MVP,Not started
OPS-FR-0283,QC / Vendor Manager / Help Desk,"11. Vendor Directory, Vendor 360 & Relationship Ownership",Performance Score Numeric O,P1 Marketplace MVP,Not started
OPS-FR-0284,QC / Vendor Manager / Help Desk,"11. Vendor Directory, Vendor 360 & Relationship Ownership",Risk Level Status O,P1 Marketplace MVP,Not started
OPS-FR-0285,QC / Vendor Manager / Help Desk,"11. Vendor Directory, Vendor 360 & Relationship Ownership",Open Tickets Count M,P1 Marketplace MVP,Not started
OPS-FR-0286,QC / Vendor Manager / Help Desk,"11. Vendor Directory, Vendor 360 & Relationship Ownership",Open Escalations Count M,P1 Marketplace MVP,Not started
OPS-FR-0287,QC / Vendor Manager / Help Desk,"11. Vendor Directory, Vendor 360 & Relationship Ownership",Last Contacted At Datetime O,P1 Marketplace MVP,Not started
OPS-FR-0288,QC / Vendor Manager / Help Desk,"11. Vendor Directory, Vendor 360 & Relationship Ownership",Next Follow-up Datetime O,P1 Marketplace MVP,Not started
OPS-FR-0289,QC / Vendor Manager / Help Desk,"11. Vendor Directory, Vendor 360 & Relationship Ownership",Created At Datetime M,P1 Marketplace MVP,Not started
OPS-FR-0290,QC / Vendor Manager / Help Desk,"11. Vendor Directory, Vendor 360 & Relationship Ownership",Overview Tab M,P1 Marketplace MVP,Not started
OPS-FR-0291,QC / Vendor Manager / Help Desk,"11. Vendor Directory, Vendor 360 & Relationship Ownership",Onboarding & KYC Tab M,P1 Marketplace MVP,Not started
OPS-FR-0292,QC / Vendor Manager / Help Desk,"11. Vendor Directory, Vendor 360 & Relationship Ownership",Catalog & QC Tab M,P1 Marketplace MVP,Not started
OPS-FR-0293,QC / Vendor Manager / Help Desk,"11. Vendor Directory, Vendor 360 & Relationship Ownership",Orders & Fulfilment Tab M,P1 Marketplace MVP,Not started
OPS-FR-0294,QC / Vendor Manager / Help Desk,"11. Vendor Directory, Vendor 360 & Relationship Ownership",Returns & Quality Tab M,P1 Marketplace MVP,Not started
OPS-FR-0295,QC / Vendor Manager / Help Desk,"11. Vendor Directory, Vendor 360 & Relationship Ownership",Finance Summary Tab C,P1 Marketplace MVP,Not started
OPS-FR-0296,QC / Vendor Manager / Help Desk,"11. Vendor Directory, Vendor 360 & Relationship Ownership",Support & Disputes Tab M,P1 Marketplace MVP,Not started
OPS-FR-0297,QC / Vendor Manager / Help Desk,"11. Vendor Directory, Vendor 360 & Relationship Ownership",Tasks & Follow-ups Tab M,P1 Marketplace MVP,Not started
OPS-FR-0298,QC / Vendor Manager / Help Desk,"11. Vendor Directory, Vendor 360 & Relationship Ownership",Communications Tab M,P1 Marketplace MVP,Not started
OPS-FR-0299,QC / Vendor Manager / Help Desk,"11. Vendor Directory, Vendor 360 & Relationship Ownership",Documents Tab M,P1 Marketplace MVP,Not started
OPS-FR-0300,QC / Vendor Manager / Help Desk,"11. Vendor Directory, Vendor 360 & Relationship Ownership",Audit / Timeline Tab M,P1 Marketplace MVP,Not started
OPS-FR-0301,QC / Vendor Manager / Help Desk,"11. Vendor Directory, Vendor 360 & Relationship Ownership",Assign Vendor Manager VM manager Assign/reassign portfolio owner with effective date and reason.,P1 Marketplace MVP,Not started
OPS-FR-0302,QC / Vendor Manager / Help Desk,"11. Vendor Directory, Vendor 360 & Relationship Ownership",Add Vendor Note VM user Add internal timestamped relationship note.,P1 Marketplace MVP,Not started
OPS-FR-0303,QC / Vendor Manager / Help Desk,"11. Vendor Directory, Vendor 360 & Relationship Ownership","Create Follow-up VM user Create task with due date, priority, channel and purpose.",P1 Marketplace MVP,Not started
OPS-FR-0304,QC / Vendor Manager / Help Desk,"11. Vendor Directory, Vendor 360 & Relationship Ownership",Start Communication VM user Initiate approved communication channel and log interaction.,P1 Marketplace MVP,Not started
OPS-FR-0305,QC / Vendor Manager / Help Desk,"11. Vendor Directory, Vendor 360 & Relationship Ownership",Create Escalation VM user Create linked issue to responsible team.,P1 Marketplace MVP,Not started
OPS-FR-0306,QC / Vendor Manager / Help Desk,"11. Vendor Directory, Vendor 360 & Relationship Ownership",Request Status Change VM authorized Create approval request for activation/suspension/offboarding; do,P1 Marketplace MVP,Not started
OPS-FR-0307,QC / Vendor Manager / Help Desk,"11. Vendor Directory, Vendor 360 & Relationship Ownership",Export Vendor List VM export Export only permitted fields within assigned scope.,P1 Marketplace MVP,Not started
OPS-FR-0308,QC / Vendor Manager / Help Desk,"12. Vendor Onboarding, KYC Follow-up & Activation Coordination",Vendor Application ID Read-only M,P1 Marketplace MVP,Not started
OPS-FR-0309,QC / Vendor Manager / Help Desk,"12. Vendor Onboarding, KYC Follow-up & Activation Coordination",Business Type Read-only M,P1 Marketplace MVP,Not started
OPS-FR-0310,QC / Vendor Manager / Help Desk,"12. Vendor Onboarding, KYC Follow-up & Activation Coordination",Legal Name Read-only M,P1 Marketplace MVP,Not started
OPS-FR-0311,QC / Vendor Manager / Help Desk,"12. Vendor Onboarding, KYC Follow-up & Activation Coordination",Trade / Store Name Read-only M,P1 Marketplace MVP,Not started
OPS-FR-0312,QC / Vendor Manager / Help Desk,"12. Vendor Onboarding, KYC Follow-up & Activation Coordination",Primary Contact Name Read-only M,P1 Marketplace MVP,Not started
OPS-FR-0313,QC / Vendor Manager / Help Desk,"12. Vendor Onboarding, KYC Follow-up & Activation Coordination",Mobile Read-only masked,P1 Marketplace MVP,Not started
OPS-FR-0314,QC / Vendor Manager / Help Desk,"12. Vendor Onboarding, KYC Follow-up & Activation Coordination",Email Read-only masked,P1 Marketplace MVP,Not started
OPS-FR-0315,QC / Vendor Manager / Help Desk,"12. Vendor Onboarding, KYC Follow-up & Activation Coordination",PAN / Tax ID Read-only masked,P1 Marketplace MVP,Not started
OPS-FR-0316,QC / Vendor Manager / Help Desk,"12. Vendor Onboarding, KYC Follow-up & Activation Coordination",GSTIN Read-only masked,P1 Marketplace MVP,Not started
OPS-FR-0317,QC / Vendor Manager / Help Desk,"12. Vendor Onboarding, KYC Follow-up & Activation Coordination",KYC Document Checklist Checklist M,P1 Marketplace MVP,Not started
OPS-FR-0318,QC / Vendor Manager / Help Desk,"12. Vendor Onboarding, KYC Follow-up & Activation Coordination",Bank Verification Status Read-only status,P1 Marketplace MVP,Not started
OPS-FR-0319,QC / Vendor Manager / Help Desk,"12. Vendor Onboarding, KYC Follow-up & Activation Coordination",Pickup Address Status Read-only status,P1 Marketplace MVP,Not started
OPS-FR-0320,QC / Vendor Manager / Help Desk,"12. Vendor Onboarding, KYC Follow-up & Activation Coordination",Agreement Status Read-only status,P1 Marketplace MVP,Not started
OPS-FR-0321,QC / Vendor Manager / Help Desk,"12. Vendor Onboarding, KYC Follow-up & Activation Coordination",Catalog Readiness Read-only status,P1 Marketplace MVP,Not started
OPS-FR-0322,QC / Vendor Manager / Help Desk,"12. Vendor Onboarding, KYC Follow-up & Activation Coordination",Training Status Status O,P1 Marketplace MVP,Not started
OPS-FR-0323,QC / Vendor Manager / Help Desk,"12. Vendor Onboarding, KYC Follow-up & Activation Coordination",Onboarding Stage Status M,P1 Marketplace MVP,Not started
OPS-FR-0324,QC / Vendor Manager / Help Desk,"12. Vendor Onboarding, KYC Follow-up & Activation Coordination",Pending With Team/User M,P1 Marketplace MVP,Not started
OPS-FR-0325,QC / Vendor Manager / Help Desk,"12. Vendor Onboarding, KYC Follow-up & Activation Coordination",Due Date Date O,P1 Marketplace MVP,Not started
OPS-FR-0326,QC / Vendor Manager / Help Desk,"12. Vendor Onboarding, KYC Follow-up & Activation Coordination",Vendor-visible Pending Items Structured list,P1 Marketplace MVP,Not started
OPS-FR-0327,QC / Vendor Manager / Help Desk,"12. Vendor Onboarding, KYC Follow-up & Activation Coordination",Internal Onboarding Notes Textarea O,P1 Marketplace MVP,Not started
OPS-FR-0328,QC / Vendor Manager / Help Desk,"12. Vendor Onboarding, KYC Follow-up & Activation Coordination",Send Missing Document Reminder VM user,P1 Marketplace MVP,Not started
OPS-FR-0329,QC / Vendor Manager / Help Desk,"12. Vendor Onboarding, KYC Follow-up & Activation Coordination",Request Document Reupload VM user Create vendor-visible request tied to specific document and reason.,P1 Marketplace MVP,Not started
OPS-FR-0330,QC / Vendor Manager / Help Desk,"12. Vendor Onboarding, KYC Follow-up & Activation Coordination","Mark Follow-up Complete VM user Close only the communication task, not compliance verification.",P1 Marketplace MVP,Not started
OPS-FR-0331,QC / Vendor Manager / Help Desk,"12. Vendor Onboarding, KYC Follow-up & Activation Coordination",Request KYC Review VM user Route complete packet to authorized KYC/compliance reviewer.,P1 Marketplace MVP,Not started
OPS-FR-0332,QC / Vendor Manager / Help Desk,"12. Vendor Onboarding, KYC Follow-up & Activation Coordination",Request Bank Reverification VM user Create reverification request to authorized finance/compliance flow.,P1 Marketplace MVP,Not started
OPS-FR-0333,QC / Vendor Manager / Help Desk,"12. Vendor Onboarding, KYC Follow-up & Activation Coordination",Schedule Training VM user Create training appointment/event and notify vendor.,P1 Marketplace MVP,Not started
OPS-FR-0334,QC / Vendor Manager / Help Desk,"12. Vendor Onboarding, KYC Follow-up & Activation Coordination",Request Activation VM authorized Submit activation request when readiness checklist is complete.,P1 Marketplace MVP,Not started
OPS-FR-0335,QC / Vendor Manager / Help Desk,"12. Vendor Onboarding, KYC Follow-up & Activation Coordination","Request Suspension VM authorized Submit suspension request with reason, evidence and impact note.",P1 Marketplace MVP,Not started
OPS-FR-0336,QC / Vendor Manager / Help Desk,"12. Vendor Onboarding, KYC Follow-up & Activation Coordination",Escalate Stalled Onboarding VM user Create internal escalation when vendor or internal SLA is breached.,P1 Marketplace MVP,Not started
OPS-FR-0337,QC / Vendor Manager / Help Desk,"12. Vendor Onboarding, KYC Follow-up & Activation Coordination",Vendor Manager may coordinate KYC but shall not mark regulated identity/bank documents verified unless separately authorized.,P1 Marketplace MVP,Not started
OPS-FR-0338,QC / Vendor Manager / Help Desk,"12. Vendor Onboarding, KYC Follow-up & Activation Coordination",Activation readiness shall use an explicit checklist rather than relying on free-text notes.,P1 Marketplace MVP,Not started
OPS-FR-0339,QC / Vendor Manager / Help Desk,"12. Vendor Onboarding, KYC Follow-up & Activation Coordination",Missing/rejected document communications shall expose only the affected document and safe rejection reason.,P1 Marketplace MVP,Not started
OPS-FR-0340,QC / Vendor Manager / Help Desk,"12. Vendor Onboarding, KYC Follow-up & Activation Coordination","Any activation/suspension request shall preserve requester, approver, decision and effective date.",P1 Marketplace MVP,Not started
OPS-FR-0341,QC / Vendor Manager / Help Desk,"12. Vendor Onboarding, KYC Follow-up & Activation Coordination","Onboarding SLA shall distinguish vendor-pending time from internal-pending time where business rules require it. 13. Vendor Performance, SLA & Risk Monitoring 13.1 Performance Metrics Requirement ID",P1 Marketplace MVP,Not started
OPS-FR-0342,QC / Vendor Manager / Help Desk,"13. Vendor Performance, SLA & Risk Monitoring",Order Acceptance Rate Percentage M,P2 Fulfilment & Ops,Not started
OPS-FR-0343,QC / Vendor Manager / Help Desk,"13. Vendor Performance, SLA & Risk Monitoring",Vendor Cancellation Rate Percentage M,P2 Fulfilment & Ops,Not started
OPS-FR-0344,QC / Vendor Manager / Help Desk,"13. Vendor Performance, SLA & Risk Monitoring",Dispatch SLA % Percentage M,P2 Fulfilment & Ops,Not started
OPS-FR-0345,QC / Vendor Manager / Help Desk,"13. Vendor Performance, SLA & Risk Monitoring",Late Dispatch Count Number M,P2 Fulfilment & Ops,Not started
OPS-FR-0346,QC / Vendor Manager / Help Desk,"13. Vendor Performance, SLA & Risk Monitoring",RTO Rate Percentage M,P2 Fulfilment & Ops,Not started
OPS-FR-0347,QC / Vendor Manager / Help Desk,"13. Vendor Performance, SLA & Risk Monitoring",Return Rate Percentage M,P2 Fulfilment & Ops,Not started
OPS-FR-0348,QC / Vendor Manager / Help Desk,"13. Vendor Performance, SLA & Risk Monitoring",QC Failure Rate Percentage M,P2 Fulfilment & Ops,Not started
OPS-FR-0349,QC / Vendor Manager / Help Desk,"13. Vendor Performance, SLA & Risk Monitoring",Catalog Rejection Rate Percentage M,P2 Fulfilment & Ops,Not started
OPS-FR-0350,QC / Vendor Manager / Help Desk,"13. Vendor Performance, SLA & Risk Monitoring",Customer Complaint Rate Percentage O,P2 Fulfilment & Ops,Not started
OPS-FR-0351,QC / Vendor Manager / Help Desk,"13. Vendor Performance, SLA & Risk Monitoring",Average Vendor Response Time Duration,P2 Fulfilment & Ops,Not started
OPS-FR-0352,QC / Vendor Manager / Help Desk,"13. Vendor Performance, SLA & Risk Monitoring",Settlement Issue Count Number O,P2 Fulfilment & Ops,Not started
OPS-FR-0353,QC / Vendor Manager / Help Desk,"13. Vendor Performance, SLA & Risk Monitoring",Performance Score Numeric M,P2 Fulfilment & Ops,Not started
OPS-FR-0354,QC / Vendor Manager / Help Desk,"13. Vendor Performance, SLA & Risk Monitoring",Performance Band Status M,P2 Fulfilment & Ops,Not started
OPS-FR-0355,QC / Vendor Manager / Help Desk,"13. Vendor Performance, SLA & Risk Monitoring",Risk Flags List O,P2 Fulfilment & Ops,Not started
OPS-FR-0356,QC / Vendor Manager / Help Desk,"13. Vendor Performance, SLA & Risk Monitoring",Improvement Plan Status Status O,P2 Fulfilment & Ops,Not started
OPS-FR-0357,QC / Vendor Manager / Help Desk,"13. Vendor Performance, SLA & Risk Monitoring",Open Metric Detail VM view Drill to supporting orders/QC/tickets without exposing restricted,P2 Fulfilment & Ops,Not started
OPS-FR-0358,QC / Vendor Manager / Help Desk,"13. Vendor Performance, SLA & Risk Monitoring","Create Improvement Plan VM user Define issue, target metric, action items, owner, due date and review",P2 Fulfilment & Ops,Not started
OPS-FR-0359,QC / Vendor Manager / Help Desk,"13. Vendor Performance, SLA & Risk Monitoring",Send Performance Advisory VM user Send approved vendor communication with supporting metrics.,P2 Fulfilment & Ops,Not started
OPS-FR-0360,QC / Vendor Manager / Help Desk,"13. Vendor Performance, SLA & Risk Monitoring",Schedule Performance Review VM user,P2 Fulfilment & Ops,Not started
OPS-FR-0361,QC / Vendor Manager / Help Desk,"13. Vendor Performance, SLA & Risk Monitoring",Escalate At-Risk Vendor VM user Create escalation to authorized decision team.,P2 Fulfilment & Ops,Not started
OPS-FR-0362,QC / Vendor Manager / Help Desk,"13. Vendor Performance, SLA & Risk Monitoring",Acknowledge Recovery VM manager Close improvement plan only after target review and supporting,P2 Fulfilment & Ops,Not started
OPS-FR-0363,QC / Vendor Manager / Help Desk,"14. Vendor Commercial Requests, Commission Coordination & Finance",Commercial Request ID Read-only M,P3 Finance,Not started
OPS-FR-0364,QC / Vendor Manager / Help Desk,"14. Vendor Commercial Requests, Commission Coordination & Finance",Vendor Read-only M,P3 Finance,Not started
OPS-FR-0365,QC / Vendor Manager / Help Desk,"14. Vendor Commercial Requests, Commission Coordination & Finance",Request Type Dropdown M,P3 Finance,Not started
OPS-FR-0366,QC / Vendor Manager / Help Desk,"14. Vendor Commercial Requests, Commission Coordination & Finance",Current Terms Read-only C,P3 Finance,Not started
OPS-FR-0367,QC / Vendor Manager / Help Desk,"14. Vendor Commercial Requests, Commission Coordination & Finance",Requested Terms / Resolution Structured/T ext,P3 Finance,Not started
OPS-FR-0368,QC / Vendor Manager / Help Desk,"14. Vendor Commercial Requests, Commission Coordination & Finance",Effective Date Requested Date O,P3 Finance,Not started
OPS-FR-0369,QC / Vendor Manager / Help Desk,"14. Vendor Commercial Requests, Commission Coordination & Finance",Business Justification Textarea M,P3 Finance,Not started
OPS-FR-0370,QC / Vendor Manager / Help Desk,"14. Vendor Commercial Requests, Commission Coordination & Finance",Supporting Documents Attachments O,P3 Finance,Not started
OPS-FR-0371,QC / Vendor Manager / Help Desk,"14. Vendor Commercial Requests, Commission Coordination & Finance",Impact Estimate Currency/N umber,P3 Finance,Not started
OPS-FR-0372,QC / Vendor Manager / Help Desk,"14. Vendor Commercial Requests, Commission Coordination & Finance",Approval Owner Team/User M,P3 Finance,Not started
OPS-FR-0373,QC / Vendor Manager / Help Desk,"14. Vendor Commercial Requests, Commission Coordination & Finance",Request Status Status M,P3 Finance,Not started
OPS-FR-0374,QC / Vendor Manager / Help Desk,"14. Vendor Commercial Requests, Commission Coordination & Finance",Decision Reason Text C,P3 Finance,Not started
OPS-FR-0375,QC / Vendor Manager / Help Desk,"14. Vendor Commercial Requests, Commission Coordination & Finance",Implementation Reference Read-only C,P3 Finance,Not started
OPS-FR-0376,QC / Vendor Manager / Help Desk,"14. Vendor Commercial Requests, Commission Coordination & Finance",Create Commercial Request VM user Create request without directly changing finance configuration.,P3 Finance,Not started
OPS-FR-0377,QC / Vendor Manager / Help Desk,"14. Vendor Commercial Requests, Commission Coordination & Finance",Submit for Approval VM user Validate mandatory business justification and evidence.,P3 Finance,Not started
OPS-FR-0378,QC / Vendor Manager / Help Desk,"14. Vendor Commercial Requests, Commission Coordination & Finance",Withdraw Request VM user Allowed before final decision subject to policy.,P3 Finance,Not started
OPS-FR-0379,QC / Vendor Manager / Help Desk,"14. Vendor Commercial Requests, Commission Coordination & Finance",Add Clarification VM user Respond to approver questions without changing historical request,P3 Finance,Not started
OPS-FR-0380,QC / Vendor Manager / Help Desk,"14. Vendor Commercial Requests, Commission Coordination & Finance",Notify Vendor of Decision VM user Send approved outcome after decision is final.,P3 Finance,Not started
OPS-FR-0381,QC / Vendor Manager / Help Desk,"14. Vendor Commercial Requests, Commission Coordination & Finance",Escalate Payment/Settlement Issue VM user,P3 Finance,Not started
OPS-FR-0382,QC / Vendor Manager / Help Desk,"15. Vendor Communication, Follow-ups, Meetings & Tasks",Interaction ID Read-only M,P4 Growth & Control,Not started
OPS-FR-0383,QC / Vendor Manager / Help Desk,"15. Vendor Communication, Follow-ups, Meetings & Tasks",Vendor Search/readonly M,P4 Growth & Control,Not started
OPS-FR-0384,QC / Vendor Manager / Help Desk,"15. Vendor Communication, Follow-ups, Meetings & Tasks",Interaction Type Dropdown M,P4 Growth & Control,Not started
OPS-FR-0385,QC / Vendor Manager / Help Desk,"15. Vendor Communication, Follow-ups, Meetings & Tasks",Purpose Dropdown/T ext,P4 Growth & Control,Not started
OPS-FR-0386,QC / Vendor Manager / Help Desk,"15. Vendor Communication, Follow-ups, Meetings & Tasks",Contact Person Select/Text M,P4 Growth & Control,Not started
OPS-FR-0387,QC / Vendor Manager / Help Desk,"15. Vendor Communication, Follow-ups, Meetings & Tasks",Start Date/Time Datetime M,P4 Growth & Control,Not started
OPS-FR-0388,QC / Vendor Manager / Help Desk,"15. Vendor Communication, Follow-ups, Meetings & Tasks",Duration Duration O,P4 Growth & Control,Not started
OPS-FR-0389,QC / Vendor Manager / Help Desk,"15. Vendor Communication, Follow-ups, Meetings & Tasks",Outcome Dropdown O,P4 Growth & Control,Not started
OPS-FR-0390,QC / Vendor Manager / Help Desk,"15. Vendor Communication, Follow-ups, Meetings & Tasks",Summary Textarea M,P4 Growth & Control,Not started
OPS-FR-0391,QC / Vendor Manager / Help Desk,"15. Vendor Communication, Follow-ups, Meetings & Tasks",Action Items Structured list,P4 Growth & Control,Not started
OPS-FR-0392,QC / Vendor Manager / Help Desk,"15. Vendor Communication, Follow-ups, Meetings & Tasks",Next Follow-up Datetime O,P4 Growth & Control,Not started
OPS-FR-0393,QC / Vendor Manager / Help Desk,"15. Vendor Communication, Follow-ups, Meetings & Tasks",Attachments Files O,P4 Growth & Control,Not started
OPS-FR-0394,QC / Vendor Manager / Help Desk,"15. Vendor Communication, Follow-ups, Meetings & Tasks",Vendor-visible Note Text O,P4 Growth & Control,Not started
OPS-FR-0395,QC / Vendor Manager / Help Desk,"15. Vendor Communication, Follow-ups, Meetings & Tasks",Internal Note Text O,P4 Growth & Control,Not started
OPS-FR-0396,QC / Vendor Manager / Help Desk,"15. Vendor Communication, Follow-ups, Meetings & Tasks",Log Call VM user Create completed call interaction.,P4 Growth & Control,Not started
OPS-FR-0397,QC / Vendor Manager / Help Desk,"15. Vendor Communication, Follow-ups, Meetings & Tasks",Send Email VM communication Send approved email and archive delivery status.,P4 Growth & Control,Not started
OPS-FR-0398,QC / Vendor Manager / Help Desk,"15. Vendor Communication, Follow-ups, Meetings & Tasks",Send WhatsApp VM communication Send approved/template message where integration permits.,P4 Growth & Control,Not started
OPS-FR-0399,QC / Vendor Manager / Help Desk,"15. Vendor Communication, Follow-ups, Meetings & Tasks",Schedule Meeting VM user Create meeting and reminder; optionally calendar integration.,P4 Growth & Control,Not started
OPS-FR-0400,QC / Vendor Manager / Help Desk,"15. Vendor Communication, Follow-ups, Meetings & Tasks",Create Follow-up Task VM user Assign due-dated action to self/team.,P4 Growth & Control,Not started
OPS-FR-0401,QC / Vendor Manager / Help Desk,"15. Vendor Communication, Follow-ups, Meetings & Tasks",Mark Task Complete Task owner Require outcome/comment where configured.,P4 Growth & Control,Not started
OPS-FR-0402,QC / Vendor Manager / Help Desk,"15. Vendor Communication, Follow-ups, Meetings & Tasks",Reassign Task VM manager/owner Move task with reason and history.,P4 Growth & Control,Not started
OPS-FR-0403,QC / Vendor Manager / Help Desk,"15. Vendor Communication, Follow-ups, Meetings & Tasks",Convert Interaction to Escalation VM user,P4 Growth & Control,Not started
OPS-FR-0404,QC / Vendor Manager / Help Desk,"16. Vendor Complaints, Escalations & Disputes",Vendor Issue ID Read-only M,P2 Fulfilment & Ops,Not started
OPS-FR-0405,QC / Vendor Manager / Help Desk,"16. Vendor Complaints, Escalations & Disputes",Vendor Read-only M,P2 Fulfilment & Ops,Not started
OPS-FR-0406,QC / Vendor Manager / Help Desk,"16. Vendor Complaints, Escalations & Disputes",Issue Type Dropdown M,P2 Fulfilment & Ops,Not started
OPS-FR-0407,QC / Vendor Manager / Help Desk,"16. Vendor Complaints, Escalations & Disputes",Related Entity ID Search/refer ence,P2 Fulfilment & Ops,Not started
OPS-FR-0408,QC / Vendor Manager / Help Desk,"16. Vendor Complaints, Escalations & Disputes",Severity Dropdown M,P2 Fulfilment & Ops,Not started
OPS-FR-0409,QC / Vendor Manager / Help Desk,"16. Vendor Complaints, Escalations & Disputes",Vendor Statement Textarea M,P2 Fulfilment & Ops,Not started
OPS-FR-0410,QC / Vendor Manager / Help Desk,"16. Vendor Complaints, Escalations & Disputes",Internal Assessment Textarea O,P2 Fulfilment & Ops,Not started
OPS-FR-0411,QC / Vendor Manager / Help Desk,"16. Vendor Complaints, Escalations & Disputes",Evidence Attachments O,P2 Fulfilment & Ops,Not started
OPS-FR-0412,QC / Vendor Manager / Help Desk,"16. Vendor Complaints, Escalations & Disputes",Owner Team Team M,P2 Fulfilment & Ops,Not started
OPS-FR-0413,QC / Vendor Manager / Help Desk,"16. Vendor Complaints, Escalations & Disputes",Assigned Resolver User O,P2 Fulfilment & Ops,Not started
OPS-FR-0414,QC / Vendor Manager / Help Desk,"16. Vendor Complaints, Escalations & Disputes",SLA Due At Datetime M,P2 Fulfilment & Ops,Not started
OPS-FR-0415,QC / Vendor Manager / Help Desk,"16. Vendor Complaints, Escalations & Disputes",Status Status M,P2 Fulfilment & Ops,Not started
OPS-FR-0416,QC / Vendor Manager / Help Desk,"16. Vendor Complaints, Escalations & Disputes",Resolution Textarea C,P2 Fulfilment & Ops,Not started
OPS-FR-0417,QC / Vendor Manager / Help Desk,"16. Vendor Complaints, Escalations & Disputes",Vendor-visible Resolution Textarea C,P2 Fulfilment & Ops,Not started
OPS-FR-0418,QC / Vendor Manager / Help Desk,"16. Vendor Complaints, Escalations & Disputes",Root Cause Dropdown/T ext,P2 Fulfilment & Ops,Not started
OPS-FR-0419,QC / Vendor Manager / Help Desk,"16. Vendor Complaints, Escalations & Disputes",Corrective Action Textarea O,P2 Fulfilment & Ops,Not started
OPS-FR-0420,QC / Vendor Manager / Help Desk,"16. Vendor Complaints, Escalations & Disputes",Open Issue VM user Create issue and SLA.,P2 Fulfilment & Ops,Not started
OPS-FR-0421,QC / Vendor Manager / Help Desk,"16. Vendor Complaints, Escalations & Disputes",Assign Resolver VM/manager Route to responsible team/user.,P2 Fulfilment & Ops,Not started
OPS-FR-0422,QC / Vendor Manager / Help Desk,"16. Vendor Complaints, Escalations & Disputes",Request Vendor Information VM user Set pending-vendor state and send required information list.,P2 Fulfilment & Ops,Not started
OPS-FR-0423,QC / Vendor Manager / Help Desk,"16. Vendor Complaints, Escalations & Disputes",Escalate Severity VM manager/authorized Increase severity with reason and notification.,P2 Fulfilment & Ops,Not started
OPS-FR-0424,QC / Vendor Manager / Help Desk,"16. Vendor Complaints, Escalations & Disputes",Resolve Issue Authorized resolver Require resolution and linked action completion.,P2 Fulfilment & Ops,Not started
OPS-FR-0425,QC / Vendor Manager / Help Desk,"16. Vendor Complaints, Escalations & Disputes",Close Issue VM/authorized Confirm communication and closure conditions.,P2 Fulfilment & Ops,Not started
OPS-FR-0426,QC / Vendor Manager / Help Desk,"16. Vendor Complaints, Escalations & Disputes",Reopen Issue Authorized user Require reason and create new SLA/history event.,P2 Fulfilment & Ops,Not started
OPS-FR-0427,QC / Vendor Manager / Help Desk,"17. Vendor Training, Knowledge & Compliance Follow-up",Training Item Text M,P2 Fulfilment & Ops,Not started
OPS-FR-0428,QC / Vendor Manager / Help Desk,"17. Vendor Training, Knowledge & Compliance Follow-up",Required For Rule M,P2 Fulfilment & Ops,Not started
OPS-FR-0429,QC / Vendor Manager / Help Desk,"17. Vendor Training, Knowledge & Compliance Follow-up",Vendor Read-only M,P2 Fulfilment & Ops,Not started
OPS-FR-0430,QC / Vendor Manager / Help Desk,"17. Vendor Training, Knowledge & Compliance Follow-up",Assigned Date Date M,P2 Fulfilment & Ops,Not started
OPS-FR-0431,QC / Vendor Manager / Help Desk,"17. Vendor Training, Knowledge & Compliance Follow-up",Due Date Date O,P2 Fulfilment & Ops,Not started
OPS-FR-0432,QC / Vendor Manager / Help Desk,"17. Vendor Training, Knowledge & Compliance Follow-up",Completion Status Status M,P2 Fulfilment & Ops,Not started
OPS-FR-0433,QC / Vendor Manager / Help Desk,"17. Vendor Training, Knowledge & Compliance Follow-up",Completion Date Date C,P2 Fulfilment & Ops,Not started
OPS-FR-0434,QC / Vendor Manager / Help Desk,"17. Vendor Training, Knowledge & Compliance Follow-up",Assessment Score Number O,P2 Fulfilment & Ops,Not started
OPS-FR-0435,QC / Vendor Manager / Help Desk,"17. Vendor Training, Knowledge & Compliance Follow-up",Certificate / Evidence Attachment O,P2 Fulfilment & Ops,Not started
OPS-FR-0436,QC / Vendor Manager / Help Desk,"17. Vendor Training, Knowledge & Compliance Follow-up",Waiver Reason Textarea C,P2 Fulfilment & Ops,Not started
OPS-FR-0437,QC / Vendor Manager / Help Desk,"17. Vendor Training, Knowledge & Compliance Follow-up",Follow-up Notes Textarea O,P2 Fulfilment & Ops,Not started
OPS-FR-0438,QC / Vendor Manager / Help Desk,"17. Vendor Training, Knowledge & Compliance Follow-up",Assign Training VM user Assign eligible training module.,P2 Fulfilment & Ops,Not started
OPS-FR-0439,QC / Vendor Manager / Help Desk,"17. Vendor Training, Knowledge & Compliance Follow-up",Send Reminder VM user Send reminder before/after due date.,P2 Fulfilment & Ops,Not started
OPS-FR-0440,QC / Vendor Manager / Help Desk,"17. Vendor Training, Knowledge & Compliance Follow-up",Record Completion VM authorized Record validated completion if not auto-synced.,P2 Fulfilment & Ops,Not started
OPS-FR-0441,QC / Vendor Manager / Help Desk,"17. Vendor Training, Knowledge & Compliance Follow-up",Request Retraining VM user Create new training requirement with reason.,P2 Fulfilment & Ops,Not started
OPS-FR-0442,QC / Vendor Manager / Help Desk,"17. Vendor Training, Knowledge & Compliance Follow-up",Escalate Non-compliance VM manager Create compliance/performance escalation based on configured,P2 Fulfilment & Ops,Not started
OPS-FR-0443,QC / Vendor Manager / Help Desk,18. Vendor Manager Reports & Portfolio Analytics,Vendor Portfolio Report Report M,P4 Growth & Control,Not started
OPS-FR-0444,QC / Vendor Manager / Help Desk,18. Vendor Manager Reports & Portfolio Analytics,Onboarding Ageing Report Report M,P4 Growth & Control,Not started
OPS-FR-0445,QC / Vendor Manager / Help Desk,18. Vendor Manager Reports & Portfolio Analytics,Performance Scorecard Report M,P4 Growth & Control,Not started
OPS-FR-0446,QC / Vendor Manager / Help Desk,18. Vendor Manager Reports & Portfolio Analytics,Vendor SLA Breach Report Report,P4 Growth & Control,Not started
OPS-FR-0447,QC / Vendor Manager / Help Desk,18. Vendor Manager Reports & Portfolio Analytics,Quality / QC Trend Report Report M,P4 Growth & Control,Not started
OPS-FR-0448,QC / Vendor Manager / Help Desk,18. Vendor Manager Reports & Portfolio Analytics,Vendor Issue Ageing Report Report,P4 Growth & Control,Not started
OPS-FR-0449,QC / Vendor Manager / Help Desk,18. Vendor Manager Reports & Portfolio Analytics,Vendor Contact Report Report O,P4 Growth & Control,Not started
OPS-FR-0450,QC / Vendor Manager / Help Desk,18. Vendor Manager Reports & Portfolio Analytics,Improvement Plan Report Report O,P4 Growth & Control,Not started
OPS-FR-0451,QC / Vendor Manager / Help Desk,18. Vendor Manager Reports & Portfolio Analytics,Commercial Request Report Report,P4 Growth & Control,Not started
OPS-FR-0452,QC / Vendor Manager / Help Desk,18. Vendor Manager Reports & Portfolio Analytics,Training Compliance Report Report,P4 Growth & Control,Not started
OPS-FR-0453,QC / Vendor Manager / Help Desk,18. Vendor Manager Reports & Portfolio Analytics,Export Report VM report export Generate permission-scoped file with applied filters.,P4 Growth & Control,Not started
OPS-FR-0454,QC / Vendor Manager / Help Desk,18. Vendor Manager Reports & Portfolio Analytics,Schedule Report VM manager Schedule recurring internal delivery.,P4 Growth & Control,Not started
OPS-FR-0455,QC / Vendor Manager / Help Desk,18. Vendor Manager Reports & Portfolio Analytics,Drill to Vendor VM view Open vendor 360 from report row.,P4 Growth & Control,Not started
OPS-FR-0456,QC / Vendor Manager / Help Desk,18. Vendor Manager Reports & Portfolio Analytics,Create Task from Report VM user Create follow-up tied to selected vendor/metric/issue.,P4 Growth & Control,Not started
OPS-FR-0457,QC / Vendor Manager / Help Desk,19. Help Desk Dashboard & Agent Workspace,Queue Dropdown O,P2 Fulfilment & Ops,Not started
OPS-FR-0458,QC / Vendor Manager / Help Desk,19. Help Desk Dashboard & Agent Workspace,Channel Multi-select O,P2 Fulfilment & Ops,Not started
OPS-FR-0459,QC / Vendor Manager / Help Desk,19. Help Desk Dashboard & Agent Workspace,Ticket Status Multi-select O,P2 Fulfilment & Ops,Not started
OPS-FR-0460,QC / Vendor Manager / Help Desk,19. Help Desk Dashboard & Agent Workspace,Priority Multi-select O,P2 Fulfilment & Ops,Not started
OPS-FR-0461,QC / Vendor Manager / Help Desk,19. Help Desk Dashboard & Agent Workspace,SLA Status Multi-select O,P2 Fulfilment & Ops,Not started
OPS-FR-0462,QC / Vendor Manager / Help Desk,19. Help Desk Dashboard & Agent Workspace,Issue Category Multi-select O,P2 Fulfilment & Ops,Not started
OPS-FR-0463,QC / Vendor Manager / Help Desk,19. Help Desk Dashboard & Agent Workspace,Assigned Agent User select O,P2 Fulfilment & Ops,Not started
OPS-FR-0464,QC / Vendor Manager / Help Desk,19. Help Desk Dashboard & Agent Workspace,Customer / Vendor Type Dropdown O,P2 Fulfilment & Ops,Not started
OPS-FR-0465,QC / Vendor Manager / Help Desk,19. Help Desk Dashboard & Agent Workspace,Date Range Date range O,P2 Fulfilment & Ops,Not started
OPS-FR-0466,QC / Vendor Manager / Help Desk,19. Help Desk Dashboard & Agent Workspace,Open Tickets KPI M,P2 Fulfilment & Ops,Not started
OPS-FR-0467,QC / Vendor Manager / Help Desk,19. Help Desk Dashboard & Agent Workspace,Unassigned Tickets KPI M,P2 Fulfilment & Ops,Not started
OPS-FR-0468,QC / Vendor Manager / Help Desk,19. Help Desk Dashboard & Agent Workspace,SLA At Risk KPI M,P2 Fulfilment & Ops,Not started
OPS-FR-0469,QC / Vendor Manager / Help Desk,19. Help Desk Dashboard & Agent Workspace,SLA Breached KPI M,P2 Fulfilment & Ops,Not started
OPS-FR-0470,QC / Vendor Manager / Help Desk,19. Help Desk Dashboard & Agent Workspace,First Response Time Duration M,P2 Fulfilment & Ops,Not started
OPS-FR-0471,QC / Vendor Manager / Help Desk,19. Help Desk Dashboard & Agent Workspace,Resolution Time Duration M,P2 Fulfilment & Ops,Not started
OPS-FR-0472,QC / Vendor Manager / Help Desk,19. Help Desk Dashboard & Agent Workspace,Backlog Ageing Chart M,P2 Fulfilment & Ops,Not started
OPS-FR-0473,QC / Vendor Manager / Help Desk,19. Help Desk Dashboard & Agent Workspace,Tickets by Category Chart M,P2 Fulfilment & Ops,Not started
OPS-FR-0474,QC / Vendor Manager / Help Desk,19. Help Desk Dashboard & Agent Workspace,Tickets by Channel Chart M,P2 Fulfilment & Ops,Not started
OPS-FR-0475,QC / Vendor Manager / Help Desk,19. Help Desk Dashboard & Agent Workspace,CSAT Metric O,P2 Fulfilment & Ops,Not started
OPS-FR-0476,QC / Vendor Manager / Help Desk,19. Help Desk Dashboard & Agent Workspace,Reopen Rate Metric M,P2 Fulfilment & Ops,Not started
OPS-FR-0477,QC / Vendor Manager / Help Desk,19. Help Desk Dashboard & Agent Workspace,Agent Workload Table C,P2 Fulfilment & Ops,Not started
OPS-FR-0478,QC / Vendor Manager / Help Desk,19. Help Desk Dashboard & Agent Workspace,Take Next Ticket HD agent Atomically assign next eligible ticket based on routing policy.,P2 Fulfilment & Ops,Not started
OPS-FR-0479,QC / Vendor Manager / Help Desk,19. Help Desk Dashboard & Agent Workspace,Claim Ticket HD agent Assign unowned ticket to self.,P2 Fulfilment & Ops,Not started
OPS-FR-0480,QC / Vendor Manager / Help Desk,19. Help Desk Dashboard & Agent Workspace,Bulk Assign HD manager Assign compatible tickets to agents/queues.,P2 Fulfilment & Ops,Not started
OPS-FR-0481,QC / Vendor Manager / Help Desk,19. Help Desk Dashboard & Agent Workspace,Set Availability HD agent Set available/busy/break/offline state if workforce routing uses,P2 Fulfilment & Ops,Not started
OPS-FR-0482,QC / Vendor Manager / Help Desk,19. Help Desk Dashboard & Agent Workspace,Open Omnichannel Workspace HD agent,P2 Fulfilment & Ops,Not started
OPS-FR-0483,QC / Vendor Manager / Help Desk,"20. Ticket Creation, Intake & Classification",Ticket ID Read-only M,P2 Fulfilment & Ops,Not started
OPS-FR-0484,QC / Vendor Manager / Help Desk,"20. Ticket Creation, Intake & Classification",Requester Type Dropdown M,P2 Fulfilment & Ops,Not started
OPS-FR-0485,QC / Vendor Manager / Help Desk,"20. Ticket Creation, Intake & Classification",Requester ID Searchselect C,P2 Fulfilment & Ops,Not started
OPS-FR-0486,QC / Vendor Manager / Help Desk,"20. Ticket Creation, Intake & Classification",Requester Name Text M,P2 Fulfilment & Ops,Not started
OPS-FR-0487,QC / Vendor Manager / Help Desk,"20. Ticket Creation, Intake & Classification",Mobile Text C,P2 Fulfilment & Ops,Not started
OPS-FR-0488,QC / Vendor Manager / Help Desk,"20. Ticket Creation, Intake & Classification",Email Email C,P2 Fulfilment & Ops,Not started
OPS-FR-0489,QC / Vendor Manager / Help Desk,"20. Ticket Creation, Intake & Classification",Channel Dropdown M,P2 Fulfilment & Ops,Not started
OPS-FR-0490,QC / Vendor Manager / Help Desk,"20. Ticket Creation, Intake & Classification",Subject Text M,P2 Fulfilment & Ops,Not started
OPS-FR-0491,QC / Vendor Manager / Help Desk,"20. Ticket Creation, Intake & Classification",Issue Category Dropdown M,P2 Fulfilment & Ops,Not started
OPS-FR-0492,QC / Vendor Manager / Help Desk,"20. Ticket Creation, Intake & Classification",Issue Subcategory Dropdown C,P2 Fulfilment & Ops,Not started
OPS-FR-0493,QC / Vendor Manager / Help Desk,"20. Ticket Creation, Intake & Classification",Related Order ID Search/refer ence,P2 Fulfilment & Ops,Not started
OPS-FR-0494,QC / Vendor Manager / Help Desk,"20. Ticket Creation, Intake & Classification",Related Shipment ID Search/refer ence,P2 Fulfilment & Ops,Not started
OPS-FR-0495,QC / Vendor Manager / Help Desk,"20. Ticket Creation, Intake & Classification",Related Payment ID Search/refer ence,P2 Fulfilment & Ops,Not started
OPS-FR-0496,QC / Vendor Manager / Help Desk,"20. Ticket Creation, Intake & Classification",Related Return / Refund ID Search/refer ence,P2 Fulfilment & Ops,Not started
OPS-FR-0497,QC / Vendor Manager / Help Desk,"20. Ticket Creation, Intake & Classification",Related Vendor Search/refer ence,P2 Fulfilment & Ops,Not started
OPS-FR-0498,QC / Vendor Manager / Help Desk,"20. Ticket Creation, Intake & Classification",Description Textarea M,P2 Fulfilment & Ops,Not started
OPS-FR-0499,QC / Vendor Manager / Help Desk,"20. Ticket Creation, Intake & Classification",Attachments File upload O,P2 Fulfilment & Ops,Not started
OPS-FR-0500,QC / Vendor Manager / Help Desk,"20. Ticket Creation, Intake & Classification",Priority Dropdown M,P2 Fulfilment & Ops,Not started
OPS-FR-0501,QC / Vendor Manager / Help Desk,"20. Ticket Creation, Intake & Classification",Sentiment / Risk Flag Status O,P2 Fulfilment & Ops,Not started
OPS-FR-0502,QC / Vendor Manager / Help Desk,"20. Ticket Creation, Intake & Classification",Preferred Contact Channel Dropdown O,P2 Fulfilment & Ops,Not started
OPS-FR-0503,QC / Vendor Manager / Help Desk,"20. Ticket Creation, Intake & Classification",Preferred Language Dropdown O,P2 Fulfilment & Ops,Not started
OPS-FR-0504,QC / Vendor Manager / Help Desk,"20. Ticket Creation, Intake & Classification",Consent / Contact Note Checkbox/T ext,P2 Fulfilment & Ops,Not started
OPS-FR-0505,QC / Vendor Manager / Help Desk,"20. Ticket Creation, Intake & Classification",Assigned Queue Queue M,P2 Fulfilment & Ops,Not started
OPS-FR-0506,QC / Vendor Manager / Help Desk,"20. Ticket Creation, Intake & Classification",Assigned Agent User O,P2 Fulfilment & Ops,Not started
OPS-FR-0507,QC / Vendor Manager / Help Desk,"20. Ticket Creation, Intake & Classification",SLA Policy Read-only M,P2 Fulfilment & Ops,Not started
OPS-FR-0508,QC / Vendor Manager / Help Desk,"20. Ticket Creation, Intake & Classification",First Response Due Datetime M,P2 Fulfilment & Ops,Not started
OPS-FR-0509,QC / Vendor Manager / Help Desk,"20. Ticket Creation, Intake & Classification",Resolution Due Datetime M,P2 Fulfilment & Ops,Not started
OPS-FR-0510,QC / Vendor Manager / Help Desk,"20. Ticket Creation, Intake & Classification",Ticket Status Status M,P2 Fulfilment & Ops,Not started
OPS-FR-0511,QC / Vendor Manager / Help Desk,"20. Ticket Creation, Intake & Classification",Create Ticket HD create Validate requester/contact/category and create SLA timers.,P2 Fulfilment & Ops,Not started
OPS-FR-0512,QC / Vendor Manager / Help Desk,"20. Ticket Creation, Intake & Classification",Create from Call HD agent Create ticket while preserving call ID/timestamp.,P2 Fulfilment & Ops,Not started
OPS-FR-0513,QC / Vendor Manager / Help Desk,"20. Ticket Creation, Intake & Classification",Create from Chat HD integration/agent Convert or link conversation to ticket without losing transcript.,P2 Fulfilment & Ops,Not started
OPS-FR-0514,QC / Vendor Manager / Help Desk,"20. Ticket Creation, Intake & Classification","Merge Duplicate Tickets HD manager/authorized Merge duplicates, preserve all messages/attachments and redirect",P2 Fulfilment & Ops,Not started
OPS-FR-0515,QC / Vendor Manager / Help Desk,"20. Ticket Creation, Intake & Classification",Link Related Tickets HD agent Associate related tickets without merging histories.,P2 Fulfilment & Ops,Not started
OPS-FR-0516,QC / Vendor Manager / Help Desk,"20. Ticket Creation, Intake & Classification",Mark Spam / Abuse HD authorized Classify abusive/spam contact according to policy and retain audit.,P2 Fulfilment & Ops,Not started
OPS-FR-0517,QC / Vendor Manager / Help Desk,"20. Ticket Creation, Intake & Classification",Correct Classification HD agent Change category/priority with history; re-evaluate routing/SLA if,P2 Fulfilment & Ops,Not started
OPS-FR-0518,QC / Vendor Manager / Help Desk,"21. Ticket Detail, Conversation & Internal Collaboration",Conversation Tab M,P2 Fulfilment & Ops,Not started
OPS-FR-0519,QC / Vendor Manager / Help Desk,"21. Ticket Detail, Conversation & Internal Collaboration",Requester Profile Tab M,P2 Fulfilment & Ops,Not started
OPS-FR-0520,QC / Vendor Manager / Help Desk,"21. Ticket Detail, Conversation & Internal Collaboration",Related Orders Tab O,P2 Fulfilment & Ops,Not started
OPS-FR-0521,QC / Vendor Manager / Help Desk,"21. Ticket Detail, Conversation & Internal Collaboration",Payments / Refunds Tab O,P2 Fulfilment & Ops,Not started
OPS-FR-0522,QC / Vendor Manager / Help Desk,"21. Ticket Detail, Conversation & Internal Collaboration",Returns / Cancellations Tab O,P2 Fulfilment & Ops,Not started
OPS-FR-0523,QC / Vendor Manager / Help Desk,"21. Ticket Detail, Conversation & Internal Collaboration",Shipments Tab O,P2 Fulfilment & Ops,Not started
OPS-FR-0524,QC / Vendor Manager / Help Desk,"21. Ticket Detail, Conversation & Internal Collaboration",Vendor Context Tab O,P2 Fulfilment & Ops,Not started
OPS-FR-0525,QC / Vendor Manager / Help Desk,"21. Ticket Detail, Conversation & Internal Collaboration",Internal Notes Tab M,P2 Fulfilment & Ops,Not started
OPS-FR-0526,QC / Vendor Manager / Help Desk,"21. Ticket Detail, Conversation & Internal Collaboration",Tasks / Callbacks Tab M,P2 Fulfilment & Ops,Not started
OPS-FR-0527,QC / Vendor Manager / Help Desk,"21. Ticket Detail, Conversation & Internal Collaboration",Attachments Tab M,P2 Fulfilment & Ops,Not started
OPS-FR-0528,QC / Vendor Manager / Help Desk,"21. Ticket Detail, Conversation & Internal Collaboration",Audit / Timeline Tab M,P2 Fulfilment & Ops,Not started
OPS-FR-0529,QC / Vendor Manager / Help Desk,"21. Ticket Detail, Conversation & Internal Collaboration",Reply Channel Dropdown M,P2 Fulfilment & Ops,Not started
OPS-FR-0530,QC / Vendor Manager / Help Desk,"21. Ticket Detail, Conversation & Internal Collaboration",From Identity Dropdown C,P2 Fulfilment & Ops,Not started
OPS-FR-0531,QC / Vendor Manager / Help Desk,"21. Ticket Detail, Conversation & Internal Collaboration",Recipient Readonly/select M,P2 Fulfilment & Ops,Not started
OPS-FR-0532,QC / Vendor Manager / Help Desk,"21. Ticket Detail, Conversation & Internal Collaboration",CC/BCC Email list O,P2 Fulfilment & Ops,Not started
OPS-FR-0533,QC / Vendor Manager / Help Desk,"21. Ticket Detail, Conversation & Internal Collaboration",Template Searchselect O,P2 Fulfilment & Ops,Not started
OPS-FR-0534,QC / Vendor Manager / Help Desk,"21. Ticket Detail, Conversation & Internal Collaboration",Message Rich text M,P2 Fulfilment & Ops,Not started
OPS-FR-0535,QC / Vendor Manager / Help Desk,"21. Ticket Detail, Conversation & Internal Collaboration",Attachments Upload O,P2 Fulfilment & Ops,Not started
OPS-FR-0536,QC / Vendor Manager / Help Desk,"21. Ticket Detail, Conversation & Internal Collaboration",Public / Internal Toggle M,P2 Fulfilment & Ops,Not started
OPS-FR-0537,QC / Vendor Manager / Help Desk,"21. Ticket Detail, Conversation & Internal Collaboration",Next Status Dropdown M,P2 Fulfilment & Ops,Not started
OPS-FR-0538,QC / Vendor Manager / Help Desk,"21. Ticket Detail, Conversation & Internal Collaboration",Follow-up Due Datetime O,P2 Fulfilment & Ops,Not started
OPS-FR-0539,QC / Vendor Manager / Help Desk,"21. Ticket Detail, Conversation & Internal Collaboration",Resolution Code Dropdown C,P2 Fulfilment & Ops,Not started
OPS-FR-0540,QC / Vendor Manager / Help Desk,"21. Ticket Detail, Conversation & Internal Collaboration",Resolution Summary Textarea C,P2 Fulfilment & Ops,Not started
OPS-FR-0541,QC / Vendor Manager / Help Desk,"21. Ticket Detail, Conversation & Internal Collaboration",Send Reply HD respond Send via selected channel and archive provider status.,P2 Fulfilment & Ops,Not started
OPS-FR-0542,QC / Vendor Manager / Help Desk,"21. Ticket Detail, Conversation & Internal Collaboration",Add Internal Note HD note Create internal note not exposed to requester.,P2 Fulfilment & Ops,Not started
OPS-FR-0543,QC / Vendor Manager / Help Desk,"21. Ticket Detail, Conversation & Internal Collaboration",Mention Team Member HD collaboration Notify permitted user in internal note/task.,P2 Fulfilment & Ops,Not started
OPS-FR-0544,QC / Vendor Manager / Help Desk,"21. Ticket Detail, Conversation & Internal Collaboration",Attach Knowledge Article HD respond Insert/link approved knowledge content.,P2 Fulfilment & Ops,Not started
OPS-FR-0545,QC / Vendor Manager / Help Desk,"21. Ticket Detail, Conversation & Internal Collaboration",Change Status HD process Allow only valid transitions and required fields.,P2 Fulfilment & Ops,Not started
OPS-FR-0546,QC / Vendor Manager / Help Desk,"21. Ticket Detail, Conversation & Internal Collaboration",Change Priority HD authorized Require reason when increasing/decreasing configured critical,P2 Fulfilment & Ops,Not started
OPS-FR-0547,QC / Vendor Manager / Help Desk,"21. Ticket Detail, Conversation & Internal Collaboration",Assign/Reassign HD assignment Move to eligible queue/agent with history.,P2 Fulfilment & Ops,Not started
OPS-FR-0548,QC / Vendor Manager / Help Desk,"21. Ticket Detail, Conversation & Internal Collaboration",Escalate HD escalate Create linked escalation and preserve parent ticket.,P2 Fulfilment & Ops,Not started
OPS-FR-0549,QC / Vendor Manager / Help Desk,"21. Ticket Detail, Conversation & Internal Collaboration",Schedule Callback HD agent Create callback task with date/time/contact/channel.,P2 Fulfilment & Ops,Not started
OPS-FR-0550,QC / Vendor Manager / Help Desk,"21. Ticket Detail, Conversation & Internal Collaboration",Resolve Ticket HD resolve Require resolution code/summary and no blocking tasks.,P2 Fulfilment & Ops,Not started
OPS-FR-0551,QC / Vendor Manager / Help Desk,"21. Ticket Detail, Conversation & Internal Collaboration",Close Ticket HD close Close according to confirmation/auto-close rules.,P2 Fulfilment & Ops,Not started
OPS-FR-0552,QC / Vendor Manager / Help Desk,"21. Ticket Detail, Conversation & Internal Collaboration",Reopen Ticket HD authorized/system Reopen on valid customer reply or manual reason; restart SLA per,P2 Fulfilment & Ops,Not started
OPS-FR-0553,QC / Vendor Manager / Help Desk,22. Customer & Vendor Lookup for Help Desk,Customer ID Read-only link,P2 Fulfilment & Ops,Not started
OPS-FR-0554,QC / Vendor Manager / Help Desk,22. Customer & Vendor Lookup for Help Desk,Customer Name Read-only M,P2 Fulfilment & Ops,Not started
OPS-FR-0555,QC / Vendor Manager / Help Desk,22. Customer & Vendor Lookup for Help Desk,Mobile Masked read-only,P2 Fulfilment & Ops,Not started
OPS-FR-0556,QC / Vendor Manager / Help Desk,22. Customer & Vendor Lookup for Help Desk,Email Masked read-only,P2 Fulfilment & Ops,Not started
OPS-FR-0557,QC / Vendor Manager / Help Desk,22. Customer & Vendor Lookup for Help Desk,Account Status Read-only status,P2 Fulfilment & Ops,Not started
OPS-FR-0558,QC / Vendor Manager / Help Desk,22. Customer & Vendor Lookup for Help Desk,Created At Read-only M,P2 Fulfilment & Ops,Not started
OPS-FR-0559,QC / Vendor Manager / Help Desk,22. Customer & Vendor Lookup for Help Desk,Recent Orders Read-only list,P2 Fulfilment & Ops,Not started
OPS-FR-0560,QC / Vendor Manager / Help Desk,22. Customer & Vendor Lookup for Help Desk,Open Tickets Read-only count/list,P2 Fulfilment & Ops,Not started
OPS-FR-0561,QC / Vendor Manager / Help Desk,22. Customer & Vendor Lookup for Help Desk,Recent Refunds Read-only list,P2 Fulfilment & Ops,Not started
OPS-FR-0562,QC / Vendor Manager / Help Desk,22. Customer & Vendor Lookup for Help Desk,Saved Addresses Masked summary,P2 Fulfilment & Ops,Not started
OPS-FR-0563,QC / Vendor Manager / Help Desk,22. Customer & Vendor Lookup for Help Desk,Risk / Restriction Flags Read-only C,P2 Fulfilment & Ops,Not started
OPS-FR-0564,QC / Vendor Manager / Help Desk,22. Customer & Vendor Lookup for Help Desk,Vendor ID Read-only link,P2 Fulfilment & Ops,Not started
OPS-FR-0565,QC / Vendor Manager / Help Desk,22. Customer & Vendor Lookup for Help Desk,Store / Business Name Read-only M,P2 Fulfilment & Ops,Not started
OPS-FR-0566,QC / Vendor Manager / Help Desk,22. Customer & Vendor Lookup for Help Desk,Vendor Status Read-only M,P2 Fulfilment & Ops,Not started
OPS-FR-0567,QC / Vendor Manager / Help Desk,22. Customer & Vendor Lookup for Help Desk,Primary Contact Masked M,P2 Fulfilment & Ops,Not started
OPS-FR-0568,QC / Vendor Manager / Help Desk,22. Customer & Vendor Lookup for Help Desk,Assigned Vendor Manager Read-only O,P2 Fulfilment & Ops,Not started
OPS-FR-0569,QC / Vendor Manager / Help Desk,22. Customer & Vendor Lookup for Help Desk,Open Vendor Tickets Read-only M,P2 Fulfilment & Ops,Not started
OPS-FR-0570,QC / Vendor Manager / Help Desk,22. Customer & Vendor Lookup for Help Desk,Recent Order Issues Read-only list,P2 Fulfilment & Ops,Not started
OPS-FR-0571,QC / Vendor Manager / Help Desk,22. Customer & Vendor Lookup for Help Desk,Settlement Issue Summary Read-only C,P2 Fulfilment & Ops,Not started
OPS-FR-0572,QC / Vendor Manager / Help Desk,22. Customer & Vendor Lookup for Help Desk,Escalation Flags Read-only O,P2 Fulfilment & Ops,Not started
OPS-FR-0573,QC / Vendor Manager / Help Desk,22. Customer & Vendor Lookup for Help Desk,Help Desk lookup shall use masked personally identifiable information by default.,P2 Fulfilment & Ops,Not started
OPS-FR-0574,QC / Vendor Manager / Help Desk,22. Customer & Vendor Lookup for Help Desk,Agents shall not reveal one party’s private information to another party unless policy explicitly allows it.,P2 Fulfilment & Ops,Not started
OPS-FR-0575,QC / Vendor Manager / Help Desk,22. Customer & Vendor Lookup for Help Desk,Opening a customer/vendor profile from a ticket shall be audited where sensitive data is viewed.,P2 Fulfilment & Ops,Not started
OPS-FR-0576,QC / Vendor Manager / Help Desk,22. Customer & Vendor Lookup for Help Desk,"Help Desk may update contact details only through approved profile correction workflow and only with specific permission; otherwise it shall raise a request. 23. Order, Shipment & Delivery Support 23.1 Order Support Fiel",P2 Fulfilment & Ops,Not started
OPS-FR-0577,QC / Vendor Manager / Help Desk,"23. Order, Shipment & Delivery Support",Order ID Read-only link,P2 Fulfilment & Ops,Not started
OPS-FR-0578,QC / Vendor Manager / Help Desk,"23. Order, Shipment & Delivery Support",Order Date Read-only M,P2 Fulfilment & Ops,Not started
OPS-FR-0579,QC / Vendor Manager / Help Desk,"23. Order, Shipment & Delivery Support",Order Status Read-only M,P2 Fulfilment & Ops,Not started
OPS-FR-0580,QC / Vendor Manager / Help Desk,"23. Order, Shipment & Delivery Support",Sub-order / Seller Read-only C,P2 Fulfilment & Ops,Not started
OPS-FR-0581,QC / Vendor Manager / Help Desk,"23. Order, Shipment & Delivery Support",Item / SKU Read-only M,P2 Fulfilment & Ops,Not started
OPS-FR-0582,QC / Vendor Manager / Help Desk,"23. Order, Shipment & Delivery Support",Quantity Read-only M,P2 Fulfilment & Ops,Not started
OPS-FR-0583,QC / Vendor Manager / Help Desk,"23. Order, Shipment & Delivery Support",Payment Status Read-only M,P2 Fulfilment & Ops,Not started
OPS-FR-0584,QC / Vendor Manager / Help Desk,"23. Order, Shipment & Delivery Support",Fulfilment Status Read-only M,P2 Fulfilment & Ops,Not started
OPS-FR-0585,QC / Vendor Manager / Help Desk,"23. Order, Shipment & Delivery Support",Shipment ID / AWB Read-only link,P2 Fulfilment & Ops,Not started
OPS-FR-0586,QC / Vendor Manager / Help Desk,"23. Order, Shipment & Delivery Support",Courier Read-only C,P2 Fulfilment & Ops,Not started
OPS-FR-0587,QC / Vendor Manager / Help Desk,"23. Order, Shipment & Delivery Support",Latest Tracking Event Read-only C,P2 Fulfilment & Ops,Not started
OPS-FR-0588,QC / Vendor Manager / Help Desk,"23. Order, Shipment & Delivery Support",EDD Read-only O,P2 Fulfilment & Ops,Not started
OPS-FR-0589,QC / Vendor Manager / Help Desk,"23. Order, Shipment & Delivery Support",Delivery Attempts Read-only O,P2 Fulfilment & Ops,Not started
OPS-FR-0590,QC / Vendor Manager / Help Desk,"23. Order, Shipment & Delivery Support",NDR Status Read-only O,P2 Fulfilment & Ops,Not started
OPS-FR-0591,QC / Vendor Manager / Help Desk,"23. Order, Shipment & Delivery Support",Cancellation Eligibility Calculated M,P2 Fulfilment & Ops,Not started
OPS-FR-0592,QC / Vendor Manager / Help Desk,"23. Order, Shipment & Delivery Support",Return Eligibility Calculated M,P2 Fulfilment & Ops,Not started
OPS-FR-0593,QC / Vendor Manager / Help Desk,"23. Order, Shipment & Delivery Support",Invoice Availability Readonly/action O,P2 Fulfilment & Ops,Not started
OPS-FR-0594,QC / Vendor Manager / Help Desk,"23. Order, Shipment & Delivery Support",Copy Order Summary HD agent Generate safe summary without exposing internal/private fields.,P2 Fulfilment & Ops,Not started
OPS-FR-0595,QC / Vendor Manager / Help Desk,"23. Order, Shipment & Delivery Support",Share Tracking Link HD agent Send official tracking link/status to requester.,P2 Fulfilment & Ops,Not started
OPS-FR-0596,QC / Vendor Manager / Help Desk,"23. Order, Shipment & Delivery Support","Raise Logistics Escalation HD agent Create escalation for delay, NDR, lost/damaged shipment etc.",P2 Fulfilment & Ops,Not started
OPS-FR-0597,QC / Vendor Manager / Help Desk,"23. Order, Shipment & Delivery Support",Request Delivery Reattempt HD authorized Submit carrier/logistics request where integration supports it.,P2 Fulfilment & Ops,Not started
OPS-FR-0598,QC / Vendor Manager / Help Desk,"23. Order, Shipment & Delivery Support",Update Delivery Instruction Request HD authorized,P2 Fulfilment & Ops,Not started
OPS-FR-0599,QC / Vendor Manager / Help Desk,"23. Order, Shipment & Delivery Support",Download/Share Invoice HD permitted Provide invoice to authenticated/verified requester only.,P2 Fulfilment & Ops,Not started
OPS-FR-0600,QC / Vendor Manager / Help Desk,"23. Order, Shipment & Delivery Support",Escalate Seller Delay HD agent Create vendor/vendor-manager escalation linked to order.,P2 Fulfilment & Ops,Not started
OPS-FR-0601,QC / Vendor Manager / Help Desk,"23. Order, Shipment & Delivery Support",Report Wrong Delivery Status HD agent,P2 Fulfilment & Ops,Not started
OPS-FR-0602,QC / Vendor Manager / Help Desk,"23. Order, Shipment & Delivery Support",Payment ID Read-only M,P2 Fulfilment & Ops,Not started
OPS-FR-0603,QC / Vendor Manager / Help Desk,"23. Order, Shipment & Delivery Support",Order ID Read-only M,P2 Fulfilment & Ops,Not started
OPS-FR-0604,QC / Vendor Manager / Help Desk,"23. Order, Shipment & Delivery Support",Payment Method Read-only M,P2 Fulfilment & Ops,Not started
OPS-FR-0605,QC / Vendor Manager / Help Desk,"23. Order, Shipment & Delivery Support",Amount Read-only currency,P2 Fulfilment & Ops,Not started
OPS-FR-0606,QC / Vendor Manager / Help Desk,"23. Order, Shipment & Delivery Support",Payment Status Read-only M,P2 Fulfilment & Ops,Not started
OPS-FR-0607,QC / Vendor Manager / Help Desk,"23. Order, Shipment & Delivery Support",Gateway / Provider Read-only O,P2 Fulfilment & Ops,Not started
OPS-FR-0608,QC / Vendor Manager / Help Desk,"23. Order, Shipment & Delivery Support",Transaction Reference Read-only masked,P2 Fulfilment & Ops,Not started
OPS-FR-0609,QC / Vendor Manager / Help Desk,"23. Order, Shipment & Delivery Support",Failure Reason Read-only safe text,P2 Fulfilment & Ops,Not started
OPS-FR-0610,QC / Vendor Manager / Help Desk,"23. Order, Shipment & Delivery Support",Refund ID Read-only O,P2 Fulfilment & Ops,Not started
OPS-FR-0611,QC / Vendor Manager / Help Desk,"23. Order, Shipment & Delivery Support",Refund Amount Read-only O,P2 Fulfilment & Ops,Not started
OPS-FR-0612,QC / Vendor Manager / Help Desk,"23. Order, Shipment & Delivery Support",Refund Status Read-only O,P2 Fulfilment & Ops,Not started
OPS-FR-0613,QC / Vendor Manager / Help Desk,"23. Order, Shipment & Delivery Support",Refund Initiated At Read-only O,P2 Fulfilment & Ops,Not started
OPS-FR-0614,QC / Vendor Manager / Help Desk,"23. Order, Shipment & Delivery Support",Expected Credit Date Read-only O,P2 Fulfilment & Ops,Not started
OPS-FR-0615,QC / Vendor Manager / Help Desk,"23. Order, Shipment & Delivery Support",Refund Reference Read-only masked,P2 Fulfilment & Ops,Not started
OPS-FR-0616,QC / Vendor Manager / Help Desk,"23. Order, Shipment & Delivery Support",Chargeback / Dispute Status Read-only,P2 Fulfilment & Ops,Not started
OPS-FR-0617,QC / Vendor Manager / Help Desk,"23. Order, Shipment & Delivery Support",Share Payment Status HD agent Provide verified status and safe transaction reference.,P2 Fulfilment & Ops,Not started
OPS-FR-0618,QC / Vendor Manager / Help Desk,"23. Order, Shipment & Delivery Support",Share Refund Status HD agent Provide current refund state and expected timeline.,P2 Fulfilment & Ops,Not started
OPS-FR-0619,QC / Vendor Manager / Help Desk,"23. Order, Shipment & Delivery Support",Raise Payment Investigation HD agent Create Accounts ticket when payment is inconsistent/pending,P2 Fulfilment & Ops,Not started
OPS-FR-0620,QC / Vendor Manager / Help Desk,"23. Order, Shipment & Delivery Support",Raise Refund Investigation HD agent Create Accounts ticket when refund is failed/delayed beyond,P2 Fulfilment & Ops,Not started
OPS-FR-0621,QC / Vendor Manager / Help Desk,"23. Order, Shipment & Delivery Support",Request Refund HD authorized Create refund request only where customer/order policy allows;,P2 Fulfilment & Ops,Not started
OPS-FR-0622,QC / Vendor Manager / Help Desk,"23. Order, Shipment & Delivery Support",Record Customer Bank Credit Confirmation HD agent,P2 Fulfilment & Ops,Not started
OPS-FR-0623,QC / Vendor Manager / Help Desk,"23. Order, Shipment & Delivery Support",Escalate Chargeback Query HD agent Route to authorized finance/risk team.,P2 Fulfilment & Ops,Not started
OPS-FR-0624,QC / Vendor Manager / Help Desk,"23. Order, Shipment & Delivery Support","Help Desk shall never request or store full card number, CVV, UPI PIN, OTP or banking password.",P2 Fulfilment & Ops,Not started
OPS-FR-0625,QC / Vendor Manager / Help Desk,"23. Order, Shipment & Delivery Support",Help Desk shall not mark a refund completed solely based on customer/agent assertion; source payment status remains authoritative.,P2 Fulfilment & Ops,Not started
OPS-FR-0626,QC / Vendor Manager / Help Desk,"23. Order, Shipment & Delivery Support",Financial identifiers shown to Help Desk shall be masked according to permission and privacy policy.,P2 Fulfilment & Ops,Not started
OPS-FR-0627,QC / Vendor Manager / Help Desk,"23. Order, Shipment & Delivery Support","Any manual refund request shall be linked to ticket, order, amount, reason and requester verification. 25. Cancellation, Return, Exchange & Refund Assistance 25.1 Cancellation Request Fields Requirement ID",P2 Fulfilment & Ops,Not started
OPS-FR-0628,QC / Vendor Manager / Help Desk,"25. Cancellation, Return, Exchange & Refund Assistance",Cancellation Request ID Read-only M,P2 Fulfilment & Ops,Not started
OPS-FR-0629,QC / Vendor Manager / Help Desk,"25. Cancellation, Return, Exchange & Refund Assistance",Order / Item Read-only M,P2 Fulfilment & Ops,Not started
OPS-FR-0630,QC / Vendor Manager / Help Desk,"25. Cancellation, Return, Exchange & Refund Assistance",Eligibility Calculated M,P2 Fulfilment & Ops,Not started
OPS-FR-0631,QC / Vendor Manager / Help Desk,"25. Cancellation, Return, Exchange & Refund Assistance",Quantity Number M,P2 Fulfilment & Ops,Not started
OPS-FR-0632,QC / Vendor Manager / Help Desk,"25. Cancellation, Return, Exchange & Refund Assistance",Customer Reason Dropdown + text,P2 Fulfilment & Ops,Not started
OPS-FR-0633,QC / Vendor Manager / Help Desk,"25. Cancellation, Return, Exchange & Refund Assistance",Agent Note Textarea O,P2 Fulfilment & Ops,Not started
OPS-FR-0634,QC / Vendor Manager / Help Desk,"25. Cancellation, Return, Exchange & Refund Assistance",Refund Impact Read-only O,P2 Fulfilment & Ops,Not started
OPS-FR-0635,QC / Vendor Manager / Help Desk,"25. Cancellation, Return, Exchange & Refund Assistance",Cancellation Status Read-only M,P2 Fulfilment & Ops,Not started
OPS-FR-0636,QC / Vendor Manager / Help Desk,"25. Cancellation, Return, Exchange & Refund Assistance",Return Request ID Read-only M,P2 Fulfilment & Ops,Not started
OPS-FR-0637,QC / Vendor Manager / Help Desk,"25. Cancellation, Return, Exchange & Refund Assistance",Order Item Read-only M,P2 Fulfilment & Ops,Not started
OPS-FR-0638,QC / Vendor Manager / Help Desk,"25. Cancellation, Return, Exchange & Refund Assistance",Return Eligibility Calculated M,P2 Fulfilment & Ops,Not started
OPS-FR-0639,QC / Vendor Manager / Help Desk,"25. Cancellation, Return, Exchange & Refund Assistance",Request Type Dropdown M,P2 Fulfilment & Ops,Not started
OPS-FR-0640,QC / Vendor Manager / Help Desk,"25. Cancellation, Return, Exchange & Refund Assistance",Quantity Number M,P2 Fulfilment & Ops,Not started
OPS-FR-0641,QC / Vendor Manager / Help Desk,"25. Cancellation, Return, Exchange & Refund Assistance",Return Reason Dropdown M,P2 Fulfilment & Ops,Not started
OPS-FR-0642,QC / Vendor Manager / Help Desk,"25. Cancellation, Return, Exchange & Refund Assistance",Reason Detail Textarea C,P2 Fulfilment & Ops,Not started
OPS-FR-0643,QC / Vendor Manager / Help Desk,"25. Cancellation, Return, Exchange & Refund Assistance",Customer Evidence Attachments C,P2 Fulfilment & Ops,Not started
OPS-FR-0644,QC / Vendor Manager / Help Desk,"25. Cancellation, Return, Exchange & Refund Assistance",Pickup Address Readonly/select C,P2 Fulfilment & Ops,Not started
OPS-FR-0645,QC / Vendor Manager / Help Desk,"25. Cancellation, Return, Exchange & Refund Assistance",Preferred Replacement Variant Select,P2 Fulfilment & Ops,Not started
OPS-FR-0646,QC / Vendor Manager / Help Desk,"25. Cancellation, Return, Exchange & Refund Assistance",Refund Method Readonly/select O,P2 Fulfilment & Ops,Not started
OPS-FR-0647,QC / Vendor Manager / Help Desk,"25. Cancellation, Return, Exchange & Refund Assistance",QC Required Read-only M,P2 Fulfilment & Ops,Not started
OPS-FR-0648,QC / Vendor Manager / Help Desk,"25. Cancellation, Return, Exchange & Refund Assistance",Current Return Status Read-only M,P2 Fulfilment & Ops,Not started
OPS-FR-0649,QC / Vendor Manager / Help Desk,"25. Cancellation, Return, Exchange & Refund Assistance",Pickup Status Read-only O,P2 Fulfilment & Ops,Not started
OPS-FR-0650,QC / Vendor Manager / Help Desk,"25. Cancellation, Return, Exchange & Refund Assistance",QC Result Read-only O,P2 Fulfilment & Ops,Not started
OPS-FR-0651,QC / Vendor Manager / Help Desk,"25. Cancellation, Return, Exchange & Refund Assistance",Refund Status Read-only O,P2 Fulfilment & Ops,Not started
OPS-FR-0652,QC / Vendor Manager / Help Desk,"25. Cancellation, Return, Exchange & Refund Assistance",Create Eligible Cancellation HD authorized Create cancellation request after requester verification and eligibility,P2 Fulfilment & Ops,Not started
OPS-FR-0653,QC / Vendor Manager / Help Desk,"25. Cancellation, Return, Exchange & Refund Assistance",Create Eligible Return HD authorized Create return request with reason/evidence requirements.,P2 Fulfilment & Ops,Not started
OPS-FR-0654,QC / Vendor Manager / Help Desk,"25. Cancellation, Return, Exchange & Refund Assistance",Create Exchange Request HD authorized Create exchange/replacement only for eligible product/state.,P2 Fulfilment & Ops,Not started
OPS-FR-0655,QC / Vendor Manager / Help Desk,"25. Cancellation, Return, Exchange & Refund Assistance",Upload Customer Evidence HD agent Attach evidence provided by requester with source attribution.,P2 Fulfilment & Ops,Not started
OPS-FR-0656,QC / Vendor Manager / Help Desk,"25. Cancellation, Return, Exchange & Refund Assistance",Reschedule Pickup Request HD authorized Submit request if reverse-logistics state allows.,P2 Fulfilment & Ops,Not started
OPS-FR-0657,QC / Vendor Manager / Help Desk,"25. Cancellation, Return, Exchange & Refund Assistance",Raise Return Pickup Escalation HD agent,P2 Fulfilment & Ops,Not started
OPS-FR-0658,QC / Vendor Manager / Help Desk,"25. Cancellation, Return, Exchange & Refund Assistance",Raise QC Dispute HD agent Create linked QC escalation when customer disputes inspection,P2 Fulfilment & Ops,Not started
OPS-FR-0659,QC / Vendor Manager / Help Desk,"25. Cancellation, Return, Exchange & Refund Assistance",Raise Refund Escalation HD agent Route to Accounts when approved refund is delayed/failed.,P2 Fulfilment & Ops,Not started
OPS-FR-0660,QC / Vendor Manager / Help Desk,"25. Cancellation, Return, Exchange & Refund Assistance",Share Return Instructions HD agent Send policy-approved packing/pickup instructions.,P2 Fulfilment & Ops,Not started
OPS-FR-0661,QC / Vendor Manager / Help Desk,"26. Complaints, Disputes, Sensitive Cases & Escalation",Complaint ID Read-only M,P2 Fulfilment & Ops,Not started
OPS-FR-0662,QC / Vendor Manager / Help Desk,"26. Complaints, Disputes, Sensitive Cases & Escalation",Parent Ticket ID Read-only link,P2 Fulfilment & Ops,Not started
OPS-FR-0663,QC / Vendor Manager / Help Desk,"26. Complaints, Disputes, Sensitive Cases & Escalation",Complaint Type Dropdown M,P2 Fulfilment & Ops,Not started
OPS-FR-0664,QC / Vendor Manager / Help Desk,"26. Complaints, Disputes, Sensitive Cases & Escalation",Severity Dropdown M,P2 Fulfilment & Ops,Not started
OPS-FR-0665,QC / Vendor Manager / Help Desk,"26. Complaints, Disputes, Sensitive Cases & Escalation",Customer / Vendor Statement Textarea,P2 Fulfilment & Ops,Not started
OPS-FR-0666,QC / Vendor Manager / Help Desk,"26. Complaints, Disputes, Sensitive Cases & Escalation",Related Entity IDs References O,P2 Fulfilment & Ops,Not started
OPS-FR-0667,QC / Vendor Manager / Help Desk,"26. Complaints, Disputes, Sensitive Cases & Escalation",Evidence Attachments O,P2 Fulfilment & Ops,Not started
OPS-FR-0668,QC / Vendor Manager / Help Desk,"26. Complaints, Disputes, Sensitive Cases & Escalation",Escalation Team Dropdown M,P2 Fulfilment & Ops,Not started
OPS-FR-0669,QC / Vendor Manager / Help Desk,"26. Complaints, Disputes, Sensitive Cases & Escalation",Escalation Owner User O,P2 Fulfilment & Ops,Not started
OPS-FR-0670,QC / Vendor Manager / Help Desk,"26. Complaints, Disputes, Sensitive Cases & Escalation",Regulatory / Legal Flag Checkbox O,P2 Fulfilment & Ops,Not started
OPS-FR-0671,QC / Vendor Manager / Help Desk,"26. Complaints, Disputes, Sensitive Cases & Escalation",Safety / Abuse Flag Checkbox O,P2 Fulfilment & Ops,Not started
OPS-FR-0672,QC / Vendor Manager / Help Desk,"26. Complaints, Disputes, Sensitive Cases & Escalation",Target Resolution Date Datetime M,P2 Fulfilment & Ops,Not started
OPS-FR-0673,QC / Vendor Manager / Help Desk,"26. Complaints, Disputes, Sensitive Cases & Escalation",Status Status M,P2 Fulfilment & Ops,Not started
OPS-FR-0674,QC / Vendor Manager / Help Desk,"26. Complaints, Disputes, Sensitive Cases & Escalation",Resolution Code Dropdown C,P2 Fulfilment & Ops,Not started
OPS-FR-0675,QC / Vendor Manager / Help Desk,"26. Complaints, Disputes, Sensitive Cases & Escalation",Resolution Summary Textarea C,P2 Fulfilment & Ops,Not started
OPS-FR-0676,QC / Vendor Manager / Help Desk,"26. Complaints, Disputes, Sensitive Cases & Escalation",Requester-visible Resolution Textarea,P2 Fulfilment & Ops,Not started
OPS-FR-0677,QC / Vendor Manager / Help Desk,"26. Complaints, Disputes, Sensitive Cases & Escalation",Goodwill / Compensation Request ID Read-only,P2 Fulfilment & Ops,Not started
OPS-FR-0678,QC / Vendor Manager / Help Desk,"26. Complaints, Disputes, Sensitive Cases & Escalation",Escalate Complaint HD agent Create complaint/escalation and SLA.,P2 Fulfilment & Ops,Not started
OPS-FR-0679,QC / Vendor Manager / Help Desk,"26. Complaints, Disputes, Sensitive Cases & Escalation",Flag Privacy Request HD agent Route account/data rights request to authorized privacy workflow.,P2 Fulfilment & Ops,Not started
OPS-FR-0680,QC / Vendor Manager / Help Desk,"26. Complaints, Disputes, Sensitive Cases & Escalation",Flag Legal Notice HD authorized Route legal communication to designated team without making legal,P2 Fulfilment & Ops,Not started
OPS-FR-0681,QC / Vendor Manager / Help Desk,"26. Complaints, Disputes, Sensitive Cases & Escalation",Request Goodwill Approval HD authorized Create approval request with amount/type/reason within policy.,P2 Fulfilment & Ops,Not started
OPS-FR-0682,QC / Vendor Manager / Help Desk,"26. Complaints, Disputes, Sensitive Cases & Escalation",Escalate QC Dispute HD agent Attach QC case/evidence and route to QC manager.,P2 Fulfilment & Ops,Not started
OPS-FR-0683,QC / Vendor Manager / Help Desk,"26. Complaints, Disputes, Sensitive Cases & Escalation",Escalate Vendor Conduct Issue HD agent,P2 Fulfilment & Ops,Not started
OPS-FR-0684,QC / Vendor Manager / Help Desk,"26. Complaints, Disputes, Sensitive Cases & Escalation",Resolve Complaint Authorized resolver Require documented outcome and requester communication plan.,P2 Fulfilment & Ops,Not started
OPS-FR-0685,QC / Vendor Manager / Help Desk,"26. Complaints, Disputes, Sensitive Cases & Escalation",Close Complaint HD manager/authorized Close after resolution sent and mandatory follow-ups complete.,P2 Fulfilment & Ops,Not started
OPS-FR-0686,QC / Vendor Manager / Help Desk,"26. Complaints, Disputes, Sensitive Cases & Escalation",Call ID Read-only M,P2 Fulfilment & Ops,Not started
OPS-FR-0687,QC / Vendor Manager / Help Desk,"26. Complaints, Disputes, Sensitive Cases & Escalation",Direction Read-only M,P2 Fulfilment & Ops,Not started
OPS-FR-0688,QC / Vendor Manager / Help Desk,"26. Complaints, Disputes, Sensitive Cases & Escalation",Caller / Callee Masked M,P2 Fulfilment & Ops,Not started
OPS-FR-0689,QC / Vendor Manager / Help Desk,"26. Complaints, Disputes, Sensitive Cases & Escalation",Ticket ID Reference O,P2 Fulfilment & Ops,Not started
OPS-FR-0690,QC / Vendor Manager / Help Desk,"26. Complaints, Disputes, Sensitive Cases & Escalation",Start Time Read-only M,P2 Fulfilment & Ops,Not started
OPS-FR-0691,QC / Vendor Manager / Help Desk,"26. Complaints, Disputes, Sensitive Cases & Escalation",End Time Read-only O,P2 Fulfilment & Ops,Not started
OPS-FR-0692,QC / Vendor Manager / Help Desk,"26. Complaints, Disputes, Sensitive Cases & Escalation",Duration Read-only O,P2 Fulfilment & Ops,Not started
OPS-FR-0693,QC / Vendor Manager / Help Desk,"26. Complaints, Disputes, Sensitive Cases & Escalation",Disposition Dropdown M,P2 Fulfilment & Ops,Not started
OPS-FR-0694,QC / Vendor Manager / Help Desk,"26. Complaints, Disputes, Sensitive Cases & Escalation",Call Notes Textarea M,P2 Fulfilment & Ops,Not started
OPS-FR-0695,QC / Vendor Manager / Help Desk,"26. Complaints, Disputes, Sensitive Cases & Escalation",Recording Reference Read-only C,P2 Fulfilment & Ops,Not started
OPS-FR-0696,QC / Vendor Manager / Help Desk,"26. Complaints, Disputes, Sensitive Cases & Escalation",Callback Required Checkbox O,P2 Fulfilment & Ops,Not started
OPS-FR-0697,QC / Vendor Manager / Help Desk,"26. Complaints, Disputes, Sensitive Cases & Escalation",Callback At Datetime C,P2 Fulfilment & Ops,Not started
OPS-FR-0698,QC / Vendor Manager / Help Desk,"26. Complaints, Disputes, Sensitive Cases & Escalation",Conversation ID Read-only M,P2 Fulfilment & Ops,Not started
OPS-FR-0699,QC / Vendor Manager / Help Desk,"26. Complaints, Disputes, Sensitive Cases & Escalation",Channel Read-only M,P2 Fulfilment & Ops,Not started
OPS-FR-0700,QC / Vendor Manager / Help Desk,"26. Complaints, Disputes, Sensitive Cases & Escalation",Participant Read-only masked,P2 Fulfilment & Ops,Not started
OPS-FR-0701,QC / Vendor Manager / Help Desk,"26. Complaints, Disputes, Sensitive Cases & Escalation",Linked Ticket Reference O,P2 Fulfilment & Ops,Not started
OPS-FR-0702,QC / Vendor Manager / Help Desk,"26. Complaints, Disputes, Sensitive Cases & Escalation",Transcript Conversatio n,P2 Fulfilment & Ops,Not started
OPS-FR-0703,QC / Vendor Manager / Help Desk,"26. Complaints, Disputes, Sensitive Cases & Escalation",Attachments Files O,P2 Fulfilment & Ops,Not started
OPS-FR-0704,QC / Vendor Manager / Help Desk,"26. Complaints, Disputes, Sensitive Cases & Escalation",Delivery Status Status O,P2 Fulfilment & Ops,Not started
OPS-FR-0705,QC / Vendor Manager / Help Desk,"26. Complaints, Disputes, Sensitive Cases & Escalation",Handoff State Status O,P2 Fulfilment & Ops,Not started
OPS-FR-0706,QC / Vendor Manager / Help Desk,"26. Complaints, Disputes, Sensitive Cases & Escalation",Language Readonly/detecte d/select,P2 Fulfilment & Ops,Not started
OPS-FR-0707,QC / Vendor Manager / Help Desk,"26. Complaints, Disputes, Sensitive Cases & Escalation",Answer Call HD telephony Accept routed inbound call.,P2 Fulfilment & Ops,Not started
OPS-FR-0708,QC / Vendor Manager / Help Desk,"26. Complaints, Disputes, Sensitive Cases & Escalation",Place Outbound Call HD telephony Call approved contact and log outcome.,P2 Fulfilment & Ops,Not started
OPS-FR-0709,QC / Vendor Manager / Help Desk,"26. Complaints, Disputes, Sensitive Cases & Escalation",Transfer Call HD telephony Warm/cold transfer according to queue permissions.,P2 Fulfilment & Ops,Not started
OPS-FR-0710,QC / Vendor Manager / Help Desk,"26. Complaints, Disputes, Sensitive Cases & Escalation",Start Chat HD messaging Respond to assigned conversation.,P2 Fulfilment & Ops,Not started
OPS-FR-0711,QC / Vendor Manager / Help Desk,"26. Complaints, Disputes, Sensitive Cases & Escalation",Transfer Chat HD messaging Transfer to eligible queue/agent preserving transcript.,P2 Fulfilment & Ops,Not started
OPS-FR-0712,QC / Vendor Manager / Help Desk,"26. Complaints, Disputes, Sensitive Cases & Escalation",Convert Conversation to Ticket HD agent,P2 Fulfilment & Ops,Not started
OPS-FR-0713,QC / Vendor Manager / Help Desk,"26. Complaints, Disputes, Sensitive Cases & Escalation",Send Template Message HD messaging Use approved channel template where required.,P2 Fulfilment & Ops,Not started
OPS-FR-0714,QC / Vendor Manager / Help Desk,"26. Complaints, Disputes, Sensitive Cases & Escalation",Opt-out Enforcement System/HD Prevent prohibited outreach when contact has opted out or channel,P2 Fulfilment & Ops,Not started
OPS-FR-0715,QC / Vendor Manager / Help Desk,"28. SLA, Assignment, Routing, Escalation & Workforce Controls",Queue Dropdown M,P2 Fulfilment & Ops,Not started
OPS-FR-0716,QC / Vendor Manager / Help Desk,"28. SLA, Assignment, Routing, Escalation & Workforce Controls",Skill Requirement Multi-select O,P2 Fulfilment & Ops,Not started
OPS-FR-0717,QC / Vendor Manager / Help Desk,"28. SLA, Assignment, Routing, Escalation & Workforce Controls",Priority Dropdown M,P2 Fulfilment & Ops,Not started
OPS-FR-0718,QC / Vendor Manager / Help Desk,"28. SLA, Assignment, Routing, Escalation & Workforce Controls",First Response SLA Duration M,P2 Fulfilment & Ops,Not started
OPS-FR-0719,QC / Vendor Manager / Help Desk,"28. SLA, Assignment, Routing, Escalation & Workforce Controls",Resolution SLA Duration M,P2 Fulfilment & Ops,Not started
OPS-FR-0720,QC / Vendor Manager / Help Desk,"28. SLA, Assignment, Routing, Escalation & Workforce Controls",Business Calendar Read-only M,P2 Fulfilment & Ops,Not started
OPS-FR-0721,QC / Vendor Manager / Help Desk,"28. SLA, Assignment, Routing, Escalation & Workforce Controls",SLA Pause Reason Dropdown C,P2 Fulfilment & Ops,Not started
OPS-FR-0722,QC / Vendor Manager / Help Desk,"28. SLA, Assignment, Routing, Escalation & Workforce Controls",Escalation Level Status M,P2 Fulfilment & Ops,Not started
OPS-FR-0723,QC / Vendor Manager / Help Desk,"28. SLA, Assignment, Routing, Escalation & Workforce Controls",Assignment Strategy Read-only M,P2 Fulfilment & Ops,Not started
OPS-FR-0724,QC / Vendor Manager / Help Desk,"28. SLA, Assignment, Routing, Escalation & Workforce Controls",Agent Capacity Readonly/configu red,P2 Fulfilment & Ops,Not started
OPS-FR-0725,QC / Vendor Manager / Help Desk,"28. SLA, Assignment, Routing, Escalation & Workforce Controls",Breach Owner Team/User O,P2 Fulfilment & Ops,Not started
OPS-FR-0726,QC / Vendor Manager / Help Desk,"28. SLA, Assignment, Routing, Escalation & Workforce Controls",Assign Ticket HD assignment Assign according to queue and permission.,P2 Fulfilment & Ops,Not started
OPS-FR-0727,QC / Vendor Manager / Help Desk,"28. SLA, Assignment, Routing, Escalation & Workforce Controls",Reassign Ticket HD assignment Move with reason and preserve history.,P2 Fulfilment & Ops,Not started
OPS-FR-0728,QC / Vendor Manager / Help Desk,"28. SLA, Assignment, Routing, Escalation & Workforce Controls",Move Queue HD authorized Change queue and recalculate SLA only per policy.,P2 Fulfilment & Ops,Not started
OPS-FR-0729,QC / Vendor Manager / Help Desk,"28. SLA, Assignment, Routing, Escalation & Workforce Controls",Pause SLA HD authorized Allowed only for configured pending reasons with timestamp.,P2 Fulfilment & Ops,Not started
OPS-FR-0730,QC / Vendor Manager / Help Desk,"28. SLA, Assignment, Routing, Escalation & Workforce Controls",Resume SLA HD process Resume timer and retain paused duration.,P2 Fulfilment & Ops,Not started
OPS-FR-0731,QC / Vendor Manager / Help Desk,"28. SLA, Assignment, Routing, Escalation & Workforce Controls","Escalate L1/L2/L3 HD authorized/system Escalate based on breach, severity or manual reason.",P2 Fulfilment & Ops,Not started
OPS-FR-0732,QC / Vendor Manager / Help Desk,"28. SLA, Assignment, Routing, Escalation & Workforce Controls",Take Over Ticket HD manager Override assignment with audit.,P2 Fulfilment & Ops,Not started
OPS-FR-0733,QC / Vendor Manager / Help Desk,"28. SLA, Assignment, Routing, Escalation & Workforce Controls",Return to Queue HD agent/manager Unassign with reason if policy allows.,P2 Fulfilment & Ops,Not started
OPS-FR-0734,QC / Vendor Manager / Help Desk,"28. SLA, Assignment, Routing, Escalation & Workforce Controls","SLA clock calculations shall be reproducible from timestamps, calendar, pause intervals and policy version.",P2 Fulfilment & Ops,Not started
OPS-FR-0735,QC / Vendor Manager / Help Desk,"28. SLA, Assignment, Routing, Escalation & Workforce Controls",Changing category/priority/queue shall not erase historical SLA targets.,P2 Fulfilment & Ops,Not started
OPS-FR-0736,QC / Vendor Manager / Help Desk,"28. SLA, Assignment, Routing, Escalation & Workforce Controls",Automatic routing shall not assign tickets to unavailable users beyond configured capacity unless overflow rules allow it.,P2 Fulfilment & Ops,Not started
OPS-FR-0737,QC / Vendor Manager / Help Desk,"28. SLA, Assignment, Routing, Escalation & Workforce Controls","Critical tickets shall trigger immediate configured alerts independent of normal dashboard refresh. 29. Knowledge Base, Canned Responses & Guided Resolution 29.1 Knowledge Content Fields Requirement ID",P2 Fulfilment & Ops,Not started
OPS-FR-0738,QC / Vendor Manager / Help Desk,"29. Knowledge Base, Canned Responses & Guided Resolution",Article ID Read-only M,P2 Fulfilment & Ops,Not started
OPS-FR-0739,QC / Vendor Manager / Help Desk,"29. Knowledge Base, Canned Responses & Guided Resolution",Title Text M,P2 Fulfilment & Ops,Not started
OPS-FR-0740,QC / Vendor Manager / Help Desk,"29. Knowledge Base, Canned Responses & Guided Resolution",Category Dropdown M,P2 Fulfilment & Ops,Not started
OPS-FR-0741,QC / Vendor Manager / Help Desk,"29. Knowledge Base, Canned Responses & Guided Resolution",Audience Dropdown M,P2 Fulfilment & Ops,Not started
OPS-FR-0742,QC / Vendor Manager / Help Desk,"29. Knowledge Base, Canned Responses & Guided Resolution",Language Dropdown M,P2 Fulfilment & Ops,Not started
OPS-FR-0743,QC / Vendor Manager / Help Desk,"29. Knowledge Base, Canned Responses & Guided Resolution",Content Rich text M,P2 Fulfilment & Ops,Not started
OPS-FR-0744,QC / Vendor Manager / Help Desk,"29. Knowledge Base, Canned Responses & Guided Resolution",Keywords Tags O,P2 Fulfilment & Ops,Not started
OPS-FR-0745,QC / Vendor Manager / Help Desk,"29. Knowledge Base, Canned Responses & Guided Resolution",Related Issue Categories Multi-select O,P2 Fulfilment & Ops,Not started
OPS-FR-0746,QC / Vendor Manager / Help Desk,"29. Knowledge Base, Canned Responses & Guided Resolution",Owner User/Team M,P2 Fulfilment & Ops,Not started
OPS-FR-0747,QC / Vendor Manager / Help Desk,"29. Knowledge Base, Canned Responses & Guided Resolution",Version Read-only M,P2 Fulfilment & Ops,Not started
OPS-FR-0748,QC / Vendor Manager / Help Desk,"29. Knowledge Base, Canned Responses & Guided Resolution",Review Due Date Date O,P2 Fulfilment & Ops,Not started
OPS-FR-0749,QC / Vendor Manager / Help Desk,"29. Knowledge Base, Canned Responses & Guided Resolution",Status Status M,P2 Fulfilment & Ops,Not started
OPS-FR-0750,QC / Vendor Manager / Help Desk,"29. Knowledge Base, Canned Responses & Guided Resolution",Helpful % Metric O,P2 Fulfilment & Ops,Not started
OPS-FR-0751,QC / Vendor Manager / Help Desk,"29. Knowledge Base, Canned Responses & Guided Resolution",Search Knowledge HD all Search permitted articles by keyword/category.,P2 Fulfilment & Ops,Not started
OPS-FR-0752,QC / Vendor Manager / Help Desk,"29. Knowledge Base, Canned Responses & Guided Resolution",Insert Article into Reply HD agent Insert approved customer/vendor-safe content.,P2 Fulfilment & Ops,Not started
OPS-FR-0753,QC / Vendor Manager / Help Desk,"29. Knowledge Base, Canned Responses & Guided Resolution",Suggest Article Update HD agent Create feedback without directly editing published content unless,P2 Fulfilment & Ops,Not started
OPS-FR-0754,QC / Vendor Manager / Help Desk,"29. Knowledge Base, Canned Responses & Guided Resolution",Create Canned Response HD authorized Create reusable response with audience/channel restrictions.,P2 Fulfilment & Ops,Not started
OPS-FR-0755,QC / Vendor Manager / Help Desk,"29. Knowledge Base, Canned Responses & Guided Resolution",Publish Article Knowledge approver Publish reviewed version and retain history.,P2 Fulfilment & Ops,Not started
OPS-FR-0756,QC / Vendor Manager / Help Desk,"29. Knowledge Base, Canned Responses & Guided Resolution",Archive Article Knowledge approver Remove from active suggestions while retaining history.,P2 Fulfilment & Ops,Not started
OPS-FR-0757,QC / Vendor Manager / Help Desk,"30. Help Desk Callbacks, Tasks & Reminders",Task ID Read-only M,P2 Fulfilment & Ops,Not started
OPS-FR-0758,QC / Vendor Manager / Help Desk,"30. Help Desk Callbacks, Tasks & Reminders",Ticket ID Reference M,P2 Fulfilment & Ops,Not started
OPS-FR-0759,QC / Vendor Manager / Help Desk,"30. Help Desk Callbacks, Tasks & Reminders",Task Type Dropdown M,P2 Fulfilment & Ops,Not started
OPS-FR-0760,QC / Vendor Manager / Help Desk,"30. Help Desk Callbacks, Tasks & Reminders",Assigned To User/Queue M,P2 Fulfilment & Ops,Not started
OPS-FR-0761,QC / Vendor Manager / Help Desk,"30. Help Desk Callbacks, Tasks & Reminders",Due At Datetime M,P2 Fulfilment & Ops,Not started
OPS-FR-0762,QC / Vendor Manager / Help Desk,"30. Help Desk Callbacks, Tasks & Reminders",Priority Dropdown M,P2 Fulfilment & Ops,Not started
OPS-FR-0763,QC / Vendor Manager / Help Desk,"30. Help Desk Callbacks, Tasks & Reminders",Contact Channel Dropdown O,P2 Fulfilment & Ops,Not started
OPS-FR-0764,QC / Vendor Manager / Help Desk,"30. Help Desk Callbacks, Tasks & Reminders",Instructions Textarea M,P2 Fulfilment & Ops,Not started
OPS-FR-0765,QC / Vendor Manager / Help Desk,"30. Help Desk Callbacks, Tasks & Reminders",Status Status M,P2 Fulfilment & Ops,Not started
OPS-FR-0766,QC / Vendor Manager / Help Desk,"30. Help Desk Callbacks, Tasks & Reminders",Outcome Dropdown/T ext,P2 Fulfilment & Ops,Not started
OPS-FR-0767,QC / Vendor Manager / Help Desk,"30. Help Desk Callbacks, Tasks & Reminders",Completed At Read-only C,P2 Fulfilment & Ops,Not started
OPS-FR-0768,QC / Vendor Manager / Help Desk,"30. Help Desk Callbacks, Tasks & Reminders",Create Task HD agent Create ticket-linked task.,P2 Fulfilment & Ops,Not started
OPS-FR-0769,QC / Vendor Manager / Help Desk,"30. Help Desk Callbacks, Tasks & Reminders",Snooze Reminder Task owner Delay reminder within policy without changing due date unless,P2 Fulfilment & Ops,Not started
OPS-FR-0770,QC / Vendor Manager / Help Desk,"30. Help Desk Callbacks, Tasks & Reminders",Complete Task Task owner Require outcome and timestamp.,P2 Fulfilment & Ops,Not started
OPS-FR-0771,QC / Vendor Manager / Help Desk,"30. Help Desk Callbacks, Tasks & Reminders",Reassign Task HD manager/owner Reassign with history.,P2 Fulfilment & Ops,Not started
OPS-FR-0772,QC / Vendor Manager / Help Desk,"30. Help Desk Callbacks, Tasks & Reminders",Cancel Task Authorized user Require cancellation reason.,P2 Fulfilment & Ops,Not started
OPS-FR-0773,QC / Vendor Manager / Help Desk,"31. Ticket Resolution, Closure, Reopen & CSAT",Resolution Code Dropdown M,P2 Fulfilment & Ops,Not started
OPS-FR-0774,QC / Vendor Manager / Help Desk,"31. Ticket Resolution, Closure, Reopen & CSAT",Resolution Summary Textarea M,P2 Fulfilment & Ops,Not started
OPS-FR-0775,QC / Vendor Manager / Help Desk,"31. Ticket Resolution, Closure, Reopen & CSAT",Requester-visible Resolution Textarea,P2 Fulfilment & Ops,Not started
OPS-FR-0776,QC / Vendor Manager / Help Desk,"31. Ticket Resolution, Closure, Reopen & CSAT",Root Cause Dropdown/T ext,P2 Fulfilment & Ops,Not started
OPS-FR-0777,QC / Vendor Manager / Help Desk,"31. Ticket Resolution, Closure, Reopen & CSAT",Preventive Action Textarea O,P2 Fulfilment & Ops,Not started
OPS-FR-0778,QC / Vendor Manager / Help Desk,"31. Ticket Resolution, Closure, Reopen & CSAT",Closure Confirmation Checkbox/St atus,P2 Fulfilment & Ops,Not started
OPS-FR-0779,QC / Vendor Manager / Help Desk,"31. Ticket Resolution, Closure, Reopen & CSAT",Auto-close At Datetime O,P2 Fulfilment & Ops,Not started
OPS-FR-0780,QC / Vendor Manager / Help Desk,"31. Ticket Resolution, Closure, Reopen & CSAT",CSAT Survey Sent Boolean M,P2 Fulfilment & Ops,Not started
OPS-FR-0781,QC / Vendor Manager / Help Desk,"31. Ticket Resolution, Closure, Reopen & CSAT",CSAT Score Number O,P2 Fulfilment & Ops,Not started
OPS-FR-0782,QC / Vendor Manager / Help Desk,"31. Ticket Resolution, Closure, Reopen & CSAT",CSAT Comment Text O,P2 Fulfilment & Ops,Not started
OPS-FR-0783,QC / Vendor Manager / Help Desk,"31. Ticket Resolution, Closure, Reopen & CSAT",Reopen Reason Dropdown/T ext,P2 Fulfilment & Ops,Not started
OPS-FR-0784,QC / Vendor Manager / Help Desk,"31. Ticket Resolution, Closure, Reopen & CSAT",Reopen Count Read-only M,P2 Fulfilment & Ops,Not started
OPS-FR-0785,QC / Vendor Manager / Help Desk,"31. Ticket Resolution, Closure, Reopen & CSAT",Resolve HD resolve Validate mandatory resolution information and send response as,P2 Fulfilment & Ops,Not started
OPS-FR-0786,QC / Vendor Manager / Help Desk,"31. Ticket Resolution, Closure, Reopen & CSAT",Close HD close/system Close after confirmation or configured waiting period.,P2 Fulfilment & Ops,Not started
OPS-FR-0787,QC / Vendor Manager / Help Desk,"31. Ticket Resolution, Closure, Reopen & CSAT",Send CSAT System/HD authorized Send survey only according to contact/eligibility rules.,P2 Fulfilment & Ops,Not started
OPS-FR-0788,QC / Vendor Manager / Help Desk,"31. Ticket Resolution, Closure, Reopen & CSAT",Reopen HD authorized/system Reopen on eligible reply or manual reason and preserve previous,P2 Fulfilment & Ops,Not started
OPS-FR-0789,QC / Vendor Manager / Help Desk,"31. Ticket Resolution, Closure, Reopen & CSAT",Flag Detractor Follow-up HD manager/system Create follow-up for low CSAT according to policy.,P2 Fulfilment & Ops,Not started
OPS-FR-0790,QC / Vendor Manager / Help Desk,32. Help Desk Reports & Service Analytics,Ticket Volume Report Report M,P2 Fulfilment & Ops,Not started
OPS-FR-0791,QC / Vendor Manager / Help Desk,32. Help Desk Reports & Service Analytics,SLA Performance Report Report M,P2 Fulfilment & Ops,Not started
OPS-FR-0792,QC / Vendor Manager / Help Desk,32. Help Desk Reports & Service Analytics,Backlog Ageing Report Report M,P2 Fulfilment & Ops,Not started
OPS-FR-0793,QC / Vendor Manager / Help Desk,32. Help Desk Reports & Service Analytics,Agent Productivity Report Report C,P2 Fulfilment & Ops,Not started
OPS-FR-0794,QC / Vendor Manager / Help Desk,32. Help Desk Reports & Service Analytics,First Contact Resolution Metric/Repo rt,P2 Fulfilment & Ops,Not started
OPS-FR-0795,QC / Vendor Manager / Help Desk,32. Help Desk Reports & Service Analytics,Reopen Report Report M,P2 Fulfilment & Ops,Not started
OPS-FR-0796,QC / Vendor Manager / Help Desk,32. Help Desk Reports & Service Analytics,Escalation Report Report M,P2 Fulfilment & Ops,Not started
OPS-FR-0797,QC / Vendor Manager / Help Desk,32. Help Desk Reports & Service Analytics,CSAT Report Report O,P2 Fulfilment & Ops,Not started
OPS-FR-0798,QC / Vendor Manager / Help Desk,32. Help Desk Reports & Service Analytics,Complaint Root Cause Report Report,P2 Fulfilment & Ops,Not started
OPS-FR-0799,QC / Vendor Manager / Help Desk,32. Help Desk Reports & Service Analytics,Contact Channel Report Report M,P2 Fulfilment & Ops,Not started
OPS-FR-0800,QC / Vendor Manager / Help Desk,32. Help Desk Reports & Service Analytics,Vendor-related Ticket Report Report,P2 Fulfilment & Ops,Not started
OPS-FR-0801,QC / Vendor Manager / Help Desk,32. Help Desk Reports & Service Analytics,Order-related Ticket Report Report,P2 Fulfilment & Ops,Not started
OPS-FR-0802,QC / Vendor Manager / Help Desk,32. Help Desk Reports & Service Analytics,Export Report HD report export Generate permission-scoped export.,P2 Fulfilment & Ops,Not started
OPS-FR-0803,QC / Vendor Manager / Help Desk,32. Help Desk Reports & Service Analytics,Schedule Report HD manager Schedule recurring delivery to permitted recipients.,P2 Fulfilment & Ops,Not started
OPS-FR-0804,QC / Vendor Manager / Help Desk,32. Help Desk Reports & Service Analytics,Drill to Tickets HD view Open supporting ticket list from metric.,P2 Fulfilment & Ops,Not started
OPS-FR-0805,QC / Vendor Manager / Help Desk,32. Help Desk Reports & Service Analytics,Create Problem Investigation HD manager Create internal improvement/escalation item from recurring trend.,P2 Fulfilment & Ops,Not started
OPS-FR-0806,QC / Vendor Manager / Help Desk,"33. Notifications, Alerts & Operational Subscriptions",Notification Type Dropdown M,P4 Growth & Control,Not started
OPS-FR-0807,QC / Vendor Manager / Help Desk,"33. Notifications, Alerts & Operational Subscriptions",Role / Audience Multi-select M,P4 Growth & Control,Not started
OPS-FR-0808,QC / Vendor Manager / Help Desk,"33. Notifications, Alerts & Operational Subscriptions",Channel Multi-select M,P4 Growth & Control,Not started
OPS-FR-0809,QC / Vendor Manager / Help Desk,"33. Notifications, Alerts & Operational Subscriptions",Severity Dropdown M,P4 Growth & Control,Not started
OPS-FR-0810,QC / Vendor Manager / Help Desk,"33. Notifications, Alerts & Operational Subscriptions",Entity Reference Read-only O,P4 Growth & Control,Not started
OPS-FR-0811,QC / Vendor Manager / Help Desk,"33. Notifications, Alerts & Operational Subscriptions",Message Readonly/templat e,P4 Growth & Control,Not started
OPS-FR-0812,QC / Vendor Manager / Help Desk,"33. Notifications, Alerts & Operational Subscriptions",Created At Datetime M,P4 Growth & Control,Not started
OPS-FR-0813,QC / Vendor Manager / Help Desk,"33. Notifications, Alerts & Operational Subscriptions",Read At Datetime O,P4 Growth & Control,Not started
OPS-FR-0814,QC / Vendor Manager / Help Desk,"33. Notifications, Alerts & Operational Subscriptions",Action Due At Datetime O,P4 Growth & Control,Not started
OPS-FR-0815,QC / Vendor Manager / Help Desk,"33. Notifications, Alerts & Operational Subscriptions",Subscription Preference Toggle O,P4 Growth & Control,Not started
OPS-FR-0816,QC / Vendor Manager / Help Desk,"33. Notifications, Alerts & Operational Subscriptions",Mark Read Authenticated user Mark notification read.,P4 Growth & Control,Not started
OPS-FR-0817,QC / Vendor Manager / Help Desk,"33. Notifications, Alerts & Operational Subscriptions",Mark All Read Authenticated user Mark current scoped notifications read.,P4 Growth & Control,Not started
OPS-FR-0818,QC / Vendor Manager / Help Desk,"33. Notifications, Alerts & Operational Subscriptions",Open Related Record View permission Navigate to entity if user has access.,P4 Growth & Control,Not started
OPS-FR-0819,QC / Vendor Manager / Help Desk,"33. Notifications, Alerts & Operational Subscriptions",Configure Preferences Authenticated user Change only optional notification preferences; mandatory,P4 Growth & Control,Not started
OPS-FR-0820,QC / Vendor Manager / Help Desk,"34. Roles, Permissions & Segregation of Duties",Module Permission dimension,P0 Foundation,Not started
OPS-FR-0821,QC / Vendor Manager / Help Desk,"34. Roles, Permissions & Segregation of Duties",Action Permission dimension,P0 Foundation,Not started
OPS-FR-0822,QC / Vendor Manager / Help Desk,"34. Roles, Permissions & Segregation of Duties",Data Scope Permission dimension,P0 Foundation,Not started
OPS-FR-0823,QC / Vendor Manager / Help Desk,"34. Roles, Permissions & Segregation of Duties",Field Scope Permission dimension,P0 Foundation,Not started
OPS-FR-0824,QC / Vendor Manager / Help Desk,"34. Roles, Permissions & Segregation of Duties",Financial Read Access Permission flag,P0 Foundation,Not started
OPS-FR-0825,QC / Vendor Manager / Help Desk,"34. Roles, Permissions & Segregation of Duties",PII Unmask Permission flag,P0 Foundation,Not started
OPS-FR-0826,QC / Vendor Manager / Help Desk,"34. Roles, Permissions & Segregation of Duties",Export Permission Permission flag,P0 Foundation,Not started
OPS-FR-0827,QC / Vendor Manager / Help Desk,"34. Roles, Permissions & Segregation of Duties",Override Permission Permission flag,P0 Foundation,Not started
OPS-FR-0828,QC / Vendor Manager / Help Desk,"34. Roles, Permissions & Segregation of Duties",Approval Limit Value/rule O,P0 Foundation,Not started
OPS-FR-0829,QC / Vendor Manager / Help Desk,"34. Roles, Permissions & Segregation of Duties",Effective From/To Dates O,P0 Foundation,Not started
OPS-FR-0830,QC / Vendor Manager / Help Desk,"34. Roles, Permissions & Segregation of Duties",QC inspectors shall not approve their own manager-level override where segregation is configured.,P0 Foundation,Not started
OPS-FR-0831,QC / Vendor Manager / Help Desk,"34. Roles, Permissions & Segregation of Duties","Vendor Managers shall not directly edit protected finance settlements, bank details or stock quantities through this portal.",P0 Foundation,Not started
OPS-FR-0832,QC / Vendor Manager / Help Desk,"34. Roles, Permissions & Segregation of Duties",Help Desk agents shall not directly approve high-value refunds or financial adjustments unless a separately defined permission and approval limit exists.,P0 Foundation,Not started
OPS-FR-0833,QC / Vendor Manager / Help Desk,"34. Roles, Permissions & Segregation of Duties","PII unmask events shall be auditable with user, record and timestamp.",P0 Foundation,Not started
OPS-FR-0834,QC / Vendor Manager / Help Desk,"34. Roles, Permissions & Segregation of Duties",Exports containing PII or sensitive financial data shall require explicit export permission and may require step-up authentication.,P0 Foundation,Not started
OPS-FR-0835,QC / Vendor Manager / Help Desk,"34. Roles, Permissions & Segregation of Duties","Role/permission changes shall be made only through the authoritative admin access-control system and reflected in this portal. 35. Audit Logs, Timelines & Evidence Integrity Requirement ID",P0 Foundation,Not started
OPS-FR-0836,QC / Vendor Manager / Help Desk,"35. Audit Logs, Timelines & Evidence Integrity",Audit Event ID Read-only M,P0 Foundation,Not started
OPS-FR-0837,QC / Vendor Manager / Help Desk,"35. Audit Logs, Timelines & Evidence Integrity",Event Timestamp Read-only M,P0 Foundation,Not started
OPS-FR-0838,QC / Vendor Manager / Help Desk,"35. Audit Logs, Timelines & Evidence Integrity",Actor User ID Read-only M,P0 Foundation,Not started
OPS-FR-0839,QC / Vendor Manager / Help Desk,"35. Audit Logs, Timelines & Evidence Integrity",Actor Role Read-only M,P0 Foundation,Not started
OPS-FR-0840,QC / Vendor Manager / Help Desk,"35. Audit Logs, Timelines & Evidence Integrity",Module Read-only M,P0 Foundation,Not started
OPS-FR-0841,QC / Vendor Manager / Help Desk,"35. Audit Logs, Timelines & Evidence Integrity",Entity Type Read-only M,P0 Foundation,Not started
OPS-FR-0842,QC / Vendor Manager / Help Desk,"35. Audit Logs, Timelines & Evidence Integrity",Entity ID Read-only link,P0 Foundation,Not started
OPS-FR-0843,QC / Vendor Manager / Help Desk,"35. Audit Logs, Timelines & Evidence Integrity",Action Read-only M,P0 Foundation,Not started
OPS-FR-0844,QC / Vendor Manager / Help Desk,"35. Audit Logs, Timelines & Evidence Integrity",Previous Value Read-only diff,P0 Foundation,Not started
OPS-FR-0845,QC / Vendor Manager / Help Desk,"35. Audit Logs, Timelines & Evidence Integrity",New Value Read-only diff,P0 Foundation,Not started
OPS-FR-0846,QC / Vendor Manager / Help Desk,"35. Audit Logs, Timelines & Evidence Integrity",Reason Read-only O,P0 Foundation,Not started
OPS-FR-0847,QC / Vendor Manager / Help Desk,"35. Audit Logs, Timelines & Evidence Integrity",IP / Device Read-only masked,P0 Foundation,Not started
OPS-FR-0848,QC / Vendor Manager / Help Desk,"35. Audit Logs, Timelines & Evidence Integrity",Correlation ID Read-only O,P0 Foundation,Not started
OPS-FR-0849,QC / Vendor Manager / Help Desk,"35. Audit Logs, Timelines & Evidence Integrity",Attachment / Evidence Hash Read-only,P0 Foundation,Not started
OPS-FR-0850,QC / Vendor Manager / Help Desk,"35. Audit Logs, Timelines & Evidence Integrity",Audit logs shall be append-only to operational users.,P0 Foundation,Not started
OPS-FR-0851,QC / Vendor Manager / Help Desk,"35. Audit Logs, Timelines & Evidence Integrity",Finalized QC evidence and customer/vendor communications shall retain immutable history or versioning.,P0 Foundation,Not started
OPS-FR-0852,QC / Vendor Manager / Help Desk,"35. Audit Logs, Timelines & Evidence Integrity",Deleted/archived operational records shall retain legally/business-required audit references according to retention policy.,P0 Foundation,Not started
OPS-FR-0853,QC / Vendor Manager / Help Desk,"35. Audit Logs, Timelines & Evidence Integrity",Cross-system handoffs shall include a correlation/reference ID so source and target events can be reconciled. 36. Cross-Role Handoffs & Inter-Module Workflows 36.1 QC → Vendor Manager Quality Escalation Requirement ID,P0 Foundation,Not started
OPS-FR-0854,QC / Vendor Manager / Help Desk,36. Cross-Role Handoffs & Inter-Module Workflows,Step 1 QC identifies repeated or critical vendor/SKU defect and records standardized defects plus evidence.,P1 Marketplace MVP,Not started
OPS-FR-0855,QC / Vendor Manager / Help Desk,36. Cross-Role Handoffs & Inter-Module Workflows,"Step 2 QC creates Vendor Manager escalation referencing impacted QC cases, SKU, vendor and recommended corrective action.",P1 Marketplace MVP,Not started
OPS-FR-0856,QC / Vendor Manager / Help Desk,36. Cross-Role Handoffs & Inter-Module Workflows,Step 3 Vendor Manager reviews vendor performance context and creates vendor corrective-action/follow-up plan.,P1 Marketplace MVP,Not started
OPS-FR-0857,QC / Vendor Manager / Help Desk,36. Cross-Role Handoffs & Inter-Module Workflows,Step 4 Vendor response and corrective actions are linked back to the escalation.,P1 Marketplace MVP,Not started
OPS-FR-0858,QC / Vendor Manager / Help Desk,36. Cross-Role Handoffs & Inter-Module Workflows,Step 5 QC performs recheck or monitors subsequent quality trend before escalation closure where applicable.,P1 Marketplace MVP,Not started
OPS-FR-0859,QC / Vendor Manager / Help Desk,36. Cross-Role Handoffs & Inter-Module Workflows,Step 1 Customer disputes a return/QC outcome through a Help Desk ticket.,P1 Marketplace MVP,Not started
OPS-FR-0860,QC / Vendor Manager / Help Desk,36. Cross-Role Handoffs & Inter-Module Workflows,"Step 2 Help Desk verifies requester and links order, return and QC case; customer statement is preserved verbatim.",P1 Marketplace MVP,Not started
OPS-FR-0861,QC / Vendor Manager / Help Desk,36. Cross-Role Handoffs & Inter-Module Workflows,Step 3 Help Desk creates QC escalation with dispute reason and any customer evidence.,P1 Marketplace MVP,Not started
OPS-FR-0862,QC / Vendor Manager / Help Desk,36. Cross-Role Handoffs & Inter-Module Workflows,"Step 4 QC Manager reviews original inspection, evidence and policy; any recheck/override is separately audited.",P1 Marketplace MVP,Not started
OPS-FR-0863,QC / Vendor Manager / Help Desk,36. Cross-Role Handoffs & Inter-Module Workflows,Step 5 Help Desk receives the reviewed outcome and communicates the approved customer-facing resolution. 36.3 Help Desk → Vendor Manager Vendor Issue,P1 Marketplace MVP,Not started
OPS-FR-0864,QC / Vendor Manager / Help Desk,36. Cross-Role Handoffs & Inter-Module Workflows,"Step 1 Help Desk detects seller-related delay, repeated cancellation, conduct issue or unresolved vendor dependency.",P1 Marketplace MVP,Not started
OPS-FR-0865,QC / Vendor Manager / Help Desk,36. Cross-Role Handoffs & Inter-Module Workflows,Step 2 Help Desk creates linked Vendor Manager escalation containing ticket/order/vendor references and evidence.,P1 Marketplace MVP,Not started
OPS-FR-0866,QC / Vendor Manager / Help Desk,36. Cross-Role Handoffs & Inter-Module Workflows,Step 3 Vendor Manager coordinates vendor response and records action plan or resolution.,P1 Marketplace MVP,Not started
OPS-FR-0867,QC / Vendor Manager / Help Desk,36. Cross-Role Handoffs & Inter-Module Workflows,Step 4 Help Desk receives resolution status and communicates the customer-facing outcome without exposing internal notes.,P1 Marketplace MVP,Not started
OPS-FR-0868,QC / Vendor Manager / Help Desk,36. Cross-Role Handoffs & Inter-Module Workflows,"Step 1 Vendor raises a payment, settlement, fee, commercial or protected status issue with Vendor Manager.",P1 Marketplace MVP,Not started
OPS-FR-0869,QC / Vendor Manager / Help Desk,36. Cross-Role Handoffs & Inter-Module Workflows,"Step 2 Vendor Manager captures structured request, evidence and business justification.",P1 Marketplace MVP,Not started
OPS-FR-0870,QC / Vendor Manager / Help Desk,36. Cross-Role Handoffs & Inter-Module Workflows,Step 3 The system routes the request to the authoritative Accounts/Super Admin workflow rather than applying a direct change.,P1 Marketplace MVP,Not started
OPS-FR-0871,QC / Vendor Manager / Help Desk,36. Cross-Role Handoffs & Inter-Module Workflows,Step 4 Decision and implementation reference return to Vendor Manager for vendor communication and closure. 36.5 Help Desk → Accounts Refund Investigation,P1 Marketplace MVP,Not started
OPS-FR-0872,QC / Vendor Manager / Help Desk,36. Cross-Role Handoffs & Inter-Module Workflows,Step 1 Help Desk verifies order/payment/refund IDs and confirms that the expected credit window has passed or a failure state exists.,P1 Marketplace MVP,Not started
OPS-FR-0873,QC / Vendor Manager / Help Desk,36. Cross-Role Handoffs & Inter-Module Workflows,Step 2 Help Desk creates a finance investigation with safe customer statement and references.,P1 Marketplace MVP,Not started
OPS-FR-0874,QC / Vendor Manager / Help Desk,36. Cross-Role Handoffs & Inter-Module Workflows,Step 3 Accounts reconciles provider/bank status in the Accounts portal.,P1 Marketplace MVP,Not started
OPS-FR-0875,QC / Vendor Manager / Help Desk,36. Cross-Role Handoffs & Inter-Module Workflows,Step 4 Help Desk receives a support-safe result and updates the customer ticket. 37. Integrations & External Service Behaviour,P1 Marketplace MVP,Not started
OPS-FR-0876,QC / Vendor Manager / Help Desk,37. Integrations & External Service Behaviour,"The portal shall consume order, payment, refund, shipment, vendor, catalog, stock and QC source data through authenticated APIs/events rather than local unsynchronised copies where practicable.",P4 Growth & Control,Not started
OPS-FR-0877,QC / Vendor Manager / Help Desk,37. Integrations & External Service Behaviour,"Webhook/event consumers shall be idempotent and shall not duplicate tickets, QC cases or tasks on repeated delivery.",P4 Growth & Control,Not started
OPS-FR-0878,QC / Vendor Manager / Help Desk,37. Integrations & External Service Behaviour,External communication provider failures shall be visible with retry status and shall not falsely mark a message delivered.,P4 Growth & Control,Not started
OPS-FR-0879,QC / Vendor Manager / Help Desk,37. Integrations & External Service Behaviour,Telephony/chat integrations shall preserve provider IDs and timestamps for troubleshooting.,P4 Growth & Control,Not started
OPS-FR-0880,QC / Vendor Manager / Help Desk,37. Integrations & External Service Behaviour,Carrier tracking shall show provider/source timestamp and latest synchronisation time.,P4 Growth & Control,Not started
OPS-FR-0881,QC / Vendor Manager / Help Desk,37. Integrations & External Service Behaviour,Cross-system status updates shall handle delayed/out-of-order events using version or event-time rules.,P4 Growth & Control,Not started
OPS-FR-0882,QC / Vendor Manager / Help Desk,37. Integrations & External Service Behaviour,Integration errors affecting a user action shall return a recoverable error and correlation ID; irreversible partial actions shall be prevented or reconciled.,P4 Growth & Control,Not started
OPS-FR-0883,QC / Vendor Manager / Help Desk,37. Integrations & External Service Behaviour,"API access shall be permission-scoped and sensitive fields filtered server-side, not only hidden in the UI. 38. Privacy, Security & Data Handling Requirement ID",P4 Growth & Control,Not started
OPS-FR-0884,QC / Vendor Manager / Help Desk,"38. Privacy, Security & Data Handling",Customer and vendor personal data shall be displayed on a need-to-know basis and masked by default.,P0 Foundation,Not started
OPS-FR-0885,QC / Vendor Manager / Help Desk,"38. Privacy, Security & Data Handling","Users shall not be allowed to capture payment secrets such as CVV, OTP, PIN or account passwords in structured fields or notes.",P0 Foundation,Not started
OPS-FR-0886,QC / Vendor Manager / Help Desk,"38. Privacy, Security & Data Handling",Sensitive free-text fields shall display warnings and may apply automated redaction rules where configured.,P0 Foundation,Not started
OPS-FR-0887,QC / Vendor Manager / Help Desk,"38. Privacy, Security & Data Handling","Download links for sensitive attachments shall be authenticated, time-limited where appropriate and logged.",P0 Foundation,Not started
OPS-FR-0888,QC / Vendor Manager / Help Desk,"38. Privacy, Security & Data Handling",Record access shall be enforced server-side using role and data scope.,P0 Foundation,Not started
OPS-FR-0889,QC / Vendor Manager / Help Desk,"38. Privacy, Security & Data Handling","Attachment upload shall validate MIME type, file signature, size and malware scan status.",P0 Foundation,Not started
OPS-FR-0890,QC / Vendor Manager / Help Desk,"38. Privacy, Security & Data Handling",Personally identifiable information in exports shall be minimized and protected by access policy.,P0 Foundation,Not started
OPS-FR-0891,QC / Vendor Manager / Help Desk,"38. Privacy, Security & Data Handling",Data retention/deletion requests shall route to the authoritative privacy workflow; operational users shall not manually purge source records outside policy.,P0 Foundation,Not started
OPS-FR-0892,QC / Vendor Manager / Help Desk,"38. Privacy, Security & Data Handling",Users shall be able to report suspected security/privacy incidents through an internal escalation path.,P0 Foundation,Not started
OPS-FR-0893,QC / Vendor Manager / Help Desk,"38. Privacy, Security & Data Handling","Application logs shall avoid recording secrets and unnecessary full PII. 39. Validation, Error Handling & Concurrency Requirement ID",P0 Foundation,Not started
OPS-FR-0894,QC / Vendor Manager / Help Desk,"39. Validation, Error Handling & Concurrency",All mandatory fields shall be validated on client and server; server validation is authoritative.,P0 Foundation,Not started
OPS-FR-0895,QC / Vendor Manager / Help Desk,"39. Validation, Error Handling & Concurrency",Validation errors shall identify the affected field and provide a corrective message without exposing implementation details.,P0 Foundation,Not started
OPS-FR-0896,QC / Vendor Manager / Help Desk,"39. Validation, Error Handling & Concurrency","If a record has changed since the user opened it, destructive/state-changing updates shall detect the conflict and require refresh/review.",P0 Foundation,Not started
OPS-FR-0897,QC / Vendor Manager / Help Desk,"39. Validation, Error Handling & Concurrency",Double-click/retry of state-changing actions shall be idempotent or protected from duplicate processing.,P0 Foundation,Not started
OPS-FR-0898,QC / Vendor Manager / Help Desk,"39. Validation, Error Handling & Concurrency",Long-running exports/imports shall execute as background jobs with status and downloadable result/error file.,P0 Foundation,Not started
OPS-FR-0899,QC / Vendor Manager / Help Desk,"39. Validation, Error Handling & Concurrency",Partial bulk failures shall not roll back successful independent items unless transaction semantics require all-or-nothing behavior.,P0 Foundation,Not started
OPS-FR-0900,QC / Vendor Manager / Help Desk,"39. Validation, Error Handling & Concurrency","If an integration is unavailable, the UI shall distinguish temporary technical failure from business rejection.",P0 Foundation,Not started
OPS-FR-0901,QC / Vendor Manager / Help Desk,"39. Validation, Error Handling & Concurrency",Failed communications shall remain retryable and shall not be displayed as delivered.,P0 Foundation,Not started
OPS-FR-0902,QC / Vendor Manager / Help Desk,"39. Validation, Error Handling & Concurrency",Offline/stale source data shall display last synchronised time when material to user decisions.,P0 Foundation,Not started
OPS-FR-0903,QC / Vendor Manager / Help Desk,"39. Validation, Error Handling & Concurrency",Irreversible actions shall require a confirmation dialog describing impact and required reason where applicable. 40. Non-Functional Requirements Requirement ID,P0 Foundation,Not started
OPS-FR-0904,QC / Vendor Manager / Help Desk,40. Non-Functional Requirements,Primary list and detail screens should meet agreed performance targets under expected concurrent load; backend pagination is required for large datasets.,P0 Foundation,Not started
OPS-FR-0905,QC / Vendor Manager / Help Desk,40. Non-Functional Requirements,Critical operational actions shall provide visible completion/failure feedback without requiring manual page refresh.,P0 Foundation,Not started
OPS-FR-0906,QC / Vendor Manager / Help Desk,40. Non-Functional Requirements,The web application shall support current enterprise desktop browsers and responsive layouts for standard laptop resolutions.,P0 Foundation,Not started
OPS-FR-0907,QC / Vendor Manager / Help Desk,40. Non-Functional Requirements,"Keyboard navigation, focus states, labels, error associations and contrast shall meet the project accessibility standard.",P0 Foundation,Not started
OPS-FR-0908,QC / Vendor Manager / Help Desk,40. Non-Functional Requirements,"Service availability, backup, disaster recovery, RPO and RTO shall follow Shopeye production infrastructure standards.",P0 Foundation,Not started
OPS-FR-0909,QC / Vendor Manager / Help Desk,40. Non-Functional Requirements,"Operational logs and metrics shall support monitoring of API latency, error rates, background jobs, integrations and SLA calculation health.",P0 Foundation,Not started
OPS-FR-0910,QC / Vendor Manager / Help Desk,40. Non-Functional Requirements,User-facing dates/times shall use configured timezone and clear date-time formats while storing canonical timestamps server-side.,P0 Foundation,Not started
OPS-FR-0911,QC / Vendor Manager / Help Desk,40. Non-Functional Requirements,Amounts and percentages displayed from source systems shall use consistent currency/rounding rules and shall not be independently recalculated by Help Desk or Vendor Manager UI unless specified.,P0 Foundation,Not started
OPS-FR-0912,QC / Vendor Manager / Help Desk,40. Non-Functional Requirements,All requirement-controlled actions shall be testable through deterministic acceptance criteria and auditable server responses.,P0 Foundation,Not started
OPS-FR-0913,QC / Vendor Manager / Help Desk,40. Non-Functional Requirements,Feature flags may be used for staged rollout but must not bypass authorization. 41. Recommended Status Models Entity,P0 Foundation,Not started
OPS-FR-0914,QC / Vendor Manager / Help Desk,41. Recommended Status Models,Status transitions shall be explicitly validated; users shall not be able to jump to invalid states through UI or API.,P0 Foundation,Not started
OPS-FR-0915,QC / Vendor Manager / Help Desk,41. Recommended Status Models,"Each transition shall record actor, timestamp, source, reason where required and previous/new state.",P0 Foundation,Not started
OPS-FR-0916,QC / Vendor Manager / Help Desk,41. Recommended Status Models,Automatic transitions shall identify the system/rule as actor and preserve the triggering event.,P0 Foundation,Not started
OPS-FR-0917,QC / Vendor Manager / Help Desk,41. Recommended Status Models,Reopening a closed entity shall not erase its prior closure/resolution history. 42. Recommended Web Screen Inventory Area,P0 Foundation,Not started
OPS-FR-0918,QC / Vendor Manager / Help Desk,43. End-to-End UAT Scenarios,,P1 Marketplace MVP,Not started
OPS-FR-0919,QC / Vendor Manager / Help Desk,43. End-to-End UAT Scenarios,,P1 Marketplace MVP,Not started
OPS-FR-0920,QC / Vendor Manager / Help Desk,43. End-to-End UAT Scenarios,,P1 Marketplace MVP,Not started
OPS-FR-0921,QC / Vendor Manager / Help Desk,43. End-to-End UAT Scenarios,,P1 Marketplace MVP,Not started
OPS-FR-0922,QC / Vendor Manager / Help Desk,43. End-to-End UAT Scenarios,,P1 Marketplace MVP,Not started
OPS-FR-0923,QC / Vendor Manager / Help Desk,43. End-to-End UAT Scenarios,,P1 Marketplace MVP,Not started
OPS-FR-0924,QC / Vendor Manager / Help Desk,43. End-to-End UAT Scenarios,,P1 Marketplace MVP,Not started
OPS-FR-0925,QC / Vendor Manager / Help Desk,43. End-to-End UAT Scenarios,,P1 Marketplace MVP,Not started
OPS-FR-0926,QC / Vendor Manager / Help Desk,43. End-to-End UAT Scenarios,,P1 Marketplace MVP,Not started
OPS-FR-0927,QC / Vendor Manager / Help Desk,43. End-to-End UAT Scenarios,UAT ID Scenario Acceptance,P1 Marketplace MVP,Not started
OPS-FR-0928,QC / Vendor Manager / Help Desk,43. End-to-End UAT Scenarios,,P1 Marketplace MVP,Not started
OPS-FR-0929,QC / Vendor Manager / Help Desk,43. End-to-End UAT Scenarios,,P1 Marketplace MVP,Not started
OPS-FR-0930,QC / Vendor Manager / Help Desk,43. End-to-End UAT Scenarios,,P1 Marketplace MVP,Not started
OPS-FR-0931,QC / Vendor Manager / Help Desk,43. End-to-End UAT Scenarios,,P1 Marketplace MVP,Not started
OPS-FR-0932,QC / Vendor Manager / Help Desk,43. End-to-End UAT Scenarios,,P1 Marketplace MVP,Not started
OPS-FR-0933,QC / Vendor Manager / Help Desk,43. End-to-End UAT Scenarios,,P1 Marketplace MVP,Not started
OPS-FR-0934,QC / Vendor Manager / Help Desk,43. End-to-End UAT Scenarios,,P1 Marketplace MVP,Not started
OPS-FR-0935,QC / Vendor Manager / Help Desk,43. End-to-End UAT Scenarios,,P1 Marketplace MVP,Not started
OPS-FR-0936,QC / Vendor Manager / Help Desk,43. End-to-End UAT Scenarios,,P1 Marketplace MVP,Not started
OPS-FR-0937,QC / Vendor Manager / Help Desk,43. End-to-End UAT Scenarios,,P1 Marketplace MVP,Not started
OPS-FR-0938,QC / Vendor Manager / Help Desk,43. End-to-End UAT Scenarios,,P1 Marketplace MVP,Not started
OPS-FR-0939,QC / Vendor Manager / Help Desk,43. End-to-End UAT Scenarios,UAT ID Scenario Acceptance,P1 Marketplace MVP,Not started
OPS-FR-0940,QC / Vendor Manager / Help Desk,43. End-to-End UAT Scenarios,,P1 Marketplace MVP,Not started
OPS-FR-0941,QC / Vendor Manager / Help Desk,43. End-to-End UAT Scenarios,,P1 Marketplace MVP,Not started
OPS-FR-0942,QC / Vendor Manager / Help Desk,43. End-to-End UAT Scenarios,,P1 Marketplace MVP,Not started
OPS-FR-0943,QC / Vendor Manager / Help Desk,43. End-to-End UAT Scenarios,,P1 Marketplace MVP,Not started
OPS-FR-0944,QC / Vendor Manager / Help Desk,43. End-to-End UAT Scenarios,,P1 Marketplace MVP,Not started
OPS-FR-0945,QC / Vendor Manager / Help Desk,43. End-to-End UAT Scenarios,,P1 Marketplace MVP,Not started
OPS-FR-0946,QC / Vendor Manager / Help Desk,43. End-to-End UAT Scenarios,,P1 Marketplace MVP,Not started
OPS-FR-0947,QC / Vendor Manager / Help Desk,43. End-to-End UAT Scenarios,,P1 Marketplace MVP,Not started
OPS-FR-0948,QC / Vendor Manager / Help Desk,43. End-to-End UAT Scenarios,,P1 Marketplace MVP,Not started
OPS-FR-0949,QC / Vendor Manager / Help Desk,43. End-to-End UAT Scenarios,,P1 Marketplace MVP,Not started
OPS-FR-0950,QC / Vendor Manager / Help Desk,43. End-to-End UAT Scenarios,,P1 Marketplace MVP,Not started
OPS-FR-0951,QC / Vendor Manager / Help Desk,43. End-to-End UAT Scenarios,UAT ID Scenario Acceptance,P1 Marketplace MVP,Not started
OPS-FR-0952,QC / Vendor Manager / Help Desk,43. End-to-End UAT Scenarios,,P1 Marketplace MVP,Not started
OPS-FR-0953,QC / Vendor Manager / Help Desk,43. End-to-End UAT Scenarios,,P1 Marketplace MVP,Not started
OPS-FR-0954,QC / Vendor Manager / Help Desk,43. End-to-End UAT Scenarios,,P1 Marketplace MVP,Not started
OPS-FR-0955,QC / Vendor Manager / Help Desk,43. End-to-End UAT Scenarios,,P1 Marketplace MVP,Not started
OPS-FR-0956,QC / Vendor Manager / Help Desk,43. End-to-End UAT Scenarios,,P1 Marketplace MVP,Not started
OPS-FR-0957,QC / Vendor Manager / Help Desk,43. End-to-End UAT Scenarios,UAT ID Scenario Acceptance,P1 Marketplace MVP,Not started
OPS-FR-0958,QC / Vendor Manager / Help Desk,43. End-to-End UAT Scenarios,–,P1 Marketplace MVP,Not started
OPS-FR-0959,QC / Vendor Manager / Help Desk,45. Definition of Done,"UI/UX screens cover all mandatory fields, states, empty/loading/error conditions and permission variants.",P1 Marketplace MVP,Not started
OPS-FR-0960,QC / Vendor Manager / Help Desk,45. Definition of Done,Backend APIs enforce the same permissions and validation rules as the UI.,P1 Marketplace MVP,Not started
OPS-FR-0961,QC / Vendor Manager / Help Desk,45. Definition of Done,All state-changing actions produce the required audit trail and correlation IDs.,P1 Marketplace MVP,Not started
OPS-FR-0962,QC / Vendor Manager / Help Desk,45. Definition of Done,Cross-role handoffs are tested end-to-end with source/target status consistency.,P1 Marketplace MVP,Not started
OPS-FR-0963,QC / Vendor Manager / Help Desk,45. Definition of Done,Integration failure and retry scenarios are tested without duplicate side effects.,P1 Marketplace MVP,Not started
OPS-FR-0964,QC / Vendor Manager / Help Desk,45. Definition of Done,"PII masking, export restrictions and sensitive attachment access are security-tested.",P1 Marketplace MVP,Not started
OPS-FR-0965,QC / Vendor Manager / Help Desk,45. Definition of Done,UAT scenarios are executed with documented results and critical/high defects resolved or formally accepted.,P1 Marketplace MVP,Not started
OPS-FR-0966,QC / Vendor Manager / Help Desk,45. Definition of Done,Operational reports reconcile to source records for sampled periods.,P1 Marketplace MVP,Not started
OPS-FR-0967,QC / Vendor Manager / Help Desk,43. End-to-End UAT Scenarios,). Requirement Area ID Range Count,P1 Marketplace MVP,Not started
SM-FR-0001,Stock Manager,3. Authentication & Access,User ID / Email / Mobile field The system shall provide the User ID / Email / Mobile text element. Required status: Yes. Validation/allowed values: Valid registered,P0 Foundation,Not started
SM-FR-0002,Stock Manager,3. Authentication & Access,Password field The system shall provide the Password password element. Required status: Yes. Validation/allowed values: Policy-defined,P0 Foundation,Not started
SM-FR-0003,Stock Manager,3. Authentication & Access,Remember Device field The system shall provide the Remember Device checkbox element. Required status: No. Validation/allowed values: Allowed only,P0 Foundation,Not started
SM-FR-0004,Stock Manager,3. Authentication & Access,OTP / MFA Code field The system shall provide the OTP / MFA Code numeric element. Required status: Conditional. Validation/allowed values: 6,P0 Foundation,Not started
SM-FR-0005,Stock Manager,3. Authentication & Access,Forgot Password field The system shall provide the Forgot Password link element. Required status: No. Validation/allowed values: Available from,P0 Foundation,Not started
SM-FR-0006,Stock Manager,3. Authentication & Access,CAPTCHA field The system shall provide the CAPTCHA security control element. Required status: Page 3,P0 Foundation,Not started
SM-FR-0007,Stock Manager,3. Authentication & Access,"Authenticate user Validate active user, password, lock status, assigned warehouse access and MFA requirement before granting access.",P0 Foundation,Not started
SM-FR-0008,Stock Manager,3. Authentication & Access,Login throttling Rate-limit repeated failures and temporarily lock accounts according to security policy.,P0 Foundation,Not started
SM-FR-0009,Stock Manager,3. Authentication & Access,MFA challenge Support OTP/authenticator-based second factor when configured.,P0 Foundation,Not started
SM-FR-0010,Stock Manager,3. Authentication & Access,Password reset Verify identity through approved recovery factor before accepting a new password.,P0 Foundation,Not started
SM-FR-0011,Stock Manager,3. Authentication & Access,Session timeout Expire inactive sessions and require reauthentication for sensitive actions.,P0 Foundation,Not started
SM-FR-0012,Stock Manager,3. Authentication & Access,Force logout handling Terminate session immediately when access is revoked by an authorized administrator.,P0 Foundation,Not started
SM-FR-0013,Stock Manager,3. Authentication & Access,Device visibility Show active sessions/devices and allow the current user to revoke other sessions.,P0 Foundation,Not started
SM-FR-0014,Stock Manager,3. Authentication & Access,Unauthorized warehouse denial Reject direct URL/API access to warehouses or locations outside the user scope.,P0 Foundation,Not started
SM-FR-0015,Stock Manager,4. Dashboard,Warehouse Selector field The system shall provide the Warehouse Selector dropdown element. Required status: Yes. Validation/allowed values: Assigned,P1 Marketplace MVP,Not started
SM-FR-0016,Stock Manager,4. Dashboard,Date Range field The system shall provide the Date Range date range element. Required status: Yes. Validation/allowed values: Today / 7 days / 30,P1 Marketplace MVP,Not started
SM-FR-0017,Stock Manager,4. Dashboard,On-hand Stock field The system shall provide the On-hand Stock kpi element. Required status: Read-only. Validation/allowed values: Calculated.,P1 Marketplace MVP,Not started
SM-FR-0018,Stock Manager,4. Dashboard,Available Stock field The system shall provide the Available Stock kpi element. Required status: Read-only. Validation/allowed values: Calculated.,P1 Marketplace MVP,Not started
SM-FR-0019,Stock Manager,4. Dashboard,Reserved Stock field The system shall provide the Reserved Stock kpi element. Required status: Read-only. Validation/allowed values: Calculated.,P1 Marketplace MVP,Not started
SM-FR-0020,Stock Manager,4. Dashboard,Low Stock SKU Count field The system shall provide the Low Stock SKU Count kpi element. Required status: Readonly. Validation/allowed values: Thresholddriven. Behaviour: SKUs below replenishment threshold.,P1 Marketplace MVP,Not started
SM-FR-0021,Stock Manager,4. Dashboard,Out of Stock SKU Count field The system shall provide the Out of Stock SKU Count kpi element. Required status: Readonly. Validation/allowed values: Available qty = 0. Behaviour: Shows shortages.,P1 Marketplace MVP,Not started
SM-FR-0022,Stock Manager,4. Dashboard,Pending GRN field The system shall provide the Pending GRN kpi element. Required status: Read-only. Validation/allowed values: Open inbound,P1 Marketplace MVP,Not started
SM-FR-0023,Stock Manager,4. Dashboard,Pending Putaway field The system shall provide the Pending Putaway kpi element. Required status: Read-only. Validation/allowed values: Received not,P1 Marketplace MVP,Not started
SM-FR-0024,Stock Manager,4. Dashboard,Pending Pick Tasks field The system shall provide the Pending Pick Tasks kpi element. Required status: Readonly. Validation/allowed values: Open fulfilment tasks. Behaviour: Outbound,P1 Marketplace MVP,Not started
SM-FR-0025,Stock Manager,4. Dashboard,Pending Cycle Counts field The system shall provide the Pending Cycle Counts kpi element. Required status: Readonly. Validation/allowed values: Assigned,P1 Marketplace MVP,Not started
SM-FR-0026,Stock Manager,4. Dashboard,Stock Exceptions field The system shall provide the Stock Exceptions kpi element. Required status: Read-only. Validation/allowed values: Unresolved,P1 Marketplace MVP,Not started
SM-FR-0027,Stock Manager,4. Dashboard,KPI drill-down Clicking a KPI shall open the corresponding filtered operational queue.,P1 Marketplace MVP,Not started
SM-FR-0028,Stock Manager,4. Dashboard,Refresh dashboard Support manual refresh and timestamp of last successful data load.,P1 Marketplace MVP,Not started
SM-FR-0029,Stock Manager,4. Dashboard,Warehouse isolation All KPI values shall respect the selected warehouse and user access scope.,P1 Marketplace MVP,Not started
SM-FR-0030,Stock Manager,4. Dashboard,"Action queue Display urgent tasks such as inbound overdue, negative stock prevention alerts, blocked bins and failed syncs.",P1 Marketplace MVP,Not started
SM-FR-0031,Stock Manager,4. Dashboard,"Quick actions Provide permission-based shortcuts to Receive Stock, Transfer, Adjust, Cycle Count and Scan SKU.",P1 Marketplace MVP,Not started
SM-FR-0032,Stock Manager,4. Dashboard,Export dashboard Allow export of permitted KPI detail for the selected date/location context.,P1 Marketplace MVP,Not started
SM-FR-0033,Stock Manager,5. Warehouse / Location Context,Warehouse Code field The system shall provide the Warehouse Code text element. Required status: Read-only.,P2 Fulfilment & Ops,Not started
SM-FR-0034,Stock Manager,5. Warehouse / Location Context,Warehouse Name field The system shall provide the Warehouse Name text element. Required status: Readonly. Validation/allowed values: Active warehouse. Behaviour: Human-readable,P2 Fulfilment & Ops,Not started
SM-FR-0035,Stock Manager,5. Warehouse / Location Context,Address field The system shall provide the Address text element. Required status: Read-only. Validation/allowed values: Configured,P2 Fulfilment & Ops,Not started
SM-FR-0036,Stock Manager,5. Warehouse / Location Context,Location Type field The system shall provide the Location Type dropdown element. Required status: Readonly. Validation/allowed values: Warehouse / Store / Dark Store / Hub. Behaviour,P2 Fulfilment & Ops,Not started
SM-FR-0037,Stock Manager,5. Warehouse / Location Context,Timezone field The system shall provide the Timezone text element. Required status: Read-only. Validation/allowed values: Configured,P2 Fulfilment & Ops,Not started
SM-FR-0038,Stock Manager,5. Warehouse / Location Context,Status field The system shall provide the Status status element. Required status: Read-only. Validation/allowed values: Active / Temporarily,P2 Fulfilment & Ops,Not started
SM-FR-0039,Stock Manager,5. Warehouse / Location Context,Default Receiving Zone field The system shall provide the Default Receiving Zone reference element. Required status: Read-only. Validation/allowed values,P2 Fulfilment & Ops,Not started
SM-FR-0040,Stock Manager,5. Warehouse / Location Context,Default Dispatch Zone field The system shall provide the Default Dispatch Zone reference element. Required status: Read-only. Validation/allowed values,P2 Fulfilment & Ops,Not started
SM-FR-0041,Stock Manager,5. Warehouse / Location Context,Switch warehouse Allow users with multi-warehouse access to change operational context without a new login.,P2 Fulfilment & Ops,Not started
SM-FR-0042,Stock Manager,5. Warehouse / Location Context,Context persistence Preserve selected warehouse across screens until changed or session ends.,P2 Fulfilment & Ops,Not started
SM-FR-0043,Stock Manager,5. Warehouse / Location Context,Disabled warehouse behaviour Prevent inventory-changing operations in disabled warehouses.,P2 Fulfilment & Ops,Not started
SM-FR-0044,Stock Manager,5. Warehouse / Location Context,Temporary closure behaviour Show closure warning and restrict activities based on closure policy.,P2 Fulfilment & Ops,Not started
SM-FR-0045,Stock Manager,5. Warehouse / Location Context,Timezone consistency Store timestamps centrally and display in configured warehouse timezone where required.,P2 Fulfilment & Ops,Not started
SM-FR-0046,Stock Manager,6. SKU Search & Stock Lookup,Search field The system shall provide the Search text element. Required status: Yes. Validation/allowed values: SKU / barcode /,P2 Fulfilment & Ops,Not started
SM-FR-0047,Stock Manager,6. SKU Search & Stock Lookup,Warehouse field The system shall provide the Warehouse dropdown element. Required status: Yes. Validation/allowed values: Authorized,P2 Fulfilment & Ops,Not started
SM-FR-0048,Stock Manager,6. SKU Search & Stock Lookup,Zone field The system shall provide the Zone dropdown element. Required status: No. Validation/allowed values: Warehouse zones.,P2 Fulfilment & Ops,Not started
SM-FR-0049,Stock Manager,6. SKU Search & Stock Lookup,Bin field The system shall provide the Bin text/scan element. Required status: No. Validation/allowed values: Valid bin code.,P2 Fulfilment & Ops,Not started
SM-FR-0050,Stock Manager,6. SKU Search & Stock Lookup,Stock Status field The system shall provide the Stock Status dropdown element. Required status: No. Validation/allowed values: Available /,P2 Fulfilment & Ops,Not started
SM-FR-0051,Stock Manager,6. SKU Search & Stock Lookup,SKU field The system shall provide the SKU text element. Required status: Read-only. Validation/allowed values: Unique SKU.,P2 Fulfilment & Ops,Not started
SM-FR-0052,Stock Manager,6. SKU Search & Stock Lookup,Barcode field The system shall provide the Barcode text element. Required status: Read-only. Validation/allowed values: Configured code.,P2 Fulfilment & Ops,Not started
SM-FR-0053,Stock Manager,6. SKU Search & Stock Lookup,Product / Variant field The system shall provide the Product / Variant text element. Required status: Read-only. Validation/allowed values: Catalog reference.,P2 Fulfilment & Ops,Not started
SM-FR-0054,Stock Manager,6. SKU Search & Stock Lookup,On Hand field The system shall provide the On Hand number element. Required status: Read-only. Validation/allowed values: >=0 normally.,P2 Fulfilment & Ops,Not started
SM-FR-0055,Stock Manager,6. SKU Search & Stock Lookup,Available field The system shall provide the Available number element. Required status: Read-only. Validation/allowed values: Derived. Behaviour,P2 Fulfilment & Ops,Not started
SM-FR-0056,Stock Manager,6. SKU Search & Stock Lookup,Reserved field The system shall provide the Reserved number element. Required status: Read-only. Validation/allowed values: Derived. Behaviour,P2 Fulfilment & Ops,Not started
SM-FR-0057,Stock Manager,6. SKU Search & Stock Lookup,Hold field The system shall provide the Hold number element. Required status: Read-only. Validation/allowed values: Derived. Behaviour,P2 Fulfilment & Ops,Not started
SM-FR-0058,Stock Manager,6. SKU Search & Stock Lookup,Barcode scan lookup Resolve an item immediately when a valid barcode is scanned.,P2 Fulfilment & Ops,Not started
SM-FR-0059,Stock Manager,6. SKU Search & Stock Lookup,Serial lookup Find exact serialized inventory and its current status/location.,P2 Fulfilment & Ops,Not started
SM-FR-0060,Stock Manager,6. SKU Search & Stock Lookup,Stock by location Show quantity breakdown by zone and bin.,P2 Fulfilment & Ops,Not started
SM-FR-0061,Stock Manager,6. SKU Search & Stock Lookup,Ledger shortcut Allow opening stock ledger directly from SKU results.,P2 Fulfilment & Ops,Not started
SM-FR-0062,Stock Manager,6. SKU Search & Stock Lookup,"Recent movement shortcut Show recent receipts, transfers, adjustments and allocations.",P2 Fulfilment & Ops,Not started
SM-FR-0063,Stock Manager,6. SKU Search & Stock Lookup,Export lookup Export filtered stock lookup results subject to permission.,P2 Fulfilment & Ops,Not started
SM-FR-0064,Stock Manager,6. SKU Search & Stock Lookup,Sensitive cost visibility Hide cost/valuation fields unless explicitly allowed by permission.,P2 Fulfilment & Ops,Not started
SM-FR-0065,Stock Manager,7. Inbound ASN / Purchase Receipt Queue,ASN / Inbound ID field The system shall provide the ASN / Inbound ID text element. Required status: Read-only. Validation/allowed values: Unique. Behaviour,P2 Fulfilment & Ops,Not started
SM-FR-0066,Stock Manager,7. Inbound ASN / Purchase Receipt Queue,Supplier / Vendor field The system shall provide the Supplier / Vendor reference element. Required status: Readonly. Validation/allowed values: Configured source. Behaviour: Source entity.,P2 Fulfilment & Ops,Not started
SM-FR-0067,Stock Manager,7. Inbound ASN / Purchase Receipt Queue,Expected Date field The system shall provide the Expected Date date element. Required status: Read-only. Validation/allowed values: Configured.,P2 Fulfilment & Ops,Not started
SM-FR-0068,Stock Manager,7. Inbound ASN / Purchase Receipt Queue,Warehouse field The system shall provide the Warehouse reference element. Required status: Readonly. Validation/allowed values: Current/authorized. Behaviour: Destination.,P2 Fulfilment & Ops,Not started
SM-FR-0069,Stock Manager,7. Inbound ASN / Purchase Receipt Queue,Expected Lines field The system shall provide the Expected Lines number element. Required status: Read-only. Validation/allowed values: >=1. Behaviour,P2 Fulfilment & Ops,Not started
SM-FR-0070,Stock Manager,7. Inbound ASN / Purchase Receipt Queue,Expected Qty field The system shall provide the Expected Qty number element. Required status: Read-only. Validation/allowed values: >=1. Behaviour,P2 Fulfilment & Ops,Not started
SM-FR-0071,Stock Manager,7. Inbound ASN / Purchase Receipt Queue,Received Qty field The system shall provide the Received Qty number element. Required status: Read-only. Validation/allowed values: >=0. Behaviour,P2 Fulfilment & Ops,Not started
SM-FR-0072,Stock Manager,7. Inbound ASN / Purchase Receipt Queue,Status field The system shall provide the Status status element. Required status: Read-only. Validation/allowed values: Expected / Partially,P2 Fulfilment & Ops,Not started
SM-FR-0073,Stock Manager,7. Inbound ASN / Purchase Receipt Queue,Search / Filter field The system shall provide the Search / Filter Page 10,P2 Fulfilment & Ops,Not started
SM-FR-0074,Stock Manager,7. Inbound ASN / Purchase Receipt Queue,View inbound Open inbound line details and expected quantities.,P2 Fulfilment & Ops,Not started
SM-FR-0075,Stock Manager,7. Inbound ASN / Purchase Receipt Queue,Start receipt Create a receiving session against an eligible inbound.,P2 Fulfilment & Ops,Not started
SM-FR-0076,Stock Manager,7. Inbound ASN / Purchase Receipt Queue,Ad-hoc receipt control Allow receipt without ASN only when permission and policy allow.,P2 Fulfilment & Ops,Not started
SM-FR-0077,Stock Manager,7. Inbound ASN / Purchase Receipt Queue,Partial receipt Allow partial receiving and keep remaining quantity open.,P2 Fulfilment & Ops,Not started
SM-FR-0078,Stock Manager,7. Inbound ASN / Purchase Receipt Queue,Over-receipt tolerance Block or route excess quantity beyond configured tolerance.,P2 Fulfilment & Ops,Not started
SM-FR-0079,Stock Manager,7. Inbound ASN / Purchase Receipt Queue,Unexpected SKU handling Block or quarantine unexpected SKU based on configured policy.,P2 Fulfilment & Ops,Not started
SM-FR-0080,Stock Manager,7. Inbound ASN / Purchase Receipt Queue,Inbound cancellation awareness Prevent receipt against cancelled/closed inbound references.,P2 Fulfilment & Ops,Not started
SM-FR-0081,Stock Manager,8. Goods Receipt Note (GRN),GRN Number field The system shall provide the GRN Number auto id element. Required status: Read-only. Validation/allowed values: Unique sequence.,P2 Fulfilment & Ops,Not started
SM-FR-0082,Stock Manager,8. Goods Receipt Note (GRN),Inbound Reference field The system shall provide the Inbound Reference reference element. Required status: Conditional. Validation/allowed values: Valid,P2 Fulfilment & Ops,Not started
SM-FR-0083,Stock Manager,8. Goods Receipt Note (GRN),Receipt Date/Time field The system shall provide the Receipt Date/Time datetime element. Required status: Yes. Validation/allowed values,P2 Fulfilment & Ops,Not started
SM-FR-0084,Stock Manager,8. Goods Receipt Note (GRN),Receiving Dock field The system shall provide the Receiving Dock reference element. Required status: Yes. Validation/allowed values: Active receiving,P2 Fulfilment & Ops,Not started
SM-FR-0085,Stock Manager,8. Goods Receipt Note (GRN),Vehicle / Courier Reference field The system shall provide the Vehicle / Courier Reference text element. Required status: No. Validation/allowed values: Free text.,P2 Fulfilment & Ops,Not started
SM-FR-0086,Stock Manager,8. Goods Receipt Note (GRN),Package Count field The system shall provide the Package Count integer element. Required status: No. Validation/allowed values: >=0. Behaviour,P2 Fulfilment & Ops,Not started
SM-FR-0087,Stock Manager,8. Goods Receipt Note (GRN),SKU / Barcode field The system shall provide the SKU / Barcode text/scan element. Required status: Yes. Validation/allowed values: Valid receivable,P2 Fulfilment & Ops,Not started
SM-FR-0088,Stock Manager,8. Goods Receipt Note (GRN),Expected Qty field The system shall provide the Expected Qty number element. Required status: Read-only. Validation/allowed values: >=0. Behaviour,P2 Fulfilment & Ops,Not started
SM-FR-0089,Stock Manager,8. Goods Receipt Note (GRN),Received Qty field The system shall provide the Received Qty number element. Required status: Yes. Validation/allowed values: >0. Behaviour,P2 Fulfilment & Ops,Not started
SM-FR-0090,Stock Manager,8. Goods Receipt Note (GRN),Accepted Qty field The system shall provide the Accepted Qty number element. Required status: Yes. Validation/allowed values: 0..received.,P2 Fulfilment & Ops,Not started
SM-FR-0091,Stock Manager,8. Goods Receipt Note (GRN),Rejected Qty field The system shall provide the Rejected Qty number element. Required status: Conditional. Validation/allowed values,P2 Fulfilment & Ops,Not started
SM-FR-0092,Stock Manager,8. Goods Receipt Note (GRN),Batch / Lot field The system shall provide the Batch / Lot text element. Required status: Conditional. Validation/allowed values: Required for lottracked SKU. Behaviour: Traceability.,P2 Fulfilment & Ops,Not started
SM-FR-0093,Stock Manager,8. Goods Receipt Note (GRN),Expiry Date field The system shall provide the Expiry Date date element. Required status: Conditional. Validation/allowed values: Required for expirycontrolled SKU. Behaviour: Expiry tracking.,P2 Fulfilment & Ops,Not started
SM-FR-0094,Stock Manager,8. Goods Receipt Note (GRN),Serial / IMEI field The system shall provide the Serial / IMEI text/scan element. Required status: Conditional. Validation/allowed values,P2 Fulfilment & Ops,Not started
SM-FR-0095,Stock Manager,8. Goods Receipt Note (GRN),Condition field The system shall provide the Condition dropdown element. Required status: Yes. Validation/allowed values: Good / Damaged /,P2 Fulfilment & Ops,Not started
SM-FR-0096,Stock Manager,8. Goods Receipt Note (GRN),Remarks field The system shall provide the Remarks textarea element. Required status: Conditional. Validation/allowed values: Required for,P2 Fulfilment & Ops,Not started
SM-FR-0097,Stock Manager,8. Goods Receipt Note (GRN),Evidence field The system shall provide the Evidence attachment element. Required status: Conditional. Validation/allowed values,P2 Fulfilment & Ops,Not started
SM-FR-0098,Stock Manager,8. Goods Receipt Note (GRN),Create GRN Create a draft GRN for an eligible inbound/receipt.,P2 Fulfilment & Ops,Not started
SM-FR-0099,Stock Manager,8. Goods Receipt Note (GRN),Scan receiving Increment or capture received units through barcode/serial scan.,P2 Fulfilment & Ops,Not started
SM-FR-0100,Stock Manager,8. Goods Receipt Note (GRN),Duplicate serial prevention Reject a serial/IMEI already active in inventory.,P2 Fulfilment & Ops,Not started
SM-FR-0101,Stock Manager,8. Goods Receipt Note (GRN),Batch validation Validate batch and expiry rules before receipt posting.,P2 Fulfilment & Ops,Not started
SM-FR-0102,Stock Manager,8. Goods Receipt Note (GRN),Damage segregation Route damaged/rejected quantity to configured damaged/quarantine location.,P2 Fulfilment & Ops,Not started
SM-FR-0103,Stock Manager,8. Goods Receipt Note (GRN),Post GRN Posting shall create immutable receipt ledger entries and update on-hand stock.,P2 Fulfilment & Ops,Not started
SM-FR-0104,Stock Manager,8. Goods Receipt Note (GRN),GRN edit restriction Posted quantity-impacting GRN data shall not be directly editable; corrections require reversal/adjustment.,P2 Fulfilment & Ops,Not started
SM-FR-0105,Stock Manager,8. Goods Receipt Note (GRN),GRN print/download Provide printable/downloadable receipt document.,P2 Fulfilment & Ops,Not started
SM-FR-0106,Stock Manager,8. Goods Receipt Note (GRN),"GRN audit Capture creator, receiver, posting user, timestamps and any exception approvals.",P2 Fulfilment & Ops,Not started
SM-FR-0107,Stock Manager,8. Goods Receipt Note (GRN),Receipt notification Trigger relevant operational notifications on Page 13,P2 Fulfilment & Ops,Not started
SM-FR-0108,Stock Manager,9. Putaway Management,Putaway Task ID field The system shall provide the Putaway Task ID text element. Required status: Read-only. Validation/allowed values: Unique. Behaviour,P2 Fulfilment & Ops,Not started
SM-FR-0109,Stock Manager,9. Putaway Management,GRN / Receipt field The system shall provide the GRN / Receipt reference element. Required status: Readonly. Validation/allowed values: Posted receipt. Behaviour: Source.,P2 Fulfilment & Ops,Not started
SM-FR-0110,Stock Manager,9. Putaway Management,SKU field The system shall provide the SKU reference element. Required status: Read-only. Validation/allowed values: Received SKU.,P2 Fulfilment & Ops,Not started
SM-FR-0111,Stock Manager,9. Putaway Management,Qty to Putaway field The system shall provide the Qty to Putaway number element. Required status: Read-only. Validation/allowed values: >0. Behaviour,P2 Fulfilment & Ops,Not started
SM-FR-0112,Stock Manager,9. Putaway Management,Source Zone field The system shall provide the Source Zone reference element. Required status: Readonly. Validation/allowed values: Receiving/staging. Behaviour: Current,P2 Fulfilment & Ops,Not started
SM-FR-0113,Stock Manager,9. Putaway Management,Suggested Bin field The system shall provide the Suggested Bin Page 14,P2 Fulfilment & Ops,Not started
SM-FR-0114,Stock Manager,9. Putaway Management,Destination Bin field The system shall provide the Destination Bin scan/reference element. Required status: Yes. Validation/allowed values: Active compatible,P2 Fulfilment & Ops,Not started
SM-FR-0115,Stock Manager,9. Putaway Management,Putaway Qty field The system shall provide the Putaway Qty number element. Required status: Yes. Validation/allowed values: >0 and <= pending.,P2 Fulfilment & Ops,Not started
SM-FR-0116,Stock Manager,9. Putaway Management,Batch/Serial field The system shall provide the Batch/Serial reference element. Required status: Conditional. Validation/allowed values,P2 Fulfilment & Ops,Not started
SM-FR-0117,Stock Manager,9. Putaway Management,Exception Reason field The system shall provide the Exception Reason dropdown element. Required status: Conditional. Validation/allowed values: Bin full,P2 Fulfilment & Ops,Not started
SM-FR-0118,Stock Manager,9. Putaway Management,Generate tasks Create putaway tasks automatically from accepted receipt stock.,P2 Fulfilment & Ops,Not started
SM-FR-0119,Stock Manager,9. Putaway Management,"Bin suggestion Suggest destination based on capacity, SKU rules, velocity and compatibility.",P2 Fulfilment & Ops,Not started
SM-FR-0120,Stock Manager,9. Putaway Management,Scan destination Require/allow bin barcode scan before confirming placement.,P2 Fulfilment & Ops,Not started
SM-FR-0121,Stock Manager,9. Putaway Management,Capacity validation Prevent quantity from exceeding bin capacity where capacity is configured.,P2 Fulfilment & Ops,Not started
SM-FR-0122,Stock Manager,9. Putaway Management,Compatibility validation Prevent hazardous/incompatible or wrongtemperature placement according to rules.,P2 Fulfilment & Ops,Not started
SM-FR-0123,Stock Manager,9. Putaway Management,Partial putaway Allow quantity to be split across multiple destination bins.,P2 Fulfilment & Ops,Not started
SM-FR-0124,Stock Manager,9. Putaway Management,Alternative bin Allow permitted user to choose another valid bin and capture deviation reason.,P2 Fulfilment & Ops,Not started
SM-FR-0125,Stock Manager,9. Putaway Management,Complete task Update location stock and ledger when putaway is confirmed.,P2 Fulfilment & Ops,Not started
SM-FR-0126,Stock Manager,9. Putaway Management,Putaway exception queue Route unresolved putaway problems to an exception queue.,P2 Fulfilment & Ops,Not started
SM-FR-0127,Stock Manager,"10. Zone, Aisle, Rack & Bin Directory",Zone Code field The system shall provide the Zone Code text element. Required status: Read-only. Validation/allowed values: Unique. Behaviour,P2 Fulfilment & Ops,Not started
SM-FR-0128,Stock Manager,"10. Zone, Aisle, Rack & Bin Directory",Zone Name field The system shall provide the Zone Name text element. Required status: Read-only. Validation/allowed values: Configured.,P2 Fulfilment & Ops,Not started
SM-FR-0129,Stock Manager,"10. Zone, Aisle, Rack & Bin Directory",Aisle field The system shall provide the Aisle text element. Required status: Read-only. Validation/allowed values: Configured.,P2 Fulfilment & Ops,Not started
SM-FR-0130,Stock Manager,"10. Zone, Aisle, Rack & Bin Directory",Rack field The system shall provide the Rack text element. Required status: Read-only. Validation/allowed values: Configured.,P2 Fulfilment & Ops,Not started
SM-FR-0131,Stock Manager,"10. Zone, Aisle, Rack & Bin Directory",Shelf / Level field The system shall provide the Shelf / Level text element. Required status: Read-only. Validation/allowed values: Configured.,P2 Fulfilment & Ops,Not started
SM-FR-0132,Stock Manager,"10. Zone, Aisle, Rack & Bin Directory",Bin Code field The system shall provide the Bin Code text/scan element. Required status: Readonly. Validation/allowed values: Unique. Behaviour: Storage bin identifier.,P2 Fulfilment & Ops,Not started
SM-FR-0133,Stock Manager,"10. Zone, Aisle, Rack & Bin Directory",Bin Type field The system shall provide the Bin Type dropdown element. Required status: Readonly. Validation/allowed values: Pick / Reserve / Receiving / Dispatch / Quarantine / Damaged,P2 Fulfilment & Ops,Not started
SM-FR-0134,Stock Manager,"10. Zone, Aisle, Rack & Bin Directory",Capacity field The system shall provide the Capacity number element. Required status: Read-only. Validation/allowed values: Configured.,P2 Fulfilment & Ops,Not started
SM-FR-0135,Stock Manager,"10. Zone, Aisle, Rack & Bin Directory",Current Utilization field The system shall provide the Current Utilization percent element. Required status,P2 Fulfilment & Ops,Not started
SM-FR-0136,Stock Manager,"10. Zone, Aisle, Rack & Bin Directory",Status field The system shall provide the Status status element. Required status: Read-only. Validation/allowed values: Active / Blocked /,P2 Fulfilment & Ops,Not started
SM-FR-0137,Stock Manager,"10. Zone, Aisle, Rack & Bin Directory",Directory search Search physical locations by code/name.,P2 Fulfilment & Ops,Not started
SM-FR-0138,Stock Manager,"10. Zone, Aisle, Rack & Bin Directory",Bin stock view Show all SKU/batch/serial balances stored in a bin.,P2 Fulfilment & Ops,Not started
SM-FR-0139,Stock Manager,"10. Zone, Aisle, Rack & Bin Directory",Block awareness Prevent movement into blocked/disabled bins.,P2 Fulfilment & Ops,Not started
SM-FR-0140,Stock Manager,"10. Zone, Aisle, Rack & Bin Directory",Empty bin lookup Show eligible empty/available bins for putaway or transfer.,P2 Fulfilment & Ops,Not started
SM-FR-0141,Stock Manager,"10. Zone, Aisle, Rack & Bin Directory",Label print Allow printing bin labels where permission permits.,P2 Fulfilment & Ops,Not started
SM-FR-0142,Stock Manager,"10. Zone, Aisle, Rack & Bin Directory",Capacity warning Warn as capacity approaches configured threshold.,P2 Fulfilment & Ops,Not started
SM-FR-0143,Stock Manager,11. Inventory Balances & Stock Buckets,On Hand Qty field The system shall provide the On Hand Qty number element. Required status: Read-only. Validation/allowed values: Calculated.,P2 Fulfilment & Ops,Not started
SM-FR-0144,Stock Manager,11. Inventory Balances & Stock Buckets,Available Qty field The system shall provide the Available Qty number element. Required status: Read-only. Validation/allowed values: On Hand Reserved - Hold - blocked buckets. Behaviour,P2 Fulfilment & Ops,Not started
SM-FR-0145,Stock Manager,11. Inventory Balances & Stock Buckets,Reserved Qty field The system shall provide the Reserved Qty number element. Required status: Read-only. Validation/allowed values: Allocated demand.,P2 Fulfilment & Ops,Not started
SM-FR-0146,Stock Manager,11. Inventory Balances & Stock Buckets,Hold Qty field The system shall provide the Hold Qty number element. Required status: Read-only. Validation/allowed values: Operational hold.,P2 Fulfilment & Ops,Not started
SM-FR-0147,Stock Manager,11. Inventory Balances & Stock Buckets,Damaged Qty field The system shall provide the Damaged Qty number element. Required status: Read-only. Validation/allowed values: Damage bucket.,P2 Fulfilment & Ops,Not started
SM-FR-0148,Stock Manager,11. Inventory Balances & Stock Buckets,Quarantine Qty field The system shall provide the Quarantine Qty number element. Required status: Read-only. Validation/allowed values: QC hold.,P2 Fulfilment & Ops,Not started
SM-FR-0149,Stock Manager,11. Inventory Balances & Stock Buckets,Expired Qty field The system shall provide the Expired Qty number element. Required status: Read-only. Validation/allowed values: Expiry controlled.,P2 Fulfilment & Ops,Not started
SM-FR-0150,Stock Manager,11. Inventory Balances & Stock Buckets,In Transit Qty field The system shall provide the In Transit Qty number element. Required status: Read-only. Validation/allowed values: Open,P2 Fulfilment & Ops,Not started
SM-FR-0151,Stock Manager,11. Inventory Balances & Stock Buckets,Pending Putaway Qty field The system shall provide the Pending Putaway Qty number element. Required status: Readonly. Validation/allowed values: Received not stored. Behaviour: Inbound staging.,P2 Fulfilment & Ops,Not started
SM-FR-0152,Stock Manager,11. Inventory Balances & Stock Buckets,Safety Stock field The system shall provide the Safety Stock number element. Required status: Read-only. Validation/allowed values: Configured,P2 Fulfilment & Ops,Not started
SM-FR-0153,Stock Manager,11. Inventory Balances & Stock Buckets,Balance derivation Calculate each bucket consistently from posted inventory transactions.,P2 Fulfilment & Ops,Not started
SM-FR-0154,Stock Manager,11. Inventory Balances & Stock Buckets,No silent mutation Prohibit direct database/UI stock edits outside approved inventory transactions.,P2 Fulfilment & Ops,Not started
SM-FR-0155,Stock Manager,11. Inventory Balances & Stock Buckets,Negative stock prevention Block transactions that would make controlled stock buckets negative unless explicit exceptional policy allows.,P2 Fulfilment & Ops,Not started
SM-FR-0156,Stock Manager,11. Inventory Balances & Stock Buckets,Bucket movement Represent status changes as auditable movements between stock buckets.,P2 Fulfilment & Ops,Not started
SM-FR-0157,Stock Manager,11. Inventory Balances & Stock Buckets,Real-time refresh Refresh balances after successful transactions or reservation changes.,P2 Fulfilment & Ops,Not started
SM-FR-0158,Stock Manager,11. Inventory Balances & Stock Buckets,Concurrency control Prevent double consumption of the same available quantity under concurrent operations.,P2 Fulfilment & Ops,Not started
SM-FR-0159,Stock Manager,12. Stock Ledger,Ledger Entry ID field The system shall provide the Ledger Entry ID text element. Required status: Read-only. Validation/allowed values: Unique. Behaviour,P3 Finance,Not started
SM-FR-0160,Stock Manager,12. Stock Ledger,Transaction Date/Time field The system shall provide the Transaction Date/Time datetime element. Required status: Read-only. Validation/allowed values: System,P3 Finance,Not started
SM-FR-0161,Stock Manager,12. Stock Ledger,Transaction Type field The system shall provide the Transaction Type status element. Required status: Read-only. Validation/allowed values: Receipt / Putaway /,P3 Finance,Not started
SM-FR-0162,Stock Manager,12. Stock Ledger,Reference Type field The system shall provide the Reference Type text element. Required status: Read-only. Validation/allowed values,P3 Finance,Not started
SM-FR-0163,Stock Manager,12. Stock Ledger,Reference ID field The system shall provide the Reference ID text element. Required status: Read-only. Validation/allowed values: Existing reference.,P3 Finance,Not started
SM-FR-0164,Stock Manager,12. Stock Ledger,SKU field The system shall provide the SKU reference element. Required status: Read-only. Validation/allowed values: Valid SKU.,P3 Finance,Not started
SM-FR-0165,Stock Manager,12. Stock Ledger,Batch / Serial field The system shall provide the Batch / Serial reference element. Required status: Conditional. Validation/allowed values,P3 Finance,Not started
SM-FR-0166,Stock Manager,12. Stock Ledger,From Location field The system shall provide the From Location reference element. Required status: Conditional. Validation/allowed values: Valid,P3 Finance,Not started
SM-FR-0167,Stock Manager,12. Stock Ledger,To Location field The system shall provide the To Location reference element. Required status: Conditional. Validation/allowed values: Valid,P3 Finance,Not started
SM-FR-0168,Stock Manager,12. Stock Ledger,Qty In field The system shall provide the Qty In number element. Required status: Read-only. Validation/allowed values: >=0. Behaviour,P3 Finance,Not started
SM-FR-0169,Stock Manager,12. Stock Ledger,Qty Out field The system shall provide the Qty Out number element. Required status: Read-only. Validation/allowed values: >=0. Behaviour,P3 Finance,Not started
SM-FR-0170,Stock Manager,12. Stock Ledger,Balance After field The system shall provide the Balance After number element. Required status: Read-only. Validation/allowed values: Calculated.,P3 Finance,Not started
SM-FR-0171,Stock Manager,12. Stock Ledger,User field The system shall provide the User reference element. Required status: Read-only. Validation/allowed values: Actor/system.,P3 Finance,Not started
SM-FR-0172,Stock Manager,12. Stock Ledger,Reason field The system shall provide the Reason text element. Required status: Read-only. Validation/allowed values: Transaction,P3 Finance,Not started
SM-FR-0173,Stock Manager,12. Stock Ledger,Immutable ledger Posted stock ledger entries shall not be editable or deletable.,P3 Finance,DB rule test-verified
SM-FR-0174,Stock Manager,12. Stock Ledger,"Filter ledger Filter by date, SKU, warehouse, bin, type, reference and user.",P3 Finance,Not started
SM-FR-0175,Stock Manager,12. Stock Ledger,Trace reference Open the originating transaction from a ledger row where permission allows.,P3 Finance,Not started
SM-FR-0176,Stock Manager,12. Stock Ledger,Serial history Show complete movement history for a serialized unit.,P3 Finance,Not started
SM-FR-0177,Stock Manager,12. Stock Ledger,Batch history Show all movements for a batch/lot.,P3 Finance,Not started
SM-FR-0178,Stock Manager,12. Stock Ledger,Export ledger Export filtered ledger with permission and export audit log. Page 20,P3 Finance,Not started
SM-FR-0179,Stock Manager,12. Stock Ledger,Opening/closing reconciliation Support balance reconciliation using opening plus movements equals closing.,P3 Finance,Not started
SM-FR-0180,Stock Manager,12. Stock Ledger,System event attribution Clearly distinguish system-generated and user-generated entries.,P3 Finance,DB foundation in place
SM-FR-0181,Stock Manager,13. Stock Adjustment,Adjustment ID field The system shall provide the Adjustment ID auto id element. Required status: Read-only. Validation/allowed values: Unique. Behaviour,P2 Fulfilment & Ops,Not started
SM-FR-0182,Stock Manager,13. Stock Adjustment,Warehouse field The system shall provide the Warehouse reference element. Required status: Yes. Validation/allowed values: Authorized.,P2 Fulfilment & Ops,Not started
SM-FR-0183,Stock Manager,13. Stock Adjustment,SKU field The system shall provide the SKU reference element. Required status: Yes. Validation/allowed values: Active SKU.,P2 Fulfilment & Ops,Not started
SM-FR-0184,Stock Manager,13. Stock Adjustment,Location / Bin field The system shall provide the Location / Bin reference element. Required status: Yes. Validation/allowed values: Authorized active,P2 Fulfilment & Ops,Not started
SM-FR-0185,Stock Manager,13. Stock Adjustment,Batch / Serial field The system shall provide the Batch / Serial reference element. Required status: Conditional. Validation/allowed values,P2 Fulfilment & Ops,Not started
SM-FR-0186,Stock Manager,13. Stock Adjustment,Adjustment Type field The system shall provide the Adjustment Type dropdown element. Required status: Yes. Validation/allowed values: Increase /,P2 Fulfilment & Ops,Not started
SM-FR-0187,Stock Manager,13. Stock Adjustment,Quantity field The system shall provide the Quantity number element. Required status: Yes. Validation/allowed values: >0. Behaviour,P2 Fulfilment & Ops,Not started
SM-FR-0188,Stock Manager,13. Stock Adjustment,Reason Code field The system shall provide the Reason Code dropdown element. Required status: Yes. Validation/allowed values: Damage / found /,P2 Fulfilment & Ops,Not started
SM-FR-0189,Stock Manager,13. Stock Adjustment,Detailed Remarks field The system shall provide the Detailed Remarks textarea element. Required status: Conditional. Validation/allowed values,P2 Fulfilment & Ops,Not started
SM-FR-0190,Stock Manager,13. Stock Adjustment,Evidence field The system shall provide the Evidence attachment element. Required status: Conditional. Validation/allowed values,P2 Fulfilment & Ops,Not started
SM-FR-0191,Stock Manager,13. Stock Adjustment,Approval Status field The system shall provide the Approval Status status element. Required status: Read-only. Validation/allowed values: Draft / Pending,P2 Fulfilment & Ops,Not started
SM-FR-0192,Stock Manager,13. Stock Adjustment,Create adjustment Create draft adjustment without immediately changing stock.,P2 Fulfilment & Ops,Not started
SM-FR-0193,Stock Manager,13. Stock Adjustment,Reason-based approval Require approval when quantity/value/reason crosses configured threshold.,P2 Fulfilment & Ops,Not started
SM-FR-0194,Stock Manager,13. Stock Adjustment,Self-approval restriction Prevent creator from approving own adjustment when maker-checker applies.,P2 Fulfilment & Ops,Not started
SM-FR-0195,Stock Manager,13. Stock Adjustment,Availability check Prevent decrease exceeding eligible quantity.,P2 Fulfilment & Ops,Not started
SM-FR-0196,Stock Manager,13. Stock Adjustment,Serial-specific adjustment Require exact serial selection for serialized units.,P2 Fulfilment & Ops,Not started
SM-FR-0197,Stock Manager,13. Stock Adjustment,Post adjustment Create ledger entries only after required approval.,P2 Fulfilment & Ops,Not started
SM-FR-0198,Stock Manager,13. Stock Adjustment,Reject adjustment Capture mandatory rejection reason and notify requester.,P2 Fulfilment & Ops,Not started
SM-FR-0199,Stock Manager,13. Stock Adjustment,Reverse adjustment Use linked reversal transaction rather than editing a posted adjustment.,P2 Fulfilment & Ops,Not started
SM-FR-0200,Stock Manager,13. Stock Adjustment,"Adjustment audit Retain before/after balances, reason, evidence and approval history.",P2 Fulfilment & Ops,Not started
SM-FR-0201,Stock Manager,14. Warehouse Transfer,Transfer ID field The system shall provide the Transfer ID auto id element. Required status: Read-only. Validation/allowed values: Unique. Behaviour,P2 Fulfilment & Ops,Not started
SM-FR-0202,Stock Manager,14. Warehouse Transfer,Source Warehouse field The system shall provide the Source Warehouse reference element. Required status: Yes. Validation/allowed values,P2 Fulfilment & Ops,Not started
SM-FR-0203,Stock Manager,14. Warehouse Transfer,Destination Warehouse field The system shall provide the Destination Warehouse reference element. Required status: Yes. Validation/allowed values: Active,P2 Fulfilment & Ops,Not started
SM-FR-0204,Stock Manager,14. Warehouse Transfer,Source Bin field The system shall provide the Source Bin reference element. Required status: Yes. Validation/allowed values: Valid source.,P2 Fulfilment & Ops,Not started
SM-FR-0205,Stock Manager,14. Warehouse Transfer,Destination Zone/Bin field The system shall provide the Destination Zone/Bin reference element. Required status: Conditional. Validation/allowed values: Valid,P2 Fulfilment & Ops,Not started
SM-FR-0206,Stock Manager,14. Warehouse Transfer,SKU field The system shall provide the SKU reference element. Required status: Yes. Validation/allowed values: Transferable SKU.,P2 Fulfilment & Ops,Not started
SM-FR-0207,Stock Manager,14. Warehouse Transfer,Requested Qty field The system shall provide the Requested Qty number element. Required status: Yes. Validation/allowed values: >0 and <= eligible,P2 Fulfilment & Ops,Not started
SM-FR-0208,Stock Manager,14. Warehouse Transfer,Batch/Serial field The system shall provide the Batch/Serial reference element. Required status: Conditional. Validation/allowed values,P2 Fulfilment & Ops,Not started
SM-FR-0209,Stock Manager,14. Warehouse Transfer,Priority field The system shall provide the Priority dropdown element. Required status: No. Validation/allowed values: Normal / High /,P2 Fulfilment & Ops,Not started
SM-FR-0210,Stock Manager,14. Warehouse Transfer,Reason field The system shall provide the Reason dropdown/text element. Required status: Yes. Validation/allowed values: Replenishment /,P2 Fulfilment & Ops,Not started
SM-FR-0211,Stock Manager,14. Warehouse Transfer,Status field The system shall provide the Status status element. Required status: Read-only. Validation/allowed values: Draft / Requested /,P2 Fulfilment & Ops,Not started
SM-FR-0212,Stock Manager,14. Warehouse Transfer,Create transfer Create transfer request between authorized locations.,P2 Fulfilment & Ops,Not started
SM-FR-0213,Stock Manager,14. Warehouse Transfer,Approval control Require approval based on transfer policy/value/warehouse.,P2 Fulfilment & Ops,Not started
SM-FR-0214,Stock Manager,14. Warehouse Transfer,Reserve transfer stock Reserve source stock upon approved transfer to prevent other allocation.,P2 Fulfilment & Ops,Not started
SM-FR-0215,Stock Manager,14. Warehouse Transfer,Pick transfer Generate transfer pick task and record picked units.,P2 Fulfilment & Ops,Not started
SM-FR-0216,Stock Manager,14. Warehouse Transfer,Dispatch transfer Move picked stock to in-transit bucket and generate dispatch record.,P2 Fulfilment & Ops,Not started
SM-FR-0217,Stock Manager,14. Warehouse Transfer,Partial dispatch Allow partial dispatch with remaining quantity open.,P2 Fulfilment & Ops,Not started
SM-FR-0218,Stock Manager,14. Warehouse Transfer,Receive transfer Destination shall receive and verify transferred units.,P2 Fulfilment & Ops,Not started
SM-FR-0219,Stock Manager,14. Warehouse Transfer,Transfer discrepancy Capture shortage/excess/damage at destination and route exception.,P2 Fulfilment & Ops,Not started
SM-FR-0220,Stock Manager,14. Warehouse Transfer,Close transfer Close only when all dispatched quantity has valid disposition.,P2 Fulfilment & Ops,Not started
SM-FR-0221,Stock Manager,14. Warehouse Transfer,Cancel transfer Allow cancellation only at eligible stages with Page 24,P2 Fulfilment & Ops,Not started
SM-FR-0222,Stock Manager,14. Warehouse Transfer,Transfer labels Generate box/pallet/transfer labels where configured.,P2 Fulfilment & Ops,Not started
SM-FR-0223,Stock Manager,14. Warehouse Transfer,"Transfer audit Maintain all status changes, users and timestamps.",P2 Fulfilment & Ops,Not started
SM-FR-0224,Stock Manager,15. Bin-to-Bin / Internal Movement,Movement ID field The system shall provide the Movement ID auto id element. Required status: Read-only. Validation/allowed values: Unique. Behaviour,P2 Fulfilment & Ops,Not started
SM-FR-0225,Stock Manager,15. Bin-to-Bin / Internal Movement,From Bin field The system shall provide the From Bin scan/reference element. Required status: Yes. Validation/allowed values: Authorized active,P2 Fulfilment & Ops,Not started
SM-FR-0226,Stock Manager,15. Bin-to-Bin / Internal Movement,To Bin field The system shall provide the To Bin scan/reference element. Required status: Yes. Validation/allowed values: Eligible destination.,P2 Fulfilment & Ops,Not started
SM-FR-0227,Stock Manager,15. Bin-to-Bin / Internal Movement,SKU field The system shall provide the SKU reference element. Required status: Yes. Validation/allowed values: Present in source.,P2 Fulfilment & Ops,Not started
SM-FR-0228,Stock Manager,15. Bin-to-Bin / Internal Movement,Qty field The system shall provide the Qty number element. Required status: Yes. Validation/allowed values: >0 and <= eligible,P2 Fulfilment & Ops,Not started
SM-FR-0229,Stock Manager,15. Bin-to-Bin / Internal Movement,Batch/Serial field The system shall provide the Batch/Serial Page 25,P2 Fulfilment & Ops,Not started
SM-FR-0230,Stock Manager,15. Bin-to-Bin / Internal Movement,Reason field The system shall provide the Reason dropdown element. Required status: Yes. Validation/allowed values: Re-slotting /,P2 Fulfilment & Ops,Not started
SM-FR-0231,Stock Manager,15. Bin-to-Bin / Internal Movement,Scan source/destination Support scan-driven internal movement.,P2 Fulfilment & Ops,Not started
SM-FR-0232,Stock Manager,15. Bin-to-Bin / Internal Movement,Source validation Ensure selected SKU/batch/serial exists in source bin.,P2 Fulfilment & Ops,Not started
SM-FR-0233,Stock Manager,15. Bin-to-Bin / Internal Movement,Destination validation Ensure destination bin is active and compatible.,P2 Fulfilment & Ops,Not started
SM-FR-0234,Stock Manager,15. Bin-to-Bin / Internal Movement,Atomic update Update source and destination balances atomically.,P2 Fulfilment & Ops,Not started
SM-FR-0235,Stock Manager,15. Bin-to-Bin / Internal Movement,Movement ledger Create paired out/in ledger movements with one reference.,P2 Fulfilment & Ops,Not started
SM-FR-0236,Stock Manager,15. Bin-to-Bin / Internal Movement,Consolidation support Allow moving stock to consolidate partial bins where safe.,P2 Fulfilment & Ops,Not started
SM-FR-0237,Stock Manager,15. Bin-to-Bin / Internal Movement,Internal movement reversal Use reversing movement rather than editing completed movement.,P2 Fulfilment & Ops,Not started
SM-FR-0238,Stock Manager,16. Replenishment,Replenishment Task ID field The system shall provide the Replenishment Task ID text element. Required status: Readonly. Validation/allowed values: Unique. Behaviour: Task reference.,P2 Fulfilment & Ops,Not started
SM-FR-0239,Stock Manager,16. Replenishment,Pick Face Bin field The system shall provide the Pick Face Bin reference element. Required status: Readonly. Validation/allowed values: Configured pick bin. Behaviour: Destination.,P2 Fulfilment & Ops,Not started
SM-FR-0240,Stock Manager,16. Replenishment,Reserve Bin field The system shall provide the Reserve Bin reference element. Required status: Readonly. Validation/allowed values: Suggested source. Behaviour: Source.,P2 Fulfilment & Ops,Not started
SM-FR-0241,Stock Manager,16. Replenishment,SKU field The system shall provide the SKU reference element. Required status: Read-only. Validation/allowed values: Configured.,P2 Fulfilment & Ops,Not started
SM-FR-0242,Stock Manager,16. Replenishment,Current Pick Qty field The system shall provide the Current Pick Qty number element. Required status: Read-only. Validation/allowed values: Calculated.,P2 Fulfilment & Ops,Not started
SM-FR-0243,Stock Manager,16. Replenishment,Min Qty field The system shall provide the Min Qty number element. Required status: Read-only. Validation/allowed values: Configured,P2 Fulfilment & Ops,Not started
SM-FR-0244,Stock Manager,16. Replenishment,Target Qty field The system shall provide the Target Qty number element. Required status: Read-only. Validation/allowed values: Configured level.,P2 Fulfilment & Ops,Not started
SM-FR-0245,Stock Manager,16. Replenishment,Suggested Replenish Qty field The system shall provide the Suggested Replenish Qty number element. Required status: Read-only. Validation/allowed values,P2 Fulfilment & Ops,Not started
SM-FR-0246,Stock Manager,16. Replenishment,Actual Qty field The system shall provide the Actual Qty number element. Required status: Yes. Validation/allowed values: >0 and <= source,P2 Fulfilment & Ops,Not started
SM-FR-0247,Stock Manager,16. Replenishment,Status field The system shall provide the Status status element. Required status: Read-only. Validation/allowed values: Open / In Progress /,P2 Fulfilment & Ops,Not started
SM-FR-0248,Stock Manager,16. Replenishment,Auto task generation Generate replenishment tasks when pick-face stock breaches threshold.,P2 Fulfilment & Ops,Not started
SM-FR-0249,Stock Manager,16. Replenishment,Manual replenishment Allow authorized users to create replenishment task manually.,P2 Fulfilment & Ops,Not started
SM-FR-0250,Stock Manager,16. Replenishment,Source suggestion Select eligible reserve source considering FEFO/FIFO and accessibility.,P2 Fulfilment & Ops,Not started
SM-FR-0251,Stock Manager,16. Replenishment,Confirm movement Complete replenishment with source/destination scan and ledger movement.,P2 Fulfilment & Ops,Not started
SM-FR-0252,Stock Manager,16. Replenishment,Short source handling Allow partial completion and create shortage exception.,P2 Fulfilment & Ops,Not started
SM-FR-0253,Stock Manager,16. Replenishment,Priority ordering Sort tasks by risk of stockout/order demand. Page 27,P2 Fulfilment & Ops,Not started
SM-FR-0254,Stock Manager,16. Replenishment,Prevent overfill Respect destination capacity/target quantity controls.,P2 Fulfilment & Ops,Not started
SM-FR-0255,Stock Manager,17. Cycle Count Planning & Execution,Count Plan ID field The system shall provide the Count Plan ID auto id element. Required status: Read-only. Validation/allowed values: Unique. Behaviour,P2 Fulfilment & Ops,Not started
SM-FR-0256,Stock Manager,17. Cycle Count Planning & Execution,Count Type field The system shall provide the Count Type dropdown element. Required status: Yes. Validation/allowed values: Cycle / Full / Spot /,P2 Fulfilment & Ops,Not started
SM-FR-0257,Stock Manager,17. Cycle Count Planning & Execution,Warehouse field The system shall provide the Warehouse reference element. Required status: Yes. Validation/allowed values: Authorized.,P2 Fulfilment & Ops,Not started
SM-FR-0258,Stock Manager,17. Cycle Count Planning & Execution,Zone / Bin Range field The system shall provide the Zone / Bin Range reference element. Required status: Yes. Validation/allowed values: Valid area.,P2 Fulfilment & Ops,Not started
SM-FR-0259,Stock Manager,17. Cycle Count Planning & Execution,SKU Scope field The system shall provide the SKU Scope reference element. Required status: Conditional. Validation/allowed values,P2 Fulfilment & Ops,Not started
SM-FR-0260,Stock Manager,17. Cycle Count Planning & Execution,Scheduled Date field The system shall provide the Scheduled Date date element. Required status: Yes. Validation/allowed values: Valid date.,P2 Fulfilment & Ops,Not started
SM-FR-0261,Stock Manager,17. Cycle Count Planning & Execution,Assigned To field The system shall provide the Assigned To user element. Required status: Yes. Validation/allowed values: Authorized counter.,P2 Fulfilment & Ops,Not started
SM-FR-0262,Stock Manager,17. Cycle Count Planning & Execution,Blind Count field The system shall provide the Blind Count checkbox element. Required status: Yes. Validation/allowed values: Policy. Behaviour,P2 Fulfilment & Ops,Not started
SM-FR-0263,Stock Manager,17. Cycle Count Planning & Execution,Tolerance field The system shall provide the Tolerance number/percent element. Required status: Read-only. Validation/allowed values,P2 Fulfilment & Ops,Not started
SM-FR-0264,Stock Manager,17. Cycle Count Planning & Execution,Status field The system shall provide the Status status element. Required status: Read-only. Validation/allowed values: Planned / In,P2 Fulfilment & Ops,Not started
SM-FR-0265,Stock Manager,17. Cycle Count Planning & Execution,Generate count tasks Create tasks for selected scope without duplicate open count conflicts.,P2 Fulfilment & Ops,Not started
SM-FR-0266,Stock Manager,17. Cycle Count Planning & Execution,Freeze control Optionally freeze affected bins/SKUs from movement during count.,P2 Fulfilment & Ops,Not started
SM-FR-0267,Stock Manager,17. Cycle Count Planning & Execution,Blind counting Hide book quantity when blind-count policy applies.,P2 Fulfilment & Ops,Not started
SM-FR-0268,Stock Manager,17. Cycle Count Planning & Execution,Scan and count Allow barcode/bin/serial scan to record physical quantity.,P2 Fulfilment & Ops,Not started
SM-FR-0269,Stock Manager,17. Cycle Count Planning & Execution,Serial verification Require complete serial match for serialized inventory counts.,P2 Fulfilment & Ops,Not started
SM-FR-0270,Stock Manager,17. Cycle Count Planning & Execution,Count variance Calculate physical minus book quantity.,P2 Fulfilment & Ops,Not started
SM-FR-0271,Stock Manager,17. Cycle Count Planning & Execution,Tolerance routing Auto-accept within permitted tolerance or route to approval/recount.,P2 Fulfilment & Ops,Not started
SM-FR-0272,Stock Manager,17. Cycle Count Planning & Execution,Recount workflow Assign independent recount when variance exceeds threshold.,P2 Fulfilment & Ops,Not started
SM-FR-0273,Stock Manager,17. Cycle Count Planning & Execution,"Post count variance Create adjustment transactions after approval, never overwrite balance directly.",P2 Fulfilment & Ops,Not started
SM-FR-0274,Stock Manager,17. Cycle Count Planning & Execution,Unfreeze scope Release freeze after count completion/cancellation.,P2 Fulfilment & Ops,Not started
SM-FR-0275,Stock Manager,17. Cycle Count Planning & Execution,Count evidence Allow notes/photos for material variances.,P2 Fulfilment & Ops,Not started
SM-FR-0276,Stock Manager,17. Cycle Count Planning & Execution,"Count audit Retain counters, recount users, approvers and all submitted quantities.",P2 Fulfilment & Ops,Not started
SM-FR-0277,Stock Manager,18. Stock Reservation & Allocation Visibility,Reservation ID field The system shall provide the Reservation ID text element. Required status: Read-only. Validation/allowed values: Unique. Behaviour,P2 Fulfilment & Ops,Not started
SM-FR-0278,Stock Manager,18. Stock Reservation & Allocation Visibility,Order / Demand ID field The system shall provide the Order / Demand ID reference element. Required status: Readonly. Validation/allowed values: Existing demand. Behaviour: Source demand.,P2 Fulfilment & Ops,Not started
SM-FR-0279,Stock Manager,18. Stock Reservation & Allocation Visibility,SKU field The system shall provide the SKU reference element. Required status: Read-only. Validation/allowed values: Valid SKU.,P2 Fulfilment & Ops,Not started
SM-FR-0280,Stock Manager,18. Stock Reservation & Allocation Visibility,Warehouse field The system shall provide the Warehouse reference element. Required status: Readonly. Validation/allowed values: Allocated warehouse. Behaviour: Location.,P2 Fulfilment & Ops,Not started
SM-FR-0281,Stock Manager,18. Stock Reservation & Allocation Visibility,Reserved Qty field The system shall provide the Reserved Qty number element. Required status: Read-only. Validation/allowed values: >0. Behaviour,P2 Fulfilment & Ops,Not started
SM-FR-0282,Stock Manager,18. Stock Reservation & Allocation Visibility,Reservation Time field The system shall provide the Reservation Time datetime element. Required status: Read-only. Validation/allowed values: System time.,P2 Fulfilment & Ops,Not started
SM-FR-0283,Stock Manager,18. Stock Reservation & Allocation Visibility,Expiry / Release Time field The system shall provide the Expiry / Release Time datetime element. Required status: Conditional. Validation/allowed values: Policy,P2 Fulfilment & Ops,Not started
SM-FR-0284,Stock Manager,18. Stock Reservation & Allocation Visibility,Status field The system shall provide the Status status element. Required status: Read-only. Page 30,P2 Fulfilment & Ops,Not started
SM-FR-0285,Stock Manager,18. Stock Reservation & Allocation Visibility,Reservation visibility Show active reservations consuming available stock.,P2 Fulfilment & Ops,Not started
SM-FR-0286,Stock Manager,18. Stock Reservation & Allocation Visibility,Allocation source Show which order/demand created the reservation.,P2 Fulfilment & Ops,Not started
SM-FR-0287,Stock Manager,18. Stock Reservation & Allocation Visibility,Release awareness Reflect cancellations/payment failures/reservation expiry promptly.,P2 Fulfilment & Ops,Not started
SM-FR-0288,Stock Manager,18. Stock Reservation & Allocation Visibility,Manual release restriction Allow manual release only with explicit permission and valid reason.,P2 Fulfilment & Ops,Not started
SM-FR-0289,Stock Manager,18. Stock Reservation & Allocation Visibility,Reservation audit Log any manual reservation intervention.,P2 Fulfilment & Ops,Not started
SM-FR-0290,Stock Manager,18. Stock Reservation & Allocation Visibility,Oversell prevention Ensure total active reservations cannot exceed eligible allocatable stock.,P2 Fulfilment & Ops,Not started
SM-FR-0291,Stock Manager,19. Pick Wave & Pick Tasks,Wave ID field The system shall provide the Wave ID text element. Required status: Read-only. Validation/allowed values: Unique. Behaviour,P2 Fulfilment & Ops,Not started
SM-FR-0292,Stock Manager,19. Pick Wave & Pick Tasks,Pick Task ID field The system shall provide the Pick Task ID text element. Required status: Read-only. Validation/allowed values: Unique. Behaviour,P2 Fulfilment & Ops,Not started
SM-FR-0293,Stock Manager,19. Pick Wave & Pick Tasks,Order / Shipment field The system shall provide the Order / Shipment reference element. Required status: Readonly. Validation/allowed values: Fulfilment demand. Behaviour: Source.,P2 Fulfilment & Ops,Not started
SM-FR-0294,Stock Manager,19. Pick Wave & Pick Tasks,SKU field The system shall provide the SKU reference element. Required status: Read-only. Validation/allowed values: Allocated SKU.,P2 Fulfilment & Ops,Not started
SM-FR-0295,Stock Manager,19. Pick Wave & Pick Tasks,Bin field The system shall provide the Bin reference element. Required status: Read-only. Validation/allowed values: Allocated source,P2 Fulfilment & Ops,Not started
SM-FR-0296,Stock Manager,19. Pick Wave & Pick Tasks,Batch / Serial field The system shall provide the Batch / Serial reference element. Required status: Conditional. Validation/allowed values,P2 Fulfilment & Ops,Not started
SM-FR-0297,Stock Manager,19. Pick Wave & Pick Tasks,Required Qty field The system shall provide the Required Qty number element. Required status: Read-only. Validation/allowed values: >0. Behaviour,P2 Fulfilment & Ops,Not started
SM-FR-0298,Stock Manager,19. Pick Wave & Pick Tasks,Picked Qty field The system shall provide the Picked Qty number element. Required status: Yes. Validation/allowed values: 0..required.,P2 Fulfilment & Ops,Not started
SM-FR-0299,Stock Manager,19. Pick Wave & Pick Tasks,Picker field The system shall provide the Picker user element. Required status: Read-only. Validation/allowed values: Assigned user.,P2 Fulfilment & Ops,Not started
SM-FR-0300,Stock Manager,19. Pick Wave & Pick Tasks,Priority field The system shall provide the Priority status element. Required status: Read-only. Validation/allowed values: Normal / High / SLA,P2 Fulfilment & Ops,Not started
SM-FR-0301,Stock Manager,19. Pick Wave & Pick Tasks,Status field The system shall provide the Status status element. Required status: Read-only. Validation/allowed values: Open / In Progress /,P2 Fulfilment & Ops,Not started
SM-FR-0302,Stock Manager,19. Pick Wave & Pick Tasks,Wave creation visibility Display system-created fulfilment waves relevant to warehouse.,P2 Fulfilment & Ops,Not started
SM-FR-0303,Stock Manager,19. Pick Wave & Pick Tasks,Task assignment Assign/reassign pick tasks to authorized warehouse staff.,P2 Fulfilment & Ops,Not started
SM-FR-0304,Stock Manager,19. Pick Wave & Pick Tasks,Route sequencing Sort tasks by optimized bin route where available.,P2 Fulfilment & Ops,Not started
SM-FR-0305,Stock Manager,19. Pick Wave & Pick Tasks,Scan bin/SKU Validate source bin and SKU by scan before quantity confirmation.,P2 Fulfilment & Ops,Not started
SM-FR-0306,Stock Manager,19. Pick Wave & Pick Tasks,FEFO/FIFO enforcement Apply configured lot rotation rules during picking.,P2 Fulfilment & Ops,Not started
SM-FR-0307,Stock Manager,19. Pick Wave & Pick Tasks,Serial capture Require exact serial capture for serialized Page 32,P2 Fulfilment & Ops,Not started
SM-FR-0308,Stock Manager,19. Pick Wave & Pick Tasks,Short pick Capture shortage reason and trigger allocation exception.,P2 Fulfilment & Ops,Not started
SM-FR-0309,Stock Manager,19. Pick Wave & Pick Tasks,Substitute bin Allow alternate eligible bin when configured and audited.,P2 Fulfilment & Ops,Not started
SM-FR-0310,Stock Manager,19. Pick Wave & Pick Tasks,Complete pick Move picked units to staging/picked bucket and update ledger.,P2 Fulfilment & Ops,Not started
SM-FR-0311,Stock Manager,19. Pick Wave & Pick Tasks,Cancel pick Release picked/reserved stock appropriately when fulfilment is cancelled.,P2 Fulfilment & Ops,Not started
SM-FR-0312,Stock Manager,19. Pick Wave & Pick Tasks,Pick SLA alerts Highlight tasks approaching configured pick SLA.,P2 Fulfilment & Ops,Not started
SM-FR-0313,Stock Manager,20. Packing & Dispatch Stock Handoff,Packing Task ID field The system shall provide the Packing Task ID text element. Required status: Read-only. Validation/allowed values: Unique. Behaviour,P2 Fulfilment & Ops,Not started
SM-FR-0314,Stock Manager,20. Packing & Dispatch Stock Handoff,Shipment ID field The system shall provide the Shipment ID reference element. Required status: Readonly. Validation/allowed values: Existing shipment. Behaviour: Shipment.,P2 Fulfilment & Ops,Not started
SM-FR-0315,Stock Manager,20. Packing & Dispatch Stock Handoff,Picked Items field The system shall provide the Picked Items list element. Required status: Read-only. Page 33,P2 Fulfilment & Ops,Not started
SM-FR-0316,Stock Manager,20. Packing & Dispatch Stock Handoff,Scanned Items field The system shall provide the Scanned Items list element. Required status: Dynamic. Validation/allowed values: Must match,P2 Fulfilment & Ops,Not started
SM-FR-0317,Stock Manager,20. Packing & Dispatch Stock Handoff,Package Count field The system shall provide the Package Count integer element. Required status: Yes. Validation/allowed values: >=1. Behaviour,P2 Fulfilment & Ops,Not started
SM-FR-0318,Stock Manager,20. Packing & Dispatch Stock Handoff,Package Weight field The system shall provide the Package Weight decimal element. Required status: Conditional. Validation/allowed values: >0.,P2 Fulfilment & Ops,Not started
SM-FR-0319,Stock Manager,20. Packing & Dispatch Stock Handoff,Package Dimensions field The system shall provide the Package Dimensions dimensions element. Required status: Conditional. Validation/allowed values,P2 Fulfilment & Ops,Not started
SM-FR-0320,Stock Manager,20. Packing & Dispatch Stock Handoff,Seal / Package ID field The system shall provide the Seal / Package ID text/scan element. Required status: No. Validation/allowed values: Unique where,P2 Fulfilment & Ops,Not started
SM-FR-0321,Stock Manager,20. Packing & Dispatch Stock Handoff,Dispatch Zone field The system shall provide the Dispatch Zone reference element. Required status: Yes. Validation/allowed values: Configured staging,P2 Fulfilment & Ops,Not started
SM-FR-0322,Stock Manager,20. Packing & Dispatch Stock Handoff,Dispatch Status field The system shall provide the Dispatch Status status element. Required status: Read-only. Validation/allowed values: Packing / Packed /,P2 Fulfilment & Ops,Not started
SM-FR-0323,Stock Manager,20. Packing & Dispatch Stock Handoff,Pack verification Require scanned packed items to match picked/expected items.,P2 Fulfilment & Ops,Not started
SM-FR-0324,Stock Manager,20. Packing & Dispatch Stock Handoff,Mismatch block Block shipment completion on unresolved SKU/quantity/serial mismatch.,P2 Fulfilment & Ops,Not started
SM-FR-0325,Stock Manager,20. Packing & Dispatch Stock Handoff,Package label association Associate package/label IDs with shipment.,P2 Fulfilment & Ops,Not started
SM-FR-0326,Stock Manager,20. Packing & Dispatch Stock Handoff,Move to dispatch staging Move packed stock from picked to dispatch staging location.,P2 Fulfilment & Ops,Not started
SM-FR-0327,Stock Manager,20. Packing & Dispatch Stock Handoff,Courier handoff Record handoff time/user/reference when package leaves warehouse custody.,P2 Fulfilment & Ops,Not started
SM-FR-0328,Stock Manager,20. Packing & Dispatch Stock Handoff,Stock deduction timing Apply shipped/issued stock movement at configured fulfilment milestone.,P2 Fulfilment & Ops,Not started
SM-FR-0329,Stock Manager,20. Packing & Dispatch Stock Handoff,Packing reversal Support controlled unpack/reopen before handoff with full ledger reversal.,P2 Fulfilment & Ops,Not started
SM-FR-0330,Stock Manager,20. Packing & Dispatch Stock Handoff,Dispatch manifest reference Link shipment to manifest where used. Page 34,P2 Fulfilment & Ops,Not started
SM-FR-0331,Stock Manager,21. Customer Return Receiving,Return ID field The system shall provide the Return ID reference element. Required status: Yes. Validation/allowed values: Valid approved,P2 Fulfilment & Ops,Not started
SM-FR-0332,Stock Manager,21. Customer Return Receiving,Return Shipment / AWB field The system shall provide the Return Shipment / AWB reference element. Required status: Conditional. Validation/allowed values: Valid,P2 Fulfilment & Ops,Not started
SM-FR-0333,Stock Manager,21. Customer Return Receiving,Order ID field The system shall provide the Order ID reference element. Required status: Readonly. Validation/allowed values: Source order. Behaviour: Origin.,P2 Fulfilment & Ops,Not started
SM-FR-0334,Stock Manager,21. Customer Return Receiving,SKU field The system shall provide the SKU reference element. Required status: Read-only. Validation/allowed values: Return item.,P2 Fulfilment & Ops,Not started
SM-FR-0335,Stock Manager,21. Customer Return Receiving,Expected Return Qty field The system shall provide the Expected Return Qty number element. Required status: Read,P2 Fulfilment & Ops,Not started
SM-FR-0336,Stock Manager,21. Customer Return Receiving,Received Qty field The system shall provide the Received Qty number element. Required status: Yes. Validation/allowed values: 0..expected unless,P2 Fulfilment & Ops,Not started
SM-FR-0337,Stock Manager,21. Customer Return Receiving,Received Date/Time field The system shall provide the Received Date/Time datetime element. Required status: Yes. Validation/allowed values: System,P2 Fulfilment & Ops,Not started
SM-FR-0338,Stock Manager,21. Customer Return Receiving,Package Condition field The system shall provide the Package Condition dropdown element. Required status: Yes. Validation/allowed values: Intact /,P2 Fulfilment & Ops,Not started
SM-FR-0339,Stock Manager,21. Customer Return Receiving,Item Condition field The system shall provide the Item Condition dropdown element. Required status: Yes. Validation/allowed values: Resellable /,P2 Fulfilment & Ops,Not started
SM-FR-0340,Stock Manager,21. Customer Return Receiving,Serial / IMEI field The system shall provide the Serial / IMEI scan element. Required status: Conditional. Validation/allowed values: Must match,P2 Fulfilment & Ops,Not started
SM-FR-0341,Stock Manager,21. Customer Return Receiving,Accessories Checklist field The system shall provide the Accessories Checklist checklist element. Required status: Conditional. Validation/allowed values,P2 Fulfilment & Ops,Not started
SM-FR-0342,Stock Manager,21. Customer Return Receiving,Evidence field The system shall provide the Evidence attachment element. Required status: Conditional. Validation/allowed values,P2 Fulfilment & Ops,Not started
SM-FR-0343,Stock Manager,21. Customer Return Receiving,Disposition field The system shall provide the Disposition dropdown element. Required status: Conditional. Validation/allowed values,P2 Fulfilment & Ops,Not started
SM-FR-0344,Stock Manager,21. Customer Return Receiving,Receive approved return Allow receipt against valid return authorization.,P2 Fulfilment & Ops,Not started
SM-FR-0345,Stock Manager,21. Customer Return Receiving,Unexpected return Route unrecognized package/item to exception queue without adding sellable stock.,P2 Fulfilment & Ops,Not started
SM-FR-0346,Stock Manager,21. Customer Return Receiving,Serial match Validate returned serial/IMEI against sold unit where available.,P2 Fulfilment & Ops,Not started
SM-FR-0347,Stock Manager,21. Customer Return Receiving,QC capture Record structured condition and evidence.,P2 Fulfilment & Ops,Not started
SM-FR-0348,Stock Manager,21. Customer Return Receiving,Restock eligible item Move approved resellable returns into appropriate stock only after QC completion.,P2 Fulfilment & Ops,Not started
SM-FR-0349,Stock Manager,21. Customer Return Receiving,Quarantine uncertain item Keep questionable returns non-allocatable pending resolution.,P2 Fulfilment & Ops,Not started
SM-FR-0350,Stock Manager,21. Customer Return Receiving,Return discrepancy Capture missing/excess/wrong item Page 36,P2 Fulfilment & Ops,Not started
SM-FR-0351,Stock Manager,21. Customer Return Receiving,Return ledger Create inventory entries for accepted disposition movements.,P2 Fulfilment & Ops,Not started
SM-FR-0352,Stock Manager,21. Customer Return Receiving,Return completion event Publish stock-side completion status for downstream refund/workflow consumers.,P2 Fulfilment & Ops,Not started
SM-FR-0353,Stock Manager,22. RTO / Undelivered Return Receiving,RTO Shipment ID field The system shall provide the RTO Shipment ID reference element. Required status: Yes. Validation/allowed values: Valid RTO.,P2 Fulfilment & Ops,Not started
SM-FR-0354,Stock Manager,22. RTO / Undelivered Return Receiving,Shipment ID field The system shall provide the Shipment ID reference element. Required status: Readonly. Validation/allowed values: Original shipment. Behaviour: Origin.,P2 Fulfilment & Ops,Not started
SM-FR-0355,Stock Manager,22. RTO / Undelivered Return Receiving,SKU / Package field The system shall provide the SKU / Package reference element. Required status: Readonly. Validation/allowed values: Expected contents. Behaviour: Item/package.,P2 Fulfilment & Ops,Not started
SM-FR-0356,Stock Manager,22. RTO / Undelivered Return Receiving,Received Qty field The system shall provide the Received Qty number element. Required status: Yes. Validation/allowed values: Expected check.,P2 Fulfilment & Ops,Not started
SM-FR-0357,Stock Manager,22. RTO / Undelivered Return Receiving,Seal Condition field The system shall provide the Seal Condition dropdown element. Required status: Yes. Validation/allowed values: Intact / broken /,P2 Fulfilment & Ops,Not started
SM-FR-0358,Stock Manager,22. RTO / Undelivered Return Receiving,Item QC field The system shall provide the Item QC dropdown element. Required status: Yes. Validation/allowed values: Resellable /,P2 Fulfilment & Ops,Not started
SM-FR-0359,Stock Manager,22. RTO / Undelivered Return Receiving,Serial Verification field The system shall provide the Serial Verification scan element. Required status: Conditional. Validation/allowed values: Match outbound,P2 Fulfilment & Ops,Not started
SM-FR-0360,Stock Manager,22. RTO / Undelivered Return Receiving,Disposition field The system shall provide the Disposition dropdown element. Required status: Yes. Validation/allowed values: Restock /,P2 Fulfilment & Ops,Not started
SM-FR-0361,Stock Manager,22. RTO / Undelivered Return Receiving,RTO receipt Receive returned-to-origin shipments against original outbound record.,P2 Fulfilment & Ops,Not started
SM-FR-0362,Stock Manager,22. RTO / Undelivered Return Receiving,Package reconciliation Reconcile expected and actual package contents.,P2 Fulfilment & Ops,Not started
SM-FR-0363,Stock Manager,22. RTO / Undelivered Return Receiving,RTO serial match Validate serial identity against outbound records.,P2 Fulfilment & Ops,Not started
SM-FR-0364,Stock Manager,22. RTO / Undelivered Return Receiving,Restock after QC Return only verified resellable inventory to allocatable stock.,P2 Fulfilment & Ops,Not started
SM-FR-0365,Stock Manager,22. RTO / Undelivered Return Receiving,Damage quarantine Move damaged/suspect RTO items to nonallocatable bucket.,P2 Fulfilment & Ops,Not started
SM-FR-0366,Stock Manager,22. RTO / Undelivered Return Receiving,"RTO discrepancy case Create exception for shortages, wrong items or tampering.",P2 Fulfilment & Ops,Not started
SM-FR-0367,Stock Manager,22. RTO / Undelivered Return Receiving,Ledger updates Create linked stock ledger movements for RTO receipt/disposition.,P2 Fulfilment & Ops,Not started
SM-FR-0368,Stock Manager,"23. Damaged, Quarantine & Expired Stock",Exception Stock ID field The system shall provide the Exception Stock ID text element. Required status: Read-only. Validation/allowed values: Unique. Behaviour,P2 Fulfilment & Ops,Not started
SM-FR-0369,Stock Manager,"23. Damaged, Quarantine & Expired Stock",SKU field The system shall provide the SKU reference element. Required status: Read-only. Validation/allowed values: Valid SKU.,P2 Fulfilment & Ops,Not started
SM-FR-0370,Stock Manager,"23. Damaged, Quarantine & Expired Stock",Qty field The system shall provide the Qty number element. Required status: Read-only. Validation/allowed values: >0. Behaviour,P2 Fulfilment & Ops,Not started
SM-FR-0371,Stock Manager,"23. Damaged, Quarantine & Expired Stock",Bucket field The system shall provide the Bucket status element. Required status: Read-only. Validation/allowed values: Damaged /,P2 Fulfilment & Ops,Not started
SM-FR-0372,Stock Manager,"23. Damaged, Quarantine & Expired Stock",Location field The system shall provide the Location reference element. Required status: Readonly. Validation/allowed values: Authorized exception area. Behaviour: Physical location.,P2 Fulfilment & Ops,Not started
SM-FR-0373,Stock Manager,"23. Damaged, Quarantine & Expired Stock",Reason field The system shall provide the Reason text element. Required status: Read-only. Validation/allowed values: Recorded reason.,P2 Fulfilment & Ops,Not started
SM-FR-0374,Stock Manager,"23. Damaged, Quarantine & Expired Stock",Created From field The system shall provide the Created From reference element. Required status: Readonly. Validation/allowed values: GRN/return/count/etc.. Behaviour: Source,P2 Fulfilment & Ops,Not started
SM-FR-0375,Stock Manager,"23. Damaged, Quarantine & Expired Stock",Disposition Status field The system shall provide the Disposition Status status element. Required status: Readonly. Validation/allowed values: Pending / Approved / Disposed / Restored / Returned.,P2 Fulfilment & Ops,Not started
SM-FR-0376,Stock Manager,"23. Damaged, Quarantine & Expired Stock",Exception stock isolation Exclude damaged/quarantine/expired stock from customer allocation.,P2 Fulfilment & Ops,Not started
SM-FR-0377,Stock Manager,"23. Damaged, Quarantine & Expired Stock","Disposition request Allow authorized user to request restore, repair, vendor return, destruction or other configured disposition.",P2 Fulfilment & Ops,Not started
SM-FR-0378,Stock Manager,"23. Damaged, Quarantine & Expired Stock",Disposition approval Require approval for controlled disposal/restoration actions.,P2 Fulfilment & Ops,Not started
SM-FR-0379,Stock Manager,"23. Damaged, Quarantine & Expired Stock",Expiry enforcement Prevent expired lots from allocation or picking.,P2 Fulfilment & Ops,Not started
SM-FR-0380,Stock Manager,"23. Damaged, Quarantine & Expired Stock",Near-expiry visibility Show lots approaching configured expiry window.,P2 Fulfilment & Ops,Not started
SM-FR-0381,Stock Manager,"23. Damaged, Quarantine & Expired Stock",Quarantine release Move quarantine stock to sellable only after authorized QC release.,P2 Fulfilment & Ops,Not started
SM-FR-0382,Stock Manager,"23. Damaged, Quarantine & Expired Stock",Destruction audit Require reason/evidence/approval for Page 39,P2 Fulfilment & Ops,Not started
SM-FR-0383,Stock Manager,"23. Damaged, Quarantine & Expired Stock",Exception ledger Maintain immutable movements for every stock-status change.,P2 Fulfilment & Ops,Not started
SM-FR-0384,Stock Manager,24. Batch / Lot & Expiry Management,Batch / Lot Number field The system shall provide the Batch / Lot Number text element. Required status: Readonly. Validation/allowed values: Unique per SKU/source policy. Behaviour: Batch identifier.,P2 Fulfilment & Ops,Not started
SM-FR-0385,Stock Manager,24. Batch / Lot & Expiry Management,Manufacture Date field The system shall provide the Manufacture Date date element. Required status: Conditional. Validation/allowed values: <=,P2 Fulfilment & Ops,Not started
SM-FR-0386,Stock Manager,24. Batch / Lot & Expiry Management,Expiry Date field The system shall provide the Expiry Date date element. Required status: Conditional. Validation/allowed values: >,P2 Fulfilment & Ops,Not started
SM-FR-0387,Stock Manager,24. Batch / Lot & Expiry Management,Received Qty field The system shall provide the Received Qty number element. Required status: Read-only. Validation/allowed values: Calculated.,P2 Fulfilment & Ops,Not started
SM-FR-0388,Stock Manager,24. Batch / Lot & Expiry Management,Available Qty field The system shall provide the Available Qty number element. Required status: Read-only. Validation/allowed values: Calculated.,P2 Fulfilment & Ops,Not started
SM-FR-0389,Stock Manager,24. Batch / Lot & Expiry Management,Location field The system shall provide the Location Page 40,P2 Fulfilment & Ops,Not started
SM-FR-0390,Stock Manager,24. Batch / Lot & Expiry Management,Days to Expiry field The system shall provide the Days to Expiry number element. Required status: Read-only. Validation/allowed values: Calculated.,P2 Fulfilment & Ops,Not started
SM-FR-0391,Stock Manager,24. Batch / Lot & Expiry Management,Batch Status field The system shall provide the Batch Status status element. Required status: Read-only. Validation/allowed values: Active / Near Expiry,P2 Fulfilment & Ops,Not started
SM-FR-0392,Stock Manager,24. Batch / Lot & Expiry Management,"Batch traceability Maintain batch identity through receipt, movement, pick, return and adjustment.",P2 Fulfilment & Ops,Not started
SM-FR-0393,Stock Manager,24. Batch / Lot & Expiry Management,FEFO selection Prefer earliest eligible expiry when FEFO applies.,P2 Fulfilment & Ops,Not started
SM-FR-0394,Stock Manager,24. Batch / Lot & Expiry Management,Minimum shelf-life rule Block receipt/allocation when remaining shelf life violates configured threshold.,P2 Fulfilment & Ops,Not started
SM-FR-0395,Stock Manager,24. Batch / Lot & Expiry Management,Expiry alerts Generate near-expiry operational alerts.,P2 Fulfilment & Ops,Not started
SM-FR-0396,Stock Manager,24. Batch / Lot & Expiry Management,Expired segregation Automatically make expired quantity nonallocatable.,P2 Fulfilment & Ops,Not started
SM-FR-0397,Stock Manager,24. Batch / Lot & Expiry Management,Batch recall lookup Find all current and historical locations/shipments for a batch.,P2 Fulfilment & Ops,Not started
SM-FR-0398,Stock Manager,24. Batch / Lot & Expiry Management,Batch export Export batch stock and expiry data subject to permission.,P2 Fulfilment & Ops,Not started
SM-FR-0399,Stock Manager,25. Serial / IMEI Management,Serial / IMEI field The system shall provide the Serial / IMEI text/scan element. Required status: Readonly. Validation/allowed values: Globally/sku unique as configured. Behaviour: Unit,P2 Fulfilment & Ops,Not started
SM-FR-0400,Stock Manager,25. Serial / IMEI Management,SKU field The system shall provide the SKU reference element. Required status: Read-only. Validation/allowed values: Serialized SKU.,P2 Fulfilment & Ops,Not started
SM-FR-0401,Stock Manager,25. Serial / IMEI Management,Status field The system shall provide the Status status element. Required status: Read-only. Validation/allowed values: Available /,P2 Fulfilment & Ops,Not started
SM-FR-0402,Stock Manager,25. Serial / IMEI Management,Warehouse field The system shall provide the Warehouse reference element. Required status: Readonly. Validation/allowed values: Current/last warehouse. Behaviour: Location.,P2 Fulfilment & Ops,Not started
SM-FR-0403,Stock Manager,25. Serial / IMEI Management,Bin field The system shall provide the Bin reference element. Required status: Read-only. Validation/allowed values: Current bin where,P2 Fulfilment & Ops,Not started
SM-FR-0404,Stock Manager,25. Serial / IMEI Management,Order / Shipment field The system shall provide the Order / Shipment reference element. Required status: Conditional. Validation/allowed values: If,P2 Fulfilment & Ops,Not started
SM-FR-0405,Stock Manager,25. Serial / IMEI Management,Receipt Reference field The system shall provide the Receipt Reference reference element. Required status: Read-only. Validation/allowed values: Original,P2 Fulfilment & Ops,Not started
SM-FR-0406,Stock Manager,25. Serial / IMEI Management,Warranty / Activation Ref field The system shall provide the Warranty / Activation Ref text element. Required status: Conditional. Validation/allowed values: If,P2 Fulfilment & Ops,Not started
SM-FR-0407,Stock Manager,25. Serial / IMEI Management,Unique serial control Prevent duplicate active serial/IMEI receipt.,P2 Fulfilment & Ops,Not started
SM-FR-0408,Stock Manager,25. Serial / IMEI Management,Serial movement Require serial-level identification for every movement of serialized SKU.,P2 Fulfilment & Ops,Not started
SM-FR-0409,Stock Manager,25. Serial / IMEI Management,Serial allocation Prevent same serial from being allocated to multiple demands.,P2 Fulfilment & Ops,Not started
SM-FR-0410,Stock Manager,25. Serial / IMEI Management,Serial shipping Record exact serial shipped against order line.,P2 Fulfilment & Ops,Not started
SM-FR-0411,Stock Manager,25. Serial / IMEI Management,Serial return validation Compare returned serial to shipped serial.,P2 Fulfilment & Ops,Not started
SM-FR-0412,Stock Manager,25. Serial / IMEI Management,Serial history Provide complete immutable lifecycle timeline.,P2 Fulfilment & Ops,Not started
SM-FR-0413,Stock Manager,25. Serial / IMEI Management,Lost serial exception Allow controlled exception workflow if physical serial cannot be found.,P2 Fulfilment & Ops,Not started
SM-FR-0414,Stock Manager,"26. Low Stock, Safety Stock & Reorder Alerts",SKU field The system shall provide the SKU reference element. Required status: Read-only. Validation/allowed values: Valid SKU.,P2 Fulfilment & Ops,Not started
SM-FR-0415,Stock Manager,"26. Low Stock, Safety Stock & Reorder Alerts",Warehouse field The system shall provide the Warehouse reference element. Required status: Readonly. Validation/allowed values: Authorized. Behaviour: Location.,P2 Fulfilment & Ops,Not started
SM-FR-0416,Stock Manager,"26. Low Stock, Safety Stock & Reorder Alerts",Available Qty field The system shall provide the Available Qty number element. Required status: Read-only. Validation/allowed values: Calculated.,P2 Fulfilment & Ops,Not started
SM-FR-0417,Stock Manager,"26. Low Stock, Safety Stock & Reorder Alerts",Safety Stock field The system shall provide the Safety Stock number element. Required status: Read-only. Validation/allowed values: Configured.,P2 Fulfilment & Ops,Not started
SM-FR-0418,Stock Manager,"26. Low Stock, Safety Stock & Reorder Alerts",Reorder Point field The system shall provide the Reorder Point number element. Required status: Read-only. Validation/allowed values: Configured.,P2 Fulfilment & Ops,Not started
SM-FR-0419,Stock Manager,"26. Low Stock, Safety Stock & Reorder Alerts",Target Stock field The system shall provide the Target Stock number element. Required status: Read-only. Validation/allowed values: Configured.,P2 Fulfilment & Ops,Not started
SM-FR-0420,Stock Manager,"26. Low Stock, Safety Stock & Reorder Alerts",Demand Velocity field The system shall provide the Demand Velocity number element. Required status: Read-only. Validation/allowed values: Calculated.,P2 Fulfilment & Ops,Not started
SM-FR-0421,Stock Manager,"26. Low Stock, Safety Stock & Reorder Alerts",Days of Cover field The system shall provide the Days of Cover Page 43,P2 Fulfilment & Ops,Not started
SM-FR-0422,Stock Manager,"26. Low Stock, Safety Stock & Reorder Alerts",Alert Severity field The system shall provide the Alert Severity status element. Required status: Read-only. Validation/allowed values: Info / Warning /,P2 Fulfilment & Ops,Not started
SM-FR-0423,Stock Manager,"26. Low Stock, Safety Stock & Reorder Alerts",Low-stock detection Flag stock when available quantity is below configured reorder threshold.,P2 Fulfilment & Ops,Not started
SM-FR-0424,Stock Manager,"26. Low Stock, Safety Stock & Reorder Alerts",Critical stockout alert Escalate when available quantity reaches zero or severe threshold.,P2 Fulfilment & Ops,Not started
SM-FR-0425,Stock Manager,"26. Low Stock, Safety Stock & Reorder Alerts",Demand-aware priority Prioritize alerts using open demand and recent velocity where available.,P2 Fulfilment & Ops,Not started
SM-FR-0426,Stock Manager,"26. Low Stock, Safety Stock & Reorder Alerts",Replenishment shortcut Allow opening/creating replenishment/transfer action from alert.,P2 Fulfilment & Ops,Not started
SM-FR-0427,Stock Manager,"26. Low Stock, Safety Stock & Reorder Alerts",Alert acknowledgement Allow user to acknowledge operational alert without changing inventory.,P2 Fulfilment & Ops,Not started
SM-FR-0428,Stock Manager,"26. Low Stock, Safety Stock & Reorder Alerts","Alert history Retain alert generation, acknowledgement and resolution timestamps.",P2 Fulfilment & Ops,Not started
SM-FR-0429,Stock Manager,27. Inventory Exception Queue,Exception ID field The system shall provide the Exception ID text element. Required status: Read-only. Validation/allowed values: Unique. Behaviour,P2 Fulfilment & Ops,Not started
SM-FR-0430,Stock Manager,27. Inventory Exception Queue,Exception Type field The system shall provide the Exception Type dropdown element. Required status: Readonly. Validation/allowed values: Short pick / receipt variance / transfer variance / serial,P2 Fulfilment & Ops,Not started
SM-FR-0431,Stock Manager,27. Inventory Exception Queue,Severity field The system shall provide the Severity status element. Required status: Read-only. Validation/allowed values: Low / Medium /,P2 Fulfilment & Ops,Not started
SM-FR-0432,Stock Manager,27. Inventory Exception Queue,Reference field The system shall provide the Reference reference element. Required status: Readonly. Validation/allowed values: Source transaction. Behaviour: Origin.,P2 Fulfilment & Ops,Not started
SM-FR-0433,Stock Manager,27. Inventory Exception Queue,SKU field The system shall provide the SKU reference element. Required status: Conditional. Validation/allowed values: Affected SKU.,P2 Fulfilment & Ops,Not started
SM-FR-0434,Stock Manager,27. Inventory Exception Queue,Warehouse field The system shall provide the Warehouse reference element. Required status: Readonly. Validation/allowed values: Affected location. Behaviour: Scope.,P2 Fulfilment & Ops,Not started
SM-FR-0435,Stock Manager,27. Inventory Exception Queue,Created At field The system shall provide the Created At datetime element. Required status: Read-only. Validation/allowed values: System timestamp.,P2 Fulfilment & Ops,Not started
SM-FR-0436,Stock Manager,27. Inventory Exception Queue,Owner field The system shall provide the Owner user element. Required status: Conditional. Validation/allowed values: Assigned user.,P2 Fulfilment & Ops,Not started
SM-FR-0437,Stock Manager,27. Inventory Exception Queue,Status field The system shall provide the Status status element. Required status: Read-only. Validation/allowed values: Open /,P2 Fulfilment & Ops,Not started
SM-FR-0438,Stock Manager,27. Inventory Exception Queue,Resolution field The system shall provide the Resolution textarea element. Required status: Conditional. Validation/allowed values,P2 Fulfilment & Ops,Not started
SM-FR-0439,Stock Manager,27. Inventory Exception Queue,Create exceptions automatically Create exception records for configured inventory inconsistencies.,P2 Fulfilment & Ops,Not started
SM-FR-0440,Stock Manager,27. Inventory Exception Queue,Assign exception Assign/reassign exception to authorized user.,P2 Fulfilment & Ops,Not started
SM-FR-0441,Stock Manager,27. Inventory Exception Queue,Evidence attachment Allow notes/files/scans needed for investigation.,P2 Fulfilment & Ops,Not started
SM-FR-0442,Stock Manager,27. Inventory Exception Queue,Resolve exception Require structured resolution and linked corrective transaction where applicable.,P2 Fulfilment & Ops,Not started
SM-FR-0443,Stock Manager,27. Inventory Exception Queue,No silent close Prevent closure of quantity-impacting exceptions without valid disposition.,P2 Fulfilment & Ops,Not started
SM-FR-0444,Stock Manager,27. Inventory Exception Queue,Escalation Escalate unresolved critical exceptions after configured SLA.,P2 Fulfilment & Ops,Not started
SM-FR-0445,Stock Manager,27. Inventory Exception Queue,Exception audit Log ownership/status/resolution history. 28. Bulk Import / Export,P2 Fulfilment & Ops,Not started
SM-FR-0446,Stock Manager,28. Bulk Import / Export,Operation Type field The system shall provide the Operation Type dropdown element. Required status: Yes. Validation/allowed values: Stock adjustment /,P4 Growth & Control,Not started
SM-FR-0447,Stock Manager,28. Bulk Import / Export,Template field The system shall provide the Template download element. Required status: Yes. Validation/allowed values: Versioned format.,P4 Growth & Control,Not started
SM-FR-0448,Stock Manager,28. Bulk Import / Export,File field The system shall provide the File upload element. Required status: Yes. Validation/allowed values: CSV/XLSX size,P4 Growth & Control,Not started
SM-FR-0449,Stock Manager,28. Bulk Import / Export,Warehouse field The system shall provide the Warehouse reference element. Required status: Yes. Page 46,P4 Growth & Control,Not started
SM-FR-0450,Stock Manager,28. Bulk Import / Export,Validation Mode field The system shall provide the Validation Mode checkbox element. Required status: No. Validation/allowed values: Validate only / post,P4 Growth & Control,Not started
SM-FR-0451,Stock Manager,28. Bulk Import / Export,Job ID field The system shall provide the Job ID text element. Required status: Read-only. Validation/allowed values: Unique. Behaviour,P4 Growth & Control,Not started
SM-FR-0452,Stock Manager,28. Bulk Import / Export,Processed Rows field The system shall provide the Processed Rows number element. Required status: Read-only. Validation/allowed values: Calculated.,P4 Growth & Control,Not started
SM-FR-0453,Stock Manager,28. Bulk Import / Export,Success Rows field The system shall provide the Success Rows number element. Required status: Read-only. Validation/allowed values: Calculated.,P4 Growth & Control,Not started
SM-FR-0454,Stock Manager,28. Bulk Import / Export,Error Rows field The system shall provide the Error Rows number element. Required status: Read-only. Validation/allowed values: Calculated.,P4 Growth & Control,Not started
SM-FR-0455,Stock Manager,28. Bulk Import / Export,Error File field The system shall provide the Error File download element. Required status: Conditional. Validation/allowed values,P4 Growth & Control,Not started
SM-FR-0456,Stock Manager,28. Bulk Import / Export,Template download Provide latest versioned template with required columns.,P4 Growth & Control,Not started
SM-FR-0457,Stock Manager,28. Bulk Import / Export,Pre-validation Validate all rows for SKU/location/quantity/serial/permission rules before posting.,P4 Growth & Control,Not started
SM-FR-0458,Stock Manager,28. Bulk Import / Export,Atomicity policy Apply configured all-or-none or row-level commit policy and disclose it.,P4 Growth & Control,Not started
SM-FR-0459,Stock Manager,28. Bulk Import / Export,Error file Generate row-level error messages without posting failed rows.,P4 Growth & Control,Not started
SM-FR-0460,Stock Manager,28. Bulk Import / Export,Bulk approval Route controlled bulk adjustments through approval where required.,P4 Growth & Control,Not started
SM-FR-0461,Stock Manager,28. Bulk Import / Export,Background processing Process large files asynchronously with visible job status.,P4 Growth & Control,Not started
SM-FR-0462,Stock Manager,28. Bulk Import / Export,"Bulk audit Record uploader, file name/hash, row counts, approvals and posted references.",P4 Growth & Control,Not started
SM-FR-0463,Stock Manager,28. Bulk Import / Export,Export audit Log large/sensitive stock exports. 29. Barcode / QR Scanning & Label Printing,P4 Growth & Control,Not started
SM-FR-0464,Stock Manager,29. Barcode / QR Scanning & Label Printing,Scan Input field The system shall provide the Scan Input scanner/text element. Required status: Yes. Validation/allowed values: Configured,P2 Fulfilment & Ops,Not started
SM-FR-0465,Stock Manager,29. Barcode / QR Scanning & Label Printing,Label Type field The system shall provide the Label Type dropdown element. Required status: Yes. Validation/allowed values: SKU / bin / pallet /,P2 Fulfilment & Ops,Not started
SM-FR-0466,Stock Manager,29. Barcode / QR Scanning & Label Printing,Printer field The system shall provide the Printer dropdown element. Required status: Conditional. Validation/allowed values: Configured,P2 Fulfilment & Ops,Not started
SM-FR-0467,Stock Manager,29. Barcode / QR Scanning & Label Printing,Copies field The system shall provide the Copies integer element. Required status: Yes. Validation/allowed values: 1..configured max.,P2 Fulfilment & Ops,Not started
SM-FR-0468,Stock Manager,29. Barcode / QR Scanning & Label Printing,Template field The system shall provide the Template dropdown element. Required status: Yes. Validation/allowed values: Approved template.,P2 Fulfilment & Ops,Not started
SM-FR-0469,Stock Manager,29. Barcode / QR Scanning & Label Printing,Preview field The system shall provide the Preview action element. Required status: No. Validation/allowed values: Render label,P2 Fulfilment & Ops,Not started
SM-FR-0470,Stock Manager,29. Barcode / QR Scanning & Label Printing,Scanner compatibility Support keyboard-wedge and browsercompatible scanner input.,P2 Fulfilment & Ops,Not started
SM-FR-0471,Stock Manager,29. Barcode / QR Scanning & Label Printing,Scan feedback Provide immediate success/error feedback after scan.,P2 Fulfilment & Ops,Not started
SM-FR-0472,Stock Manager,29. Barcode / QR Scanning & Label Printing,Duplicate scan control Prevent accidental duplicate quantity increment according to scan mode.,P2 Fulfilment & Ops,Not started
SM-FR-0473,Stock Manager,29. Barcode / QR Scanning & Label Printing,Label data accuracy Populate labels from current SKU/location/transaction data.,P2 Fulfilment & Ops,Not started
SM-FR-0474,Stock Manager,29. Barcode / QR Scanning & Label Printing,Reprint control Require reason for controlled label reprints where configured. Page 48,P2 Fulfilment & Ops,Not started
SM-FR-0475,Stock Manager,29. Barcode / QR Scanning & Label Printing,"Print audit Log label type, reference, printer, copies and user.",P2 Fulfilment & Ops,Not started
SM-FR-0476,Stock Manager,29. Barcode / QR Scanning & Label Printing,Offline/error queue Clearly indicate print failures and allow safe retry without duplicate transaction posting.,P2 Fulfilment & Ops,Not started
SM-FR-0477,Stock Manager,30. Inventory Reports,Report Type field The system shall provide the Report Type dropdown element. Required status: Yes. Validation/allowed values: Stock on hand /,P2 Fulfilment & Ops,Not started
SM-FR-0478,Stock Manager,30. Inventory Reports,Warehouse field The system shall provide the Warehouse dropdown element. Required status: Yes. Validation/allowed values: Authorized.,P2 Fulfilment & Ops,Not started
SM-FR-0479,Stock Manager,30. Inventory Reports,Date Range field The system shall provide the Date Range date range element. Required status: Conditional. Validation/allowed values: Valid range.,P2 Fulfilment & Ops,Not started
SM-FR-0480,Stock Manager,30. Inventory Reports,SKU / Category / Brand field The system shall provide the SKU / Category / Brand filters element. Required status: No. Validation/allowed values: Valid catalog,P2 Fulfilment & Ops,Not started
SM-FR-0481,Stock Manager,30. Inventory Reports,Stock Bucket field The system shall provide the Stock Bucket dropdown element. Required status: No. Validation/allowed values: All configured,P2 Fulfilment & Ops,Not started
SM-FR-0482,Stock Manager,30. Inventory Reports,Format field The system shall provide the Format dropdown element. Required status: Yes. Validation/allowed values: Screen / XLSX / CSV,P2 Fulfilment & Ops,Not started
SM-FR-0483,Stock Manager,30. Inventory Reports,Stock on hand report Report current balances by SKU/location/bucket.,P2 Fulfilment & Ops,Not started
SM-FR-0484,Stock Manager,30. Inventory Reports,Stock movement report Report ledger movements in selected period.,P2 Fulfilment & Ops,Not started
SM-FR-0485,Stock Manager,30. Inventory Reports,Aging report Calculate stock age from receipt/lot data.,P2 Fulfilment & Ops,Not started
SM-FR-0486,Stock Manager,30. Inventory Reports,Low stock report Show threshold breaches and shortage risk.,P2 Fulfilment & Ops,Not started
SM-FR-0487,Stock Manager,30. Inventory Reports,Expiry report Show near-expiry and expired batches.,P2 Fulfilment & Ops,Not started
SM-FR-0488,Stock Manager,30. Inventory Reports,Count variance report Show cycle-count variances and posted adjustments.,P2 Fulfilment & Ops,Not started
SM-FR-0489,Stock Manager,30. Inventory Reports,Transfer report Show transfer lifecycle and discrepancies.,P2 Fulfilment & Ops,Not started
SM-FR-0490,Stock Manager,30. Inventory Reports,Return stock report Show return/RTO receipts and dispositions.,P2 Fulfilment & Ops,Not started
SM-FR-0491,Stock Manager,30. Inventory Reports,Bin utilization report Show capacity/utilization by zone/bin.,P2 Fulfilment & Ops,Not started
SM-FR-0492,Stock Manager,30. Inventory Reports,Serial report Show serialized unit status/history.,P2 Fulfilment & Ops,Not started
SM-FR-0493,Stock Manager,30. Inventory Reports,Export reports Allow export subject to scope and permissions.,P2 Fulfilment & Ops,Not started
SM-FR-0494,Stock Manager,30. Inventory Reports,Report consistency Report totals shall reconcile to operational stock ledgers for the same cut-off.,P2 Fulfilment & Ops,Not started
SM-FR-0495,Stock Manager,31. Stock Manager Staff & Permissions,Staff User field The system shall provide the Staff User reference element. Required status: Yes. Validation/allowed values: Active user.,P0 Foundation,Not started
SM-FR-0496,Stock Manager,31. Stock Manager Staff & Permissions,Warehouse Scope field The system shall provide the Warehouse Scope multi-select element. Required status: Yes. Validation/allowed values: Authorized,P0 Foundation,Not started
SM-FR-0497,Stock Manager,31. Stock Manager Staff & Permissions,Zone Scope field The system shall provide the Zone Scope multi-select element. Required status: No. Validation/allowed values: Subset of,P0 Foundation,Not started
SM-FR-0498,Stock Manager,31. Stock Manager Staff & Permissions,Module Permission field The system shall provide the Module Permission matrix element. Required status: Yes. Validation/allowed values: View / Create /,P0 Foundation,Not started
SM-FR-0499,Stock Manager,31. Stock Manager Staff & Permissions,Adjustment Limit field The system shall provide the Adjustment Limit number element. Required status: Conditional. Validation/allowed values,P0 Foundation,Not started
SM-FR-0500,Stock Manager,31. Stock Manager Staff & Permissions,Transfer Approval field The system shall provide the Transfer Approval permission element. Required status: No. Validation/allowed values: Allowed/denied.,P0 Foundation,Not started
SM-FR-0501,Stock Manager,31. Stock Manager Staff & Permissions,Count Approval field The system shall provide the Count Approval permission element. Required status: No. Validation/allowed values: Allowed/denied.,P0 Foundation,Not started
SM-FR-0502,Stock Manager,31. Stock Manager Staff & Permissions,Export Permission field The system shall provide the Export Permission permission element. Required status: No. Validation/allowed values,P0 Foundation,Not started
SM-FR-0503,Stock Manager,31. Stock Manager Staff & Permissions,Status field The system shall provide the Status status element. Required status: Yes. Validation/allowed values: Active /,P0 Foundation,Not started
SM-FR-0504,Stock Manager,31. Stock Manager Staff & Permissions,Least privilege Users shall only see modules/actions explicitly granted.,P0 Foundation,Not started
SM-FR-0505,Stock Manager,31. Stock Manager Staff & Permissions,"Warehouse scope enforcement All lists, scans, APIs and exports shall enforce warehouse/zone scope.",P0 Foundation,Not started
SM-FR-0506,Stock Manager,31. Stock Manager Staff & Permissions,Maker-checker Support separation between creator and approver for controlled stock actions.,P0 Foundation,Not started
SM-FR-0507,Stock Manager,31. Stock Manager Staff & Permissions,Permission change effect New permissions shall take effect promptly and revoked access shall be blocked.,P0 Foundation,Not started
SM-FR-0508,Stock Manager,31. Stock Manager Staff & Permissions,Temporary assignment Support time-bound warehouse access where configured.,P0 Foundation,Not started
SM-FR-0509,Stock Manager,31. Stock Manager Staff & Permissions,Approval limit enforcement Block or escalate actions above individual approval limits.,P0 Foundation,Not started
SM-FR-0510,Stock Manager,31. Stock Manager Staff & Permissions,Permission audit Log role/scope changes and actor.,P0 Foundation,Not started
SM-FR-0511,Stock Manager,31. Stock Manager Staff & Permissions,Staff action attribution Every stock-changing action shall record the authenticated user or system identity.,P0 Foundation,Not started
SM-FR-0512,Stock Manager,32. Audit Logs,Audit ID field The system shall provide the Audit ID text element. Required status: Read-only. Validation/allowed values: Unique. Behaviour,P0 Foundation,Not started
SM-FR-0513,Stock Manager,32. Audit Logs,Timestamp field The system shall provide the Timestamp datetime element. Required status: Read-only. Validation/allowed values: System time.,P0 Foundation,Not started
SM-FR-0514,Stock Manager,32. Audit Logs,User field The system shall provide the User reference element. Required status: Read-only. Validation/allowed values: Actor/system.,P0 Foundation,Not started
SM-FR-0515,Stock Manager,32. Audit Logs,Action field The system shall provide the Action text element. Required status: Read-only. Validation/allowed values: Event type.,P0 Foundation,Not started
SM-FR-0516,Stock Manager,32. Audit Logs,Module field The system shall provide the Module text element. Required status: Read-only. Validation/allowed values: Source module.,P0 Foundation,Not started
SM-FR-0517,Stock Manager,32. Audit Logs,Reference ID field The system shall provide the Reference ID text element. Required status: Conditional. Validation/allowed values: Affected transaction.,P0 Foundation,Not started
SM-FR-0518,Stock Manager,32. Audit Logs,Before Value field The system shall provide the Before Value json/text element. Required status: Conditional. Validation/allowed values: Captured where,P0 Foundation,Not started
SM-FR-0519,Stock Manager,32. Audit Logs,After Value field The system shall provide the After Value json/text element. Required status: Conditional. Validation/allowed values: Captured where,P0 Foundation,Not started
SM-FR-0520,Stock Manager,32. Audit Logs,Warehouse / Location field The system shall provide the Warehouse / Location reference element. Required status: Conditional. Validation/allowed values,P0 Foundation,Not started
SM-FR-0521,Stock Manager,32. Audit Logs,Device / IP field The system shall provide the Device / IP text element. Required status: Conditional. Validation/allowed values: Security policy.,P0 Foundation,Not started
SM-FR-0522,Stock Manager,32. Audit Logs,Immutable audit Audit events shall not be editable or deletable by operational users.,P0 Foundation,Not started
SM-FR-0523,Stock Manager,32. Audit Logs,Search audit Filter by date/user/module/action/reference/warehouse.,P0 Foundation,Not started
SM-FR-0524,Stock Manager,32. Audit Logs,Sensitive view permission Restrict audit access to authorized users.,P0 Foundation,Not started
SM-FR-0525,Stock Manager,32. Audit Logs,Stock change linkage Every inventory-changing transaction shall have corresponding audit/reference trail.,P0 Foundation,Not started
SM-FR-0526,Stock Manager,32. Audit Logs,Export audit logs Audit-log export itself shall be recorded.,P0 Foundation,Not started
SM-FR-0527,Stock Manager,32. Audit Logs,Retention Retain audit data according to configured compliance policy.,P0 Foundation,Not started
SM-FR-0528,Stock Manager,33. Notifications & Operational Alerts,Alert Type field The system shall provide the Alert Type dropdown element. Required status: Readonly. Validation/allowed values: Low stock / inbound overdue / count overdue / transfer,P1 Marketplace MVP,Not started
SM-FR-0529,Stock Manager,33. Notifications & Operational Alerts,Severity field The system shall provide the Severity status element. Required status: Read-only. Validation/allowed values: Info / Warning /,P1 Marketplace MVP,Not started
SM-FR-0530,Stock Manager,33. Notifications & Operational Alerts,Warehouse field The system shall provide the Warehouse reference element. Required status: Readonly. Validation/allowed values: Affected. Behaviour: Scope.,P1 Marketplace MVP,Not started
SM-FR-0531,Stock Manager,33. Notifications & Operational Alerts,Reference field The system shall provide the Reference reference element. Required status: Conditional. Validation/allowed values,P1 Marketplace MVP,Not started
SM-FR-0532,Stock Manager,33. Notifications & Operational Alerts,Created At field The system shall provide the Created At datetime element. Required status: Read-only. Validation/allowed values: System time.,P1 Marketplace MVP,Not started
SM-FR-0533,Stock Manager,33. Notifications & Operational Alerts,Read Status field The system shall provide the Read Status status element. Required status: Read-only. Validation/allowed values: Unread / Read /,P1 Marketplace MVP,Not started
SM-FR-0534,Stock Manager,33. Notifications & Operational Alerts,In-app notifications Show operational alerts in a notification center.,P1 Marketplace MVP,Not started
SM-FR-0535,Stock Manager,33. Notifications & Operational Alerts,Email/SMS/WhatsApp dependency Send external notifications only when platform configuration enables them.,P1 Marketplace MVP,Not started
SM-FR-0536,Stock Manager,33. Notifications & Operational Alerts,Deep links Open related task/transaction from notification.,P1 Marketplace MVP,Not started
SM-FR-0537,Stock Manager,33. Notifications & Operational Alerts,Read/acknowledge Allow marking notifications read/acknowledged.,P1 Marketplace MVP,Not started
SM-FR-0538,Stock Manager,33. Notifications & Operational Alerts,Critical escalation Escalate selected critical alerts based on configured rules.,P1 Marketplace MVP,Not started
SM-FR-0539,Stock Manager,33. Notifications & Operational Alerts,No false completion Acknowledging an alert shall not resolve the underlying operational exception.,P1 Marketplace MVP,Not started
SM-FR-0540,Stock Manager,34. Integrations & Synchronization Visibility,Integration field The system shall provide the Integration reference element. Required status: Readonly. Validation/allowed values: ERP/WMS/OMS/courier/device source.,P4 Growth & Control,Not started
SM-FR-0541,Stock Manager,34. Integrations & Synchronization Visibility,Last Sync Time field The system shall provide the Last Sync Time datetime element. Required status: Read-only. Validation/allowed values: Latest attempt.,P4 Growth & Control,Not started
SM-FR-0542,Stock Manager,34. Integrations & Synchronization Visibility,Sync Status field The system shall provide the Sync Status status element. Required status: Read-only. Validation/allowed values: Success / Warning,P4 Growth & Control,Not started
SM-FR-0543,Stock Manager,34. Integrations & Synchronization Visibility,Reference / Job ID field The system shall provide the Reference / Job ID text element. Required status: Read-only. Validation/allowed values: External/internal,P4 Growth & Control,Not started
SM-FR-0544,Stock Manager,34. Integrations & Synchronization Visibility,Error Code field The system shall provide the Error Code text element. Required status: Conditional. Validation/allowed values: On failure.,P4 Growth & Control,Not started
SM-FR-0545,Stock Manager,34. Integrations & Synchronization Visibility,Retry field The system shall provide the Retry action element. Required status: Conditional. Validation/allowed values: Permission-based.,P4 Growth & Control,Not started
SM-FR-0546,Stock Manager,34. Integrations & Synchronization Visibility,Sync health Display relevant stock synchronization status without exposing secret credentials.,P4 Growth & Control,Not started
SM-FR-0547,Stock Manager,34. Integrations & Synchronization Visibility,Duplicate event idempotency Ensure repeated integration events do not duplicate stock movements.,P4 Growth & Control,Not started
SM-FR-0548,Stock Manager,34. Integrations & Synchronization Visibility,Failed sync queue Surface stock-impacting failures for investigation.,P4 Growth & Control,Not started
SM-FR-0549,Stock Manager,34. Integrations & Synchronization Visibility,Retry safely Allow retry only when operation is idempotent/safe.,P4 Growth & Control,Not started
SM-FR-0550,Stock Manager,34. Integrations & Synchronization Visibility,External reference trace Store external reference IDs on synchronized transactions.,P4 Growth & Control,Not started
SM-FR-0551,Stock Manager,34. Integrations & Synchronization Visibility,Integration audit Log manual retries and outcomes.,P4 Growth & Control,Not started
SM-FR-0552,Stock Manager,34. Integrations & Synchronization Visibility,Secret protection Never display API secrets/tokens to Stock Page 55,P4 Growth & Control,Not started
SM-FR-0553,Stock Manager,"35. Concurrency, Locking & Data Integrity",Atomic stock posting All quantity-impacting transactions shall update balances and ledger atomically.,P0 Foundation,Not started
SM-FR-0554,Stock Manager,"35. Concurrency, Locking & Data Integrity",Optimistic/transaction locking Use appropriate concurrency control to prevent double allocation or double posting.,P0 Foundation,Not started
SM-FR-0555,Stock Manager,"35. Concurrency, Locking & Data Integrity",Idempotency Repeated submission/retry of the same transaction shall not create duplicate stock movements.,P0 Foundation,Not started
SM-FR-0556,Stock Manager,"35. Concurrency, Locking & Data Integrity",Stale screen validation Revalidate latest balance/location/status at posting time.,P0 Foundation,Not started
SM-FR-0557,Stock Manager,"35. Concurrency, Locking & Data Integrity","Reference uniqueness Ensure transaction IDs, serials and configured barcodes follow uniqueness rules.",P0 Foundation,Not started
SM-FR-0558,Stock Manager,"35. Concurrency, Locking & Data Integrity",No negative controlled buckets Prevent negative stock except explicitly supported controlled scenarios.,P0 Foundation,Not started
SM-FR-0559,Stock Manager,"35. Concurrency, Locking & Data Integrity","Cross-module consistency Order, inventory, returns and shipment stock states shall remain synchronized.",P0 Foundation,Not started
SM-FR-0560,Stock Manager,"35. Concurrency, Locking & Data Integrity","Failure rollback If posting fails, partial balance/ledger changes shall roll back.",P0 Foundation,Not started
SM-FR-0561,Stock Manager,"35. Concurrency, Locking & Data Integrity",Reconciliation job Support scheduled detection of balance/ledger inconsistencies.,P0 Foundation,Not started
SM-FR-0562,Stock Manager,"35. Concurrency, Locking & Data Integrity","Data repair governance Any repair must use authorized, auditable repair tooling; no silent correction.",P0 Foundation,Not started
SM-FR-0563,Stock Manager,"35. Concurrency, Locking & Data Integrity",Field validation messages Show clear field-level messages for invalid values.,P0 Foundation,Not started
SM-FR-0564,Stock Manager,"35. Concurrency, Locking & Data Integrity","Scan errors Differentiate unknown barcode, wrong SKU, wrong bin, duplicate serial and quantity mismatch.",P0 Foundation,Not started
SM-FR-0565,Stock Manager,"35. Concurrency, Locking & Data Integrity",Permission errors Explain access restriction without leaking unauthorized data.,P0 Foundation,Not started
SM-FR-0566,Stock Manager,"35. Concurrency, Locking & Data Integrity",Conflict errors Inform user when data changed concurrently and require refresh/retry.,P0 Foundation,Not started
SM-FR-0567,Stock Manager,"35. Concurrency, Locking & Data Integrity",Offline/network errors Do not assume success when server response 36. Error Handling & UX,P0 Foundation,Not started
SM-FR-0568,Stock Manager,36. Error Handling & UX,Duplicate submission prevention Disable/reject repeated submission while transaction posting is in progress.,P0 Foundation,Not started
SM-FR-0569,Stock Manager,36. Error Handling & UX,Unsaved changes warning Warn before leaving forms with unsaved operational data.,P0 Foundation,Not started
SM-FR-0570,Stock Manager,36. Error Handling & UX,Critical confirmation Require explicit confirmation for irreversible/high-impact actions.,P0 Foundation,Not started
SM-FR-0571,Stock Manager,36. Error Handling & UX,Success reference Display transaction/reference ID after successful stock-changing action.,P0 Foundation,Not started
SM-FR-0572,Stock Manager,36. Error Handling & UX,"Accessibility Provide keyboard-friendly forms, readable contrast and meaningful labels for operational screens.",P0 Foundation,Not started
SM-FR-0573,Stock Manager,36. Error Handling & UX,HTTPS only All portal traffic shall use secure transport.,P0 Foundation,Not started
SM-FR-0574,Stock Manager,36. Error Handling & UX,Secure password handling Passwords shall be stored using strong oneway hashing and never logged.,P0 Foundation,Not started
SM-FR-0575,Stock Manager,36. Error Handling & UX,MFA support Support mandatory MFA for configured roles/operations.,P0 Foundation,Not started
SM-FR-0576,Stock Manager,36. Error Handling & UX,"RBAC enforcement Enforce permissions server-side, not only in UI.",P0 Foundation,Not started
SM-FR-0577,Stock Manager,36. Error Handling & UX,"Warehouse data isolation Prevent access to unauthorized location data through UI, APIs or exports.",P0 Foundation,Not started
SM-FR-0578,Stock Manager,36. Error Handling & UX,PII minimization Show only customer/order data necessary for fulfilment/returns operation.,P0 Foundation,Not started
SM-FR-0579,Stock Manager,36. Error Handling & UX,Sensitive masking Mask unnecessary personal or financial fields.,P0 Foundation,Not started
SM-FR-0580,Stock Manager,36. Error Handling & UX,File security Validate uploads for allowed file type/size and malware controls.,P0 Foundation,Not started
SM-FR-0581,Stock Manager,36. Error Handling & UX,"Session security Use secure cookies/tokens, inactivity timeout and logout invalidation.",P0 Foundation,Not started
SM-FR-0582,Stock Manager,36. Error Handling & UX,Export controls Restrict and audit sensitive exports.,P0 Foundation,Not started
SM-FR-0583,Stock Manager,36. Error Handling & UX,Audit tamper resistance Protect audit/ledger records from operational modification.,P0 Foundation,Not started
SM-FR-0584,Stock Manager,36. Error Handling & UX,Security logging Record suspicious login/access/activity events for investigation.,P0 Foundation,Not started
SM-FR-0585,Stock Manager,38. Performance & Availability,Interactive response time Common stock lookup and task screens should respond within acceptable operational SLA under normal load.,P1 Marketplace MVP,Not started
SM-FR-0586,Stock Manager,38. Performance & Availability,Scan latency Barcode scan resolution should be optimized for near-real-time warehouse use.,P1 Marketplace MVP,Not started
SM-FR-0587,Stock Manager,38. Performance & Availability,"Pagination Large stock, ledger and task lists shall use pagination or virtualized loading.",P1 Marketplace MVP,Not started
SM-FR-0588,Stock Manager,38. Performance & Availability,Async heavy jobs Bulk imports/exports and long reports shall run asynchronously.,P1 Marketplace MVP,Not started
SM-FR-0589,Stock Manager,38. Performance & Availability,High availability Inventory posting services shall meet production availability targets.,P1 Marketplace MVP,Not started
SM-FR-0590,Stock Manager,38. Performance & Availability,"Graceful degradation If noncritical integrations fail, core stock operations should continue where safe and queue sync work.",P1 Marketplace MVP,Not started
SM-FR-0591,Stock Manager,38. Performance & Availability,"Monitoring Monitor posting errors, queue backlog, integration failures and transaction latency.",P1 Marketplace MVP,Not started
SM-FR-0592,Stock Manager,38. Performance & Availability,"Capacity scaling Architecture shall support growth in SKUs, warehouses, bins and concurrent scanners/users.",P1 Marketplace MVP,Not started
SM-FR-0593,Stock Manager,38. Performance & Availability,Backup/recovery Inventory records and ledgers shall be included in tested backup/recovery strategy.,P1 Marketplace MVP,Not started
SM-FR-0594,Stock Manager,38. Performance & Availability,Recovery integrity Recovery procedures shall preserve balanceto-ledger consistency. 39. Recommended Screen Inventory,P1 Marketplace MVP,Not started
SM-FR-0595,Stock Manager,39. Recommended Screen Inventory,Screen Group field The system shall provide the Screen Group reference element. Required status: Yes. Validation/allowed values: Authentication /,P2 Fulfilment & Ops,Not started
SM-FR-0596,Stock Manager,39. Recommended Screen Inventory,Screen field The system shall provide the Screen reference element. Required status: Yes. Validation/allowed values: Named operational,P2 Fulfilment & Ops,Not started
SM-FR-0597,Stock Manager,39. Recommended Screen Inventory,Primary Action field The system shall provide the Primary Action reference element. Required status: Readonly. Validation/allowed values: Main user action. Behaviour: Purpose.,P2 Fulfilment & Ops,Not started
SM-FR-0598,Stock Manager,39. Recommended Screen Inventory,Permission field The system shall provide the Permission reference element. Required status: Readonly. Validation/allowed values: Required capability. Behaviour: Access rule.,P2 Fulfilment & Ops,Not started
SM-FR-0599,Stock Manager,39. Recommended Screen Inventory,"Authentication screens Provide Login, MFA, Forgot Password, Reset Password and Sessions screens.",P2 Fulfilment & Ops,Not started
SM-FR-0600,Stock Manager,39. Recommended Screen Inventory,Dashboard screens Provide Warehouse Dashboard and Operational Alert Center.,P2 Fulfilment & Ops,Not started
SM-FR-0601,Stock Manager,39. Recommended Screen Inventory,"Inbound screens Provide Inbound Queue, GRN Create/View, Putaway Queue and Putaway Execute.",P2 Fulfilment & Ops,Not started
SM-FR-0602,Stock Manager,39. Recommended Screen Inventory,"Inventory screens Provide Stock Lookup, Inventory Detail, Ledger, Adjustment, Exception Stock and Serial/Batch screens.",P2 Fulfilment & Ops,Not started
SM-FR-0603,Stock Manager,39. Recommended Screen Inventory,Location screens Provide Warehouse/Zone/Bin directory and Bin Stock View.,P2 Fulfilment & Ops,Not started
SM-FR-0604,Stock Manager,39. Recommended Screen Inventory,"Transfer screens Provide Transfer List/Create/View, Dispatch and Receive screens.",P2 Fulfilment & Ops,Not started
SM-FR-0605,Stock Manager,39. Recommended Screen Inventory,"Count screens Provide Count Plan, Count Task, Recount and Variance Approval screens.",P2 Fulfilment & Ops,Not started
SM-FR-0606,Stock Manager,39. Recommended Screen Inventory,"Outbound screens Provide Pick Waves/Tasks, Packing Handoff and Dispatch Staging screens.",P2 Fulfilment & Ops,Not started
SM-FR-0607,Stock Manager,39. Recommended Screen Inventory,"Returns screens Provide Customer Return Receive, RTO Receive and QC/Disposition screens.",P2 Fulfilment & Ops,Not started
SM-FR-0608,Stock Manager,39. Recommended Screen Inventory,Report screens Provide Inventory Reports and Export Job History.,P2 Fulfilment & Ops,Not started
SM-FR-0609,Stock Manager,39. Recommended Screen Inventory,"Administration screens Provide Staff Permissions, Audit Logs, Notification Center and Sync Health as permitted.",P2 Fulfilment & Ops,Not started
SM-FR-0610,Stock Manager,40. End-to-End UAT Scenarios,UAT - Login and warehouse scope User logs in with MFA and sees only assigned warehouse data.,P1 Marketplace MVP,Not started
SM-FR-0611,Stock Manager,40. End-to-End UAT Scenarios,"UAT - Receive against ASN Receive expected stock, scan SKU/serial, post GRN and verify ledger/on-hand.",P1 Marketplace MVP,Not started
SM-FR-0612,Stock Manager,40. End-to-End UAT Scenarios,UAT - Partial receipt Receive fewer units than expected and keep inbound partially open.,P1 Marketplace MVP,Not started
SM-FR-0613,Stock Manager,40. End-to-End UAT Scenarios,UAT - Over receipt block Attempt receipt beyond tolerance and verify block/approval path.,P1 Marketplace MVP,Not started
SM-FR-0614,Stock Manager,40. End-to-End UAT Scenarios,UAT - Putaway Move received stock from staging to valid bin and verify balances.,P1 Marketplace MVP,Not started
SM-FR-0615,Stock Manager,40. End-to-End UAT Scenarios,UAT - Blocked bin Attempt putaway into blocked bin and verify rejection.,P1 Marketplace MVP,Not started
SM-FR-0616,Stock Manager,40. End-to-End UAT Scenarios,UAT - Stock lookup Scan SKU and verify bucket/location breakdown.,P1 Marketplace MVP,Not started
SM-FR-0617,Stock Manager,40. End-to-End UAT Scenarios,"UAT - Adjustment approval Submit high-impact adjustment, maker cannot self-approve, approver posts it.",P1 Marketplace MVP,Not started
SM-FR-0618,Stock Manager,40. End-to-End UAT Scenarios,"UAT - Transfer end-to-end Create, approve, pick, dispatch, receive and close inter-warehouse transfer.",P1 Marketplace MVP,Not started
SM-FR-0619,Stock Manager,40. End-to-End UAT Scenarios,UAT - Transfer shortage Receive less than dispatched and create discrepancy exception.,P1 Marketplace MVP,Not started
SM-FR-0620,Stock Manager,40. End-to-End UAT Scenarios,UAT - Bin movement Scan from/to bins and verify atomic paired ledger movement.,P1 Marketplace MVP,Not started
SM-FR-0621,Stock Manager,40. End-to-End UAT Scenarios,UAT - Replenishment Generate low pick-face replenishment task and complete movement.,P1 Marketplace MVP,Not started
SM-FR-0622,Stock Manager,40. End-to-End UAT Scenarios,"UAT - Blind cycle count Execute blind count, identify variance, recount, approve and post correction.",P1 Marketplace MVP,Not started
SM-FR-0623,Stock Manager,40. End-to-End UAT Scenarios,UAT - Reservation visibility Confirm order reservation reduces available stock and cancellation releases it.,P1 Marketplace MVP,Not started
SM-FR-0624,Stock Manager,40. End-to-End UAT Scenarios,UAT - Pick by FEFO Pick earliest eligible expiry lot according to FEFO.,P1 Marketplace MVP,Not started
SM-FR-0625,Stock Manager,40. End-to-End UAT Scenarios,UAT - Short pick Record shortage and verify exception/allocation handling.,P1 Marketplace MVP,Not started
SM-FR-0626,Stock Manager,40. End-to-End UAT Scenarios,UAT - Serialized pick Scan exact serial and verify association to shipment.,P1 Marketplace MVP,Not started
SM-FR-0627,Stock Manager,40. End-to-End UAT Scenarios,UAT - Packing mismatch Scan wrong SKU/serial at packing and verify block.,P1 Marketplace MVP,Not started
SM-FR-0628,Stock Manager,40. End-to-End UAT Scenarios,UAT - Dispatch handoff Complete dispatch and verify shipped stock movement.,P1 Marketplace MVP,Not started
SM-FR-0629,Stock Manager,40. End-to-End UAT Scenarios,"UAT - Customer return Receive return, QC as resellable and restore to available stock.",P1 Marketplace MVP,Not started
SM-FR-0630,Stock Manager,40. End-to-End UAT Scenarios,UAT - Damaged return Receive damaged return and route to damaged/quarantine bucket.,P1 Marketplace MVP,Not started
SM-FR-0631,Stock Manager,40. End-to-End UAT Scenarios,UAT - RTO receipt Receive RTO shipment and reconcile original outbound serials.,P1 Marketplace MVP,Not started
SM-FR-0632,Stock Manager,40. End-to-End UAT Scenarios,UAT - Expiry control Verify expired batch cannot be allocated/picked.,P1 Marketplace MVP,Not started
SM-FR-0633,Stock Manager,40. End-to-End UAT Scenarios,UAT - Duplicate serial Try receiving existing serial and verify rejection.,P1 Marketplace MVP,Not started
SM-FR-0634,Stock Manager,40. End-to-End UAT Scenarios,UAT - Low stock alert Drop stock below threshold and verify alert/replenishment shortcut.,P1 Marketplace MVP,Not started
SM-FR-0635,Stock Manager,40. End-to-End UAT Scenarios,UAT - Bulk import errors Upload mixed-validity file and verify row errors/approval/audit.,P1 Marketplace MVP,Not started
SM-FR-0636,Stock Manager,40. End-to-End UAT Scenarios,UAT - Concurrent stock use Two users act on same balance and system prevents over-consumption.,P1 Marketplace MVP,Not started
SM-FR-0637,Stock Manager,40. End-to-End UAT Scenarios,UAT - Permission restriction User without adjustment/approval/export rights is blocked server-side.,P1 Marketplace MVP,Not started
SM-FR-0638,Stock Manager,40. End-to-End UAT Scenarios,UAT - Warehouse isolation User cannot access another warehouse via direct URL/API.,P1 Marketplace MVP,Not started
SM-FR-0639,Stock Manager,40. End-to-End UAT Scenarios,"UAT - Failed integration retry View failed sync, safely retry and confirm no duplicate movement.",P1 Marketplace MVP,Not started
SM-FR-0640,Stock Manager,40. End-to-End UAT Scenarios,"UAT - Audit completeness Verify key stock change has actor, timestamp, reason, source and ledger link.",P1 Marketplace MVP,Not started
SM-FR-0641,Stock Manager,40. End-to-End UAT Scenarios,UAT - Report reconciliation Stock-on-hand report matches ledger-derived closing balance.,P1 Marketplace MVP,Not started
SA-FR-001,Super Admin,"1. Document Purpose, Scope & Conventions",Global Search,P0 Foundation,Not started
SA-FR-002,Super Admin,"1. Document Purpose, Scope & Conventions",Date Range,P0 Foundation,Not started
SA-FR-003,Super Admin,"1. Document Purpose, Scope & Conventions",Status,P0 Foundation,Not started
SA-FR-004,Super Admin,"1. Document Purpose, Scope & Conventions",Export,P0 Foundation,Not started
SA-FR-005,Super Admin,"1. Document Purpose, Scope & Conventions",Saved View,P0 Foundation,Not started
SA-FR-006,Super Admin,"1. Document Purpose, Scope & Conventions",Pagination Type Req.,P0 Foundation,Not started
SA-FR-007,Super Admin,"2. Authentication, Login, MFA & Session Security",Email / Username,P0 Foundation,DB foundation in place
SA-FR-008,Super Admin,"2. Authentication, Login, MFA & Session Security",Password,P0 Foundation,DB foundation in place
SA-FR-009,Super Admin,"2. Authentication, Login, MFA & Session Security",Remember This Device,P0 Foundation,DB foundation in place
SA-FR-010,Super Admin,"2. Authentication, Login, MFA & Session Security",CAPTCHA,P0 Foundation,DB foundation in place
SA-FR-011,Super Admin,"2. Authentication, Login, MFA & Session Security",Sign In,P0 Foundation,DB foundation in place
SA-FR-012,Super Admin,"2. Authentication, Login, MFA & Session Security",Forgot Password Type Req.,P0 Foundation,DB foundation in place
SA-FR-013,Super Admin,"2. Authentication, Login, MFA & Session Security",Verification Method,P0 Foundation,DB foundation in place
SA-FR-014,Super Admin,"2. Authentication, Login, MFA & Session Security",OTP / Code,P0 Foundation,DB foundation in place
SA-FR-015,Super Admin,"2. Authentication, Login, MFA & Session Security",Trust This Device,P0 Foundation,DB foundation in place
SA-FR-016,Super Admin,"2. Authentication, Login, MFA & Session Security",Resend OTP,P0 Foundation,DB foundation in place
SA-FR-017,Super Admin,"2. Authentication, Login, MFA & Session Security",Use Another Method Type Req.,P0 Foundation,DB foundation in place
SA-FR-018,Super Admin,"2. Authentication, Login, MFA & Session Security",Email / Username,P0 Foundation,DB foundation in place
SA-FR-019,Super Admin,"2. Authentication, Login, MFA & Session Security",OTP / Reset Token,P0 Foundation,DB foundation in place
SA-FR-020,Super Admin,"2. Authentication, Login, MFA & Session Security",New Password,P0 Foundation,DB foundation in place
SA-FR-021,Super Admin,"2. Authentication, Login, MFA & Session Security",Confirm Password,P0 Foundation,DB foundation in place
SA-FR-022,Super Admin,"2. Authentication, Login, MFA & Session Security",Logout Other Sessions Type Req.,P0 Foundation,DB foundation in place
SA-FR-023,Super Admin,"2. Authentication, Login, MFA & Session Security",Admin enters account identifier.,P0 Foundation,DB foundation in place
SA-FR-024,Super Admin,"2. Authentication, Login, MFA & Session Security",System performs generic eligibility check and sends reset channel.,P0 Foundation,DB foundation in place
SA-FR-025,Super Admin,"2. Authentication, Login, MFA & Session Security",Admin verifies OTP or secure link. Step 1 Step 2,P0 Foundation,DB foundation in place
SA-FR-026,Super Admin,"2. Authentication, Login, MFA & Session Security",Admin enters and confirms new password.,P0 Foundation,DB foundation in place
SA-FR-027,Super Admin,"2. Authentication, Login, MFA & Session Security",System validates password policy/history.,P0 Foundation,DB foundation in place
SA-FR-028,Super Admin,"2. Authentication, Login, MFA & Session Security",Password is changed; reset token is invalidated. Step 4 Step 5,P0 Foundation,DB foundation in place
SA-FR-029,Super Admin,"2. Authentication, Login, MFA & Session Security",Step 7 Configured sessions are revoked and security notification is generated. Requirement ID,P0 Foundation,DB foundation in place
SA-FR-030,Super Admin,"2. Authentication, Login, MFA & Session Security",Only Active authorized administration accounts can authenticate.,P0 Foundation,DB foundation in place
SA-FR-031,Super Admin,"2. Authentication, Login, MFA & Session Security",Failed attempts must be rate-limited and logged with IP/device metadata.,P0 Foundation,DB foundation in place
SA-FR-032,Super Admin,"2. Authentication, Login, MFA & Session Security",Account lockout thresholds and unlock mechanism must be configurable.,P0 Foundation,DB foundation in place
SA-FR-033,Super Admin,"2. Authentication, Login, MFA & Session Security",Authentication errors must not disclose whether an account exists.,P0 Foundation,DB foundation in place
SA-FR-034,Super Admin,"2. Authentication, Login, MFA & Session Security",Session idle timeout and absolute expiry must be configurable.,P0 Foundation,DB foundation in place
SA-FR-035,Super Admin,"2. Authentication, Login, MFA & Session Security",Admins must be able to view and revoke their own active sessions. Shopeye • Confidential • Super Admin Web SRS v3.0 • 3,P0 Foundation,DB foundation in place
SA-FR-036,Super Admin,"2. Authentication, Login, MFA & Session Security",Step-up authentication must be required for configured high-risk actions.,P0 Foundation,DB foundation in place
SA-FR-037,Super Admin,"2. Authentication, Login, MFA & Session Security","Login, logout, MFA, password reset, lock/unlock and session revocation events must be audited. 3. Super Admin Dashboard 3.1 Dashboard Filters Field Name",P0 Foundation,DB foundation in place
SA-FR-038,Super Admin,3. Super Admin Dashboard,Date Range,P1 Marketplace MVP,Not started
SA-FR-039,Super Admin,3. Super Admin Dashboard,Marketplace / Region,P1 Marketplace MVP,Not started
SA-FR-040,Super Admin,3. Super Admin Dashboard,Vendor,P1 Marketplace MVP,Not started
SA-FR-041,Super Admin,3. Super Admin Dashboard,Category,P1 Marketplace MVP,Not started
SA-FR-042,Super Admin,3. Super Admin Dashboard,Payment Method Type Req.,P1 Marketplace MVP,Not started
SA-FR-043,Super Admin,3. Super Admin Dashboard,GMV / Net Sales,P1 Marketplace MVP,Not started
SA-FR-044,Super Admin,3. Super Admin Dashboard,Orders,P1 Marketplace MVP,Not started
SA-FR-045,Super Admin,3. Super Admin Dashboard,Payments,P1 Marketplace MVP,Not started
SA-FR-046,Super Admin,3. Super Admin Dashboard,Vendors,P1 Marketplace MVP,Not started
SA-FR-047,Super Admin,3. Super Admin Dashboard,Customers,P1 Marketplace MVP,Not started
SA-FR-048,Super Admin,3. Super Admin Dashboard,Products,P1 Marketplace MVP,Not started
SA-FR-049,Super Admin,3. Super Admin Dashboard,Logistics,P1 Marketplace MVP,Not started
SA-FR-050,Super Admin,3. Super Admin Dashboard,Support,P1 Marketplace MVP,Not started
SA-FR-051,Super Admin,3. Super Admin Dashboard,Settlements,P1 Marketplace MVP,Not started
SA-FR-052,Super Admin,3. Super Admin Dashboard,Risk / Exceptions Displayed Information Click / Drill-down Behaviour,P1 Marketplace MVP,Not started
SA-FR-053,Super Admin,3. Super Admin Dashboard,Dashboard KPIs must be permission-aware and must not expose financial/PII data to unauthorized admin roles.,P1 Marketplace MVP,Not started
SA-FR-054,Super Admin,3. Super Admin Dashboard,KPI definitions must be documented and consistent with reports.,P1 Marketplace MVP,Not started
SA-FR-055,Super Admin,3. Super Admin Dashboard,Widgets must show last refreshed timestamp.,P1 Marketplace MVP,Not started
SA-FR-056,Super Admin,3. Super Admin Dashboard,Clicking a KPI must preserve selected global filters where meaningful.,P1 Marketplace MVP,Not started
SA-FR-057,Super Admin,3. Super Admin Dashboard,Dashboard data failures must show non-blocking error state and retry action rather than stale data without indication. Shopeye • Confidential • Super Admin Web SRS v3.0 • 4,P1 Marketplace MVP,Not started
SA-FR-058,Super Admin,"4. My Profile, Preferences & Admin Notifications",Full Name,P1 Marketplace MVP,Not started
SA-FR-059,Super Admin,"4. My Profile, Preferences & Admin Notifications",Email,P1 Marketplace MVP,Not started
SA-FR-060,Super Admin,"4. My Profile, Preferences & Admin Notifications",Mobile,P1 Marketplace MVP,Not started
SA-FR-061,Super Admin,"4. My Profile, Preferences & Admin Notifications",Profile Photo,P1 Marketplace MVP,Not started
SA-FR-062,Super Admin,"4. My Profile, Preferences & Admin Notifications",Timezone,P1 Marketplace MVP,Not started
SA-FR-063,Super Admin,"4. My Profile, Preferences & Admin Notifications",Language,P1 Marketplace MVP,Not started
SA-FR-064,Super Admin,"4. My Profile, Preferences & Admin Notifications",Notification Preferences Action / Button,P1 Marketplace MVP,Not started
SA-FR-065,Super Admin,"4. My Profile, Preferences & Admin Notifications",Change Password,P1 Marketplace MVP,Not started
SA-FR-066,Super Admin,"4. My Profile, Preferences & Admin Notifications",Manage MFA,P1 Marketplace MVP,Not started
SA-FR-067,Super Admin,"4. My Profile, Preferences & Admin Notifications",View Sessions,P1 Marketplace MVP,Not started
SA-FR-068,Super Admin,"4. My Profile, Preferences & Admin Notifications",Logout All Sessions Type Req.,P1 Marketplace MVP,Not started
SA-FR-069,Super Admin,5. Customer Management,Customer ID,P1 Marketplace MVP,Not started
SA-FR-070,Super Admin,5. Customer Management,Full Name,P1 Marketplace MVP,Not started
SA-FR-071,Super Admin,5. Customer Management,Mobile,P1 Marketplace MVP,Not started
SA-FR-072,Super Admin,5. Customer Management,Email,P1 Marketplace MVP,Not started
SA-FR-073,Super Admin,5. Customer Management,Verification,P1 Marketplace MVP,Not started
SA-FR-074,Super Admin,5. Customer Management,Account Status,P1 Marketplace MVP,Not started
SA-FR-075,Super Admin,5. Customer Management,Orders,P1 Marketplace MVP,Not started
SA-FR-076,Super Admin,5. Customer Management,Lifetime Spend,P1 Marketplace MVP,Not started
SA-FR-077,Super Admin,5. Customer Management,Returns / Refunds,P1 Marketplace MVP,Not started
SA-FR-078,Super Admin,5. Customer Management,Created Date Type Req.,P1 Marketplace MVP,Not started
SA-FR-079,Super Admin,5. Customer Management,Last Login Type Req.,P1 Marketplace MVP,Not started
SA-FR-080,Super Admin,5. Customer Management,"Customer ID, name, mobile, email, status, verification, created date, last login, order/LTV summary Block/Unblock, force logout, add note, open support case.",P1 Marketplace MVP,Not started
SA-FR-081,Super Admin,5. Customer Management,"Label, recipient, mobile, address lines, city, state, pincode, country, default flags, created/updated View only by default; copy/export subject to permission.",P1 Marketplace MVP,Not started
SA-FR-082,Super Admin,5. Customer Management,Orders,P1 Marketplace MVP,Not started
SA-FR-083,Super Admin,5. Customer Management,Payments & Refunds,P1 Marketplace MVP,Not started
SA-FR-084,Super Admin,5. Customer Management,Returns / Exchanges,P1 Marketplace MVP,Not started
SA-FR-085,Super Admin,5. Customer Management,Reviews,P1 Marketplace MVP,Not started
SA-FR-086,Super Admin,5. Customer Management,Support,P1 Marketplace MVP,Not started
SA-FR-087,Super Admin,5. Customer Management,Security,P1 Marketplace MVP,Not started
SA-FR-088,Super Admin,5. Customer Management,Audit 5.3 Block / Restrict Customer Popup Fields Field Name,P1 Marketplace MVP,Not started
SA-FR-089,Super Admin,5. Customer Management,Action Type,P1 Marketplace MVP,Not started
SA-FR-090,Super Admin,5. Customer Management,Reason Category,P1 Marketplace MVP,Not started
SA-FR-091,Super Admin,5. Customer Management,Reason Details,P1 Marketplace MVP,Not started
SA-FR-092,Super Admin,5. Customer Management,Duration,P1 Marketplace MVP,Not started
SA-FR-093,Super Admin,5. Customer Management,Revoke Active Sessions,P1 Marketplace MVP,Not started
SA-FR-094,Super Admin,5. Customer Management,Notify Customer Type Req.,P1 Marketplace MVP,Not started
SA-FR-095,Super Admin,5. Customer Management,View Customer,P1 Marketplace MVP,Not started
SA-FR-096,Super Admin,5. Customer Management,Block / Restrict,P1 Marketplace MVP,Not started
SA-FR-097,Super Admin,5. Customer Management,Unblock,P1 Marketplace MVP,Not started
SA-FR-098,Super Admin,5. Customer Management,Force Logout,P1 Marketplace MVP,Not started
SA-FR-099,Super Admin,5. Customer Management,Export Customer Data,P1 Marketplace MVP,Not started
SA-FR-100,Super Admin,5. Customer Management,Process Erasure Request Availability / Permission System Behaviour,P1 Marketplace MVP,Not started
SA-FR-101,Super Admin,5. Customer Management,Customer status changes must never delete financial/order history.,P1 Marketplace MVP,Not started
SA-FR-102,Super Admin,5. Customer Management,Sensitive data must be masked according to role permissions.,P1 Marketplace MVP,Not started
SA-FR-103,Super Admin,5. Customer Management,Customer account actions must show reason and actor in audit timeline.,P1 Marketplace MVP,Not started
SA-FR-104,Super Admin,5. Customer Management,Data export/deletion workflows must support applicable retention rules.,P1 Marketplace MVP,Not started
SA-FR-105,Super Admin,5. Customer Management,Internal notes must never be exposed to customer unless sent explicitly through a communication action. 6. Vendor Administration 6.1 Vendor List Fields Field Name,P1 Marketplace MVP,Not started
SA-FR-106,Super Admin,6. Vendor Administration,Vendor ID,P1 Marketplace MVP,Not started
SA-FR-107,Super Admin,6. Vendor Administration,Store Name,P1 Marketplace MVP,Not started
SA-FR-108,Super Admin,6. Vendor Administration,Legal Entity Name,P1 Marketplace MVP,Not started
SA-FR-109,Super Admin,6. Vendor Administration,Primary Contact,P1 Marketplace MVP,Not started
SA-FR-110,Super Admin,6. Vendor Administration,KYC Status,P1 Marketplace MVP,Not started
SA-FR-111,Super Admin,6. Vendor Administration,Selling Status,P1 Marketplace MVP,Not started
SA-FR-112,Super Admin,6. Vendor Administration,Settlement Status,P1 Marketplace MVP,Not started
SA-FR-113,Super Admin,6. Vendor Administration,Commission Plan,P1 Marketplace MVP,Not started
SA-FR-114,Super Admin,6. Vendor Administration,GST / Tax ID,P1 Marketplace MVP,Not started
SA-FR-115,Super Admin,6. Vendor Administration,Live Products,P1 Marketplace MVP,Not started
SA-FR-116,Super Admin,6. Vendor Administration,Orders / GMV,P1 Marketplace MVP,Not started
SA-FR-117,Super Admin,6. Vendor Administration,Created Date Type Req.,P1 Marketplace MVP,Not started
SA-FR-118,Super Admin,6. Vendor Administration,Overview,P1 Marketplace MVP,Not started
SA-FR-119,Super Admin,6. Vendor Administration,KYC & Documents,P1 Marketplace MVP,Not started
SA-FR-120,Super Admin,6. Vendor Administration,Bank & Settlement,P1 Marketplace MVP,Not started
SA-FR-121,Super Admin,6. Vendor Administration,Catalogue,P1 Marketplace MVP,Not started
SA-FR-122,Super Admin,6. Vendor Administration,Orders,P1 Marketplace MVP,Not started
SA-FR-123,Super Admin,6. Vendor Administration,Returns / Refunds Fields / Information Super Admin Functions,P1 Marketplace MVP,Not started
SA-FR-124,Super Admin,6. Vendor Administration,Commissions,P1 Marketplace MVP,Not started
SA-FR-125,Super Admin,6. Vendor Administration,Settlements,P1 Marketplace MVP,Not started
SA-FR-126,Super Admin,6. Vendor Administration,Support / Disputes,P1 Marketplace MVP,Not started
SA-FR-127,Super Admin,6. Vendor Administration,Audit Fields / Information Super Admin Functions,P1 Marketplace MVP,Not started
SA-FR-128,Super Admin,6. Vendor Administration,Action,P1 Marketplace MVP,Not started
SA-FR-129,Super Admin,6. Vendor Administration,Reason Category,P1 Marketplace MVP,Not started
SA-FR-130,Super Admin,6. Vendor Administration,Reason Details,P1 Marketplace MVP,Not started
SA-FR-131,Super Admin,6. Vendor Administration,Effective From,P1 Marketplace MVP,Not started
SA-FR-132,Super Admin,6. Vendor Administration,Review / End Date,P1 Marketplace MVP,Not started
SA-FR-133,Super Admin,6. Vendor Administration,Affect Live Products,P1 Marketplace MVP,Not started
SA-FR-134,Super Admin,6. Vendor Administration,Notify Vendor Type Req.,P1 Marketplace MVP,Not started
SA-FR-135,Super Admin,6. Vendor Administration,Vendor activation must require all configured mandatory onboarding checks.,P1 Marketplace MVP,Not started
SA-FR-136,Super Admin,6. Vendor Administration,Bank/tax detail changes must support re-verification before affecting payout/tax documents.,P1 Marketplace MVP,Not started
SA-FR-137,Super Admin,6. Vendor Administration,Selling suspension and settlement hold must be independent controls.,P1 Marketplace MVP,Not started
SA-FR-138,Super Admin,6. Vendor Administration,All vendor status and commercial changes must be effective-dated and audited. 7. Vendor KYC / Compliance Review 7.1 KYC Review Fields Field Name,P1 Marketplace MVP,Not started
SA-FR-139,Super Admin,7. Vendor KYC / Compliance Review,Application ID,P4 Growth & Control,Not started
SA-FR-140,Super Admin,7. Vendor KYC / Compliance Review,Business Type,P4 Growth & Control,Not started
SA-FR-141,Super Admin,7. Vendor KYC / Compliance Review,Legal Name,P4 Growth & Control,Not started
SA-FR-142,Super Admin,7. Vendor KYC / Compliance Review,PAN / Tax ID,P4 Growth & Control,Not started
SA-FR-143,Super Admin,7. Vendor KYC / Compliance Review,GSTIN / Registration No.,P4 Growth & Control,Not started
SA-FR-144,Super Admin,7. Vendor KYC / Compliance Review,Registered Address,P4 Growth & Control,Not started
SA-FR-145,Super Admin,7. Vendor KYC / Compliance Review,Authorized Signatory Type Req.,P4 Growth & Control,Not started
SA-FR-146,Super Admin,7. Vendor KYC / Compliance Review,Bank Beneficiary Name,P4 Growth & Control,Not started
SA-FR-147,Super Admin,7. Vendor KYC / Compliance Review,Bank Account,P4 Growth & Control,Not started
SA-FR-148,Super Admin,7. Vendor KYC / Compliance Review,IFSC / Routing Code,P4 Growth & Control,Not started
SA-FR-149,Super Admin,7. Vendor KYC / Compliance Review,Document Checklist,P4 Growth & Control,Not started
SA-FR-150,Super Admin,7. Vendor KYC / Compliance Review,Reviewer Notes,P4 Growth & Control,Not started
SA-FR-151,Super Admin,7. Vendor KYC / Compliance Review,Decision Type Req.,P4 Growth & Control,Not started
SA-FR-152,Super Admin,7. Vendor KYC / Compliance Review,Open pending KYC application.,P4 Growth & Control,Not started
SA-FR-153,Super Admin,7. Vendor KYC / Compliance Review,System displays submitted data and required-document checklist. Step 1 Step 2,P4 Growth & Control,Not started
SA-FR-154,Super Admin,7. Vendor KYC / Compliance Review,Step 3 Reviewer validates identity/tax/bank information and external verification results where integrated.,P4 Growth & Control,Not started
SA-FR-155,Super Admin,7. Vendor KYC / Compliance Review,Reviewer marks each checklist item Pass / Fail / Needs Correction.,P4 Growth & Control,Not started
SA-FR-156,Super Admin,7. Vendor KYC / Compliance Review,Reviewer selects final decision and enters mandatory reason for Reject/Needs Correction.,P4 Growth & Control,Not started
SA-FR-157,Super Admin,7. Vendor KYC / Compliance Review,"System updates KYC status, records reviewer and timestamp, and sends configured communication. Step 4 Step 5",P4 Growth & Control,Not started
SA-FR-158,Super Admin,7. Vendor KYC / Compliance Review,Step 7 Approved KYC enables downstream activation only if other mandatory checks are satisfied. 8. Category & Taxonomy Management,P4 Growth & Control,Not started
SA-FR-159,Super Admin,8. Category & Taxonomy Management,Category Name,P3 Finance,Not started
SA-FR-160,Super Admin,8. Category & Taxonomy Management,Slug,P3 Finance,Not started
SA-FR-161,Super Admin,8. Category & Taxonomy Management,Parent Category,P3 Finance,Not started
SA-FR-162,Super Admin,8. Category & Taxonomy Management,Category Image,P3 Finance,Not started
SA-FR-163,Super Admin,8. Category & Taxonomy Management,Icon,P3 Finance,Not started
SA-FR-164,Super Admin,8. Category & Taxonomy Management,Description,P3 Finance,Not started
SA-FR-165,Super Admin,8. Category & Taxonomy Management,Display Order,P3 Finance,Not started
SA-FR-166,Super Admin,8. Category & Taxonomy Management,Active Type Req.,P3 Finance,Not started
SA-FR-167,Super Admin,8. Category & Taxonomy Management,Attribute Set,P3 Finance,Not started
SA-FR-168,Super Admin,8. Category & Taxonomy Management,Default Commission Plan,P3 Finance,Not started
SA-FR-169,Super Admin,8. Category & Taxonomy Management,Tax Class,P3 Finance,Not started
SA-FR-170,Super Admin,8. Category & Taxonomy Management,Return Policy,P3 Finance,Not started
SA-FR-171,Super Admin,8. Category & Taxonomy Management,SEO Title,P3 Finance,Not started
SA-FR-172,Super Admin,8. Category & Taxonomy Management,SEO Description Action / Button,P3 Finance,Not started
SA-FR-173,Super Admin,8. Category & Taxonomy Management,Add Category,P3 Finance,Not started
SA-FR-174,Super Admin,8. Category & Taxonomy Management,Edit,P3 Finance,Not started
SA-FR-175,Super Admin,8. Category & Taxonomy Management,Deactivate,P3 Finance,Not started
SA-FR-176,Super Admin,8. Category & Taxonomy Management,Reorder,P3 Finance,Not started
SA-FR-177,Super Admin,8. Category & Taxonomy Management,Delete Type Req.,P3 Finance,Not started
SA-FR-178,Super Admin,9. Brand Management,Brand Name,P1 Marketplace MVP,Not started
SA-FR-179,Super Admin,9. Brand Management,Logo,P1 Marketplace MVP,Not started
SA-FR-180,Super Admin,9. Brand Management,Slug,P1 Marketplace MVP,Not started
SA-FR-181,Super Admin,9. Brand Management,Description,P1 Marketplace MVP,Not started
SA-FR-182,Super Admin,9. Brand Management,Verification Status,P1 Marketplace MVP,Not started
SA-FR-183,Super Admin,9. Brand Management,Authorization Required,P1 Marketplace MVP,Not started
SA-FR-184,Super Admin,9. Brand Management,Active,P1 Marketplace MVP,Not started
SA-FR-185,Super Admin,9. Brand Management,SEO Title,P1 Marketplace MVP,Not started
SA-FR-186,Super Admin,9. Brand Management,SEO Description Type Req.,P1 Marketplace MVP,Not started
SA-FR-187,Super Admin,"10. Product Attributes, Variants & Specification Masters",Attribute Name,P1 Marketplace MVP,Not started
SA-FR-188,Super Admin,"10. Product Attributes, Variants & Specification Masters",Code,P1 Marketplace MVP,Not started
SA-FR-189,Super Admin,"10. Product Attributes, Variants & Specification Masters",Data Type,P1 Marketplace MVP,Not started
SA-FR-190,Super Admin,"10. Product Attributes, Variants & Specification Masters",Required,P1 Marketplace MVP,Not started
SA-FR-191,Super Admin,"10. Product Attributes, Variants & Specification Masters",Filterable,P1 Marketplace MVP,Not started
SA-FR-192,Super Admin,"10. Product Attributes, Variants & Specification Masters",Variant Attribute,P1 Marketplace MVP,Not started
SA-FR-193,Super Admin,"10. Product Attributes, Variants & Specification Masters",Comparable,P1 Marketplace MVP,Not started
SA-FR-194,Super Admin,"10. Product Attributes, Variants & Specification Masters",Unit,P1 Marketplace MVP,Not started
SA-FR-195,Super Admin,"10. Product Attributes, Variants & Specification Masters",Options,P1 Marketplace MVP,Not started
SA-FR-196,Super Admin,"10. Product Attributes, Variants & Specification Masters",Active Type Req.,P1 Marketplace MVP,Not started
SA-FR-197,Super Admin,"10. Product Attributes, Variants & Specification Masters",Attribute-code changes must be restricted after production use or migrated safely.,P1 Marketplace MVP,Not started
SA-FR-198,Super Admin,"10. Product Attributes, Variants & Specification Masters",Variant option combinations must not create duplicate SKU combinations.,P1 Marketplace MVP,Not started
SA-FR-199,Super Admin,"10. Product Attributes, Variants & Specification Masters",Deactivating an attribute must not erase historical product data. 11. Product Catalogue Moderation 11.1 Product Approval Queue Fields Field Name,P1 Marketplace MVP,Not started
SA-FR-200,Super Admin,11. Product Catalogue Moderation,Product ID,P1 Marketplace MVP,Not started
SA-FR-201,Super Admin,11. Product Catalogue Moderation,Vendor,P1 Marketplace MVP,Not started
SA-FR-202,Super Admin,11. Product Catalogue Moderation,Seller SKU,P1 Marketplace MVP,Not started
SA-FR-203,Super Admin,11. Product Catalogue Moderation,Title,P1 Marketplace MVP,Not started
SA-FR-204,Super Admin,11. Product Catalogue Moderation,Brand,P1 Marketplace MVP,Not started
SA-FR-205,Super Admin,11. Product Catalogue Moderation,Category,P1 Marketplace MVP,Not started
SA-FR-206,Super Admin,11. Product Catalogue Moderation,Submission Type,P1 Marketplace MVP,Not started
SA-FR-207,Super Admin,11. Product Catalogue Moderation,Submitted At,P1 Marketplace MVP,Not started
SA-FR-208,Super Admin,11. Product Catalogue Moderation,Validation Errors,P1 Marketplace MVP,Not started
SA-FR-209,Super Admin,11. Product Catalogue Moderation,Moderation Status Type Req.,P1 Marketplace MVP,Not started
SA-FR-210,Super Admin,11. Product Catalogue Moderation,Identity,P1 Marketplace MVP,Not started
SA-FR-211,Super Admin,11. Product Catalogue Moderation,Content,P1 Marketplace MVP,Not started
SA-FR-212,Super Admin,11. Product Catalogue Moderation,Media,P1 Marketplace MVP,Not started
SA-FR-213,Super Admin,11. Product Catalogue Moderation,Variants,P1 Marketplace MVP,Not started
SA-FR-214,Super Admin,11. Product Catalogue Moderation,Commercial,P1 Marketplace MVP,Not started
SA-FR-215,Super Admin,11. Product Catalogue Moderation,Logistics,P1 Marketplace MVP,Not started
SA-FR-216,Super Admin,11. Product Catalogue Moderation,Compliance,P1 Marketplace MVP,Not started
SA-FR-217,Super Admin,11. Product Catalogue Moderation,SEO Fields to Review Validation / Admin Consideration,P1 Marketplace MVP,Not started
SA-FR-218,Super Admin,11. Product Catalogue Moderation,Decision,P1 Marketplace MVP,Not started
SA-FR-219,Super Admin,11. Product Catalogue Moderation,Reason Code,P1 Marketplace MVP,Not started
SA-FR-220,Super Admin,11. Product Catalogue Moderation,Reviewer Comments,P1 Marketplace MVP,Not started
SA-FR-221,Super Admin,11. Product Catalogue Moderation,Publish Immediately,P1 Marketplace MVP,Not started
SA-FR-222,Super Admin,11. Product Catalogue Moderation,Effective Date,P1 Marketplace MVP,Not started
SA-FR-223,Super Admin,11. Product Catalogue Moderation,Notify Vendor Type Req.,P1 Marketplace MVP,Not started
SA-FR-224,Super Admin,12. Inventory Oversight & Stock Adjustments,Read only/search —,P2 Fulfilment & Ops,Not started
SA-FR-225,Super Admin,12. Inventory Oversight & Stock Adjustments,Vendor,P2 Fulfilment & Ops,Not started
SA-FR-226,Super Admin,12. Inventory Oversight & Stock Adjustments,Location,P2 Fulfilment & Ops,Not started
SA-FR-227,Super Admin,12. Inventory Oversight & Stock Adjustments,Available,P2 Fulfilment & Ops,Not started
SA-FR-228,Super Admin,12. Inventory Oversight & Stock Adjustments,Reserved,P2 Fulfilment & Ops,Not started
SA-FR-229,Super Admin,12. Inventory Oversight & Stock Adjustments,Committed,P2 Fulfilment & Ops,Not started
SA-FR-230,Super Admin,12. Inventory Oversight & Stock Adjustments,Damaged Shopeye • Confidential • Super Admin Web SRS v3.0 • 12,P2 Fulfilment & Ops,Not started
SA-FR-231,Super Admin,12. Inventory Oversight & Stock Adjustments,Safety Stock,P2 Fulfilment & Ops,Not started
SA-FR-232,Super Admin,12. Inventory Oversight & Stock Adjustments,Last Updated Type Req.,P2 Fulfilment & Ops,Not started
SA-FR-233,Super Admin,12. Inventory Oversight & Stock Adjustments,SKU / Variant,P2 Fulfilment & Ops,Not started
SA-FR-234,Super Admin,12. Inventory Oversight & Stock Adjustments,Location,P2 Fulfilment & Ops,Not started
SA-FR-235,Super Admin,12. Inventory Oversight & Stock Adjustments,Adjustment Type,P2 Fulfilment & Ops,Not started
SA-FR-236,Super Admin,12. Inventory Oversight & Stock Adjustments,Quantity,P2 Fulfilment & Ops,Not started
SA-FR-237,Super Admin,12. Inventory Oversight & Stock Adjustments,Reason,P2 Fulfilment & Ops,Not started
SA-FR-238,Super Admin,12. Inventory Oversight & Stock Adjustments,Reference,P2 Fulfilment & Ops,Not started
SA-FR-239,Super Admin,12. Inventory Oversight & Stock Adjustments,Notes Type Req.,P2 Fulfilment & Ops,Not started
SA-FR-240,Super Admin,12. Inventory Oversight & Stock Adjustments,Manual adjustments require dedicated permission and mandatory reason.,P2 Fulfilment & Ops,Not started
SA-FR-241,Super Admin,12. Inventory Oversight & Stock Adjustments,System must prevent resulting negative stock unless explicit override policy exists.,P2 Fulfilment & Ops,Not started
SA-FR-242,Super Admin,12. Inventory Oversight & Stock Adjustments,"Before quantity, after quantity, actor, reason and reference must be audited. 13. Order Management 13.1 Order List Fields & Filters Field Name",P2 Fulfilment & Ops,Not started
SA-FR-243,Super Admin,13. Order Management,Read only/Search —,P1 Marketplace MVP,Not started
SA-FR-244,Super Admin,13. Order Management,Sub-order ID,P1 Marketplace MVP,Not started
SA-FR-245,Super Admin,13. Order Management,Order Date Customer Vendor,P1 Marketplace MVP,Not started
SA-FR-246,Super Admin,13. Order Management,Read only/Search —,P1 Marketplace MVP,Not started
SA-FR-247,Super Admin,13. Order Management,Read only/Filter —,P1 Marketplace MVP,Not started
SA-FR-248,Super Admin,13. Order Management,Items,P1 Marketplace MVP,Not started
SA-FR-249,Super Admin,13. Order Management,Order Total,P1 Marketplace MVP,Not started
SA-FR-250,Super Admin,13. Order Management,Payment Status,P1 Marketplace MVP,Not started
SA-FR-251,Super Admin,13. Order Management,Order Status Shopeye • Confidential • Super Admin Web SRS v3.0 • 13,P1 Marketplace MVP,Not started
SA-FR-252,Super Admin,13. Order Management,Fulfilment Status,P1 Marketplace MVP,Not started
SA-FR-253,Super Admin,13. Order Management,Courier / AWB,P1 Marketplace MVP,Not started
SA-FR-254,Super Admin,13. Order Management,Risk / Hold Type Req.,P1 Marketplace MVP,Not started
SA-FR-255,Super Admin,13. Order Management,Master Order ID,P1 Marketplace MVP,Not started
SA-FR-256,Super Admin,13. Order Management,Placed At,P1 Marketplace MVP,Not started
SA-FR-257,Super Admin,13. Order Management,Order Source,P1 Marketplace MVP,Not started
SA-FR-258,Super Admin,13. Order Management,Customer ID,P1 Marketplace MVP,Not started
SA-FR-259,Super Admin,13. Order Management,Customer Name,P1 Marketplace MVP,Not started
SA-FR-260,Super Admin,13. Order Management,Contact,P1 Marketplace MVP,Not started
SA-FR-261,Super Admin,13. Order Management,Billing Address,P1 Marketplace MVP,Not started
SA-FR-262,Super Admin,13. Order Management,Shipping Address,P1 Marketplace MVP,Not started
SA-FR-263,Super Admin,13. Order Management,Payment Summary,P1 Marketplace MVP,Not started
SA-FR-264,Super Admin,13. Order Management,Order Totals Type Req.,P1 Marketplace MVP,Not started
SA-FR-265,Super Admin,13. Order Management,Sub-order ID,P1 Marketplace MVP,Not started
SA-FR-266,Super Admin,13. Order Management,Vendor,P1 Marketplace MVP,Not started
SA-FR-267,Super Admin,13. Order Management,Product / Variant,P1 Marketplace MVP,Not started
SA-FR-268,Super Admin,13. Order Management,SKU,P1 Marketplace MVP,Not started
SA-FR-269,Super Admin,13. Order Management,Qty,P1 Marketplace MVP,Not started
SA-FR-270,Super Admin,13. Order Management,Unit Price,P1 Marketplace MVP,Not started
SA-FR-271,Super Admin,13. Order Management,Discount,P1 Marketplace MVP,Not started
SA-FR-272,Super Admin,13. Order Management,Tax,P1 Marketplace MVP,Not started
SA-FR-273,Super Admin,13. Order Management,Shipping Charge,P1 Marketplace MVP,Not started
SA-FR-274,Super Admin,13. Order Management,Item Status Type Req.,P1 Marketplace MVP,Not started
SA-FR-275,Super Admin,13. Order Management,Invoice No. Type Req.,P1 Marketplace MVP,Not started
SA-FR-276,Super Admin,13. Order Management,Add Internal Note,P1 Marketplace MVP,Not started
SA-FR-277,Super Admin,13. Order Management,Place Manual Hold,P1 Marketplace MVP,Not started
SA-FR-278,Super Admin,13. Order Management,Release Hold Availability / Permission System Behaviour,P1 Marketplace MVP,Not started
SA-FR-279,Super Admin,13. Order Management,Cancel Eligible Item/Order,P1 Marketplace MVP,Not started
SA-FR-280,Super Admin,13. Order Management,Correct Status,P1 Marketplace MVP,Not started
SA-FR-281,Super Admin,13. Order Management,Resend Notification,P1 Marketplace MVP,Not started
SA-FR-282,Super Admin,13. Order Management,Download Invoice,P1 Marketplace MVP,Not started
SA-FR-283,Super Admin,13. Order Management,Open Payment,P1 Marketplace MVP,Not started
SA-FR-284,Super Admin,13. Order Management,Open Shipment Requirement ID Functional Requirement / Expected Behaviour,P1 Marketplace MVP,Not started
SA-FR-285,Super Admin,13. Order Management,Order-time customer/product/address/pricing snapshots must not be overwritten by later master-data edits.,P1 Marketplace MVP,Not started
SA-FR-286,Super Admin,13. Order Management,Manual status correction must be exceptional and restricted to explicit supported transitions.,P1 Marketplace MVP,Not started
SA-FR-287,Super Admin,13. Order Management,"Order actions must preserve consistency among order, item, payment, inventory, invoice and shipment states. 14. Cancellation Administration 14.1 Cancellation Case Fields Field Name",P1 Marketplace MVP,Not started
SA-FR-288,Super Admin,14. Cancellation Administration,Cancellation ID,P2 Fulfilment & Ops,Not started
SA-FR-289,Super Admin,14. Cancellation Administration,Order / Item,P2 Fulfilment & Ops,Not started
SA-FR-290,Super Admin,14. Cancellation Administration,Requested By,P2 Fulfilment & Ops,Not started
SA-FR-291,Super Admin,14. Cancellation Administration,Requested At,P2 Fulfilment & Ops,Not started
SA-FR-292,Super Admin,14. Cancellation Administration,Reason Category,P2 Fulfilment & Ops,Not started
SA-FR-293,Super Admin,14. Cancellation Administration,Reason Detail,P2 Fulfilment & Ops,Not started
SA-FR-294,Super Admin,14. Cancellation Administration,Eligibility,P2 Fulfilment & Ops,Not started
SA-FR-295,Super Admin,14. Cancellation Administration,Fulfilment State Type Req.,P2 Fulfilment & Ops,Not started
SA-FR-296,Super Admin,14. Cancellation Administration,Payment Status,P2 Fulfilment & Ops,Not started
SA-FR-297,Super Admin,14. Cancellation Administration,Refund Amount,P2 Fulfilment & Ops,Not started
SA-FR-298,Super Admin,14. Cancellation Administration,Decision,P2 Fulfilment & Ops,Not started
SA-FR-299,Super Admin,14. Cancellation Administration,Admin Note Type Req.,P2 Fulfilment & Ops,Not started
SA-FR-300,Super Admin,14. Cancellation Administration,Open cancellation case.,P2 Fulfilment & Ops,Not started
SA-FR-301,Super Admin,14. Cancellation Administration,System checks item/order state and configured cancellation policy.,P2 Fulfilment & Ops,Not started
SA-FR-302,Super Admin,14. Cancellation Administration,"Admin reviews source, reason, fulfilment, payment and inventory implications when manual review is required. Step 1 Step 2",P2 Fulfilment & Ops,Not started
SA-FR-303,Super Admin,14. Cancellation Administration,Admin approves/rejects with mandatory reason where applicable.,P2 Fulfilment & Ops,Not started
SA-FR-304,Super Admin,14. Cancellation Administration,"System updates item/order state, releases inventory as appropriate and creates refund request for eligible prepaid amount.",P2 Fulfilment & Ops,Not started
SA-FR-305,Super Admin,14. Cancellation Administration,System generates required financial-document adjustment and notifications. Step 4 Step 5,P2 Fulfilment & Ops,Not started
SA-FR-306,Super Admin,14. Cancellation Administration,Step 7 All events are added to order/case timeline and audit log. 15. Returns & Exchanges,P2 Fulfilment & Ops,Not started
SA-FR-307,Super Admin,15. Returns & Exchanges,Request ID,P2 Fulfilment & Ops,Not started
SA-FR-308,Super Admin,15. Returns & Exchanges,Request Type,P2 Fulfilment & Ops,Not started
SA-FR-309,Super Admin,15. Returns & Exchanges,Order / Item,P2 Fulfilment & Ops,Not started
SA-FR-310,Super Admin,15. Returns & Exchanges,Customer,P2 Fulfilment & Ops,Not started
SA-FR-311,Super Admin,15. Returns & Exchanges,Vendor,P2 Fulfilment & Ops,Not started
SA-FR-312,Super Admin,15. Returns & Exchanges,Reason,P2 Fulfilment & Ops,Not started
SA-FR-313,Super Admin,15. Returns & Exchanges,Description,P2 Fulfilment & Ops,Not started
SA-FR-314,Super Admin,15. Returns & Exchanges,Evidence,P2 Fulfilment & Ops,Not started
SA-FR-315,Super Admin,15. Returns & Exchanges,Requested At,P2 Fulfilment & Ops,Not started
SA-FR-316,Super Admin,15. Returns & Exchanges,Eligibility Type Req.,P2 Fulfilment & Ops,Not started
SA-FR-317,Super Admin,15. Returns & Exchanges,Pickup / Drop Status,P2 Fulfilment & Ops,Not started
SA-FR-318,Super Admin,15. Returns & Exchanges,QC Status,P2 Fulfilment & Ops,Not started
SA-FR-319,Super Admin,15. Returns & Exchanges,Resolution,P2 Fulfilment & Ops,Not started
SA-FR-320,Super Admin,15. Returns & Exchanges,Resolution Amount,P2 Fulfilment & Ops,Not started
SA-FR-321,Super Admin,15. Returns & Exchanges,Admin Note Type Req.,P2 Fulfilment & Ops,Not started
SA-FR-322,Super Admin,15. Returns & Exchanges,QC Result,P2 Fulfilment & Ops,Not started
SA-FR-323,Super Admin,15. Returns & Exchanges,QC Reason,P2 Fulfilment & Ops,Not started
SA-FR-324,Super Admin,15. Returns & Exchanges,QC Notes,P2 Fulfilment & Ops,Not started
SA-FR-325,Super Admin,15. Returns & Exchanges,QC Evidence,P2 Fulfilment & Ops,Not started
SA-FR-326,Super Admin,15. Returns & Exchanges,Resolution,P2 Fulfilment & Ops,Not started
SA-FR-327,Super Admin,15. Returns & Exchanges,Refund Amount,P2 Fulfilment & Ops,Not started
SA-FR-328,Super Admin,15. Returns & Exchanges,Restock Inventory,P2 Fulfilment & Ops,Not started
SA-FR-329,Super Admin,15. Returns & Exchanges,Notify Parties Type Req.,P2 Fulfilment & Ops,Not started
SA-FR-330,Super Admin,16. Refund Administration,Read only/Search —,P2 Fulfilment & Ops,Not started
SA-FR-331,Super Admin,16. Refund Administration,Order ID,P2 Fulfilment & Ops,Not started
SA-FR-332,Super Admin,16. Refund Administration,Payment Transaction,P2 Fulfilment & Ops,Not started
SA-FR-333,Super Admin,16. Refund Administration,Customer,P2 Fulfilment & Ops,Not started
SA-FR-334,Super Admin,16. Refund Administration,Reason / Source,P2 Fulfilment & Ops,Not started
SA-FR-335,Super Admin,16. Refund Administration,Eligible Amount,P2 Fulfilment & Ops,Not started
SA-FR-336,Super Admin,16. Refund Administration,Refund Amount,P2 Fulfilment & Ops,Not started
SA-FR-337,Super Admin,16. Refund Administration,Refund Method Read Original source / bank / wallet where Conditional,P2 Fulfilment & Ops,Not started
SA-FR-338,Super Admin,16. Refund Administration,Gateway Refund ID,P2 Fulfilment & Ops,Not started
SA-FR-339,Super Admin,16. Refund Administration,Status,P2 Fulfilment & Ops,Not started
SA-FR-340,Super Admin,16. Refund Administration,Created At,P2 Fulfilment & Ops,Not started
SA-FR-341,Super Admin,16. Refund Administration,Completed At,P2 Fulfilment & Ops,Not started
SA-FR-342,Super Admin,16. Refund Administration,Failure Reason Action / Button,P2 Fulfilment & Ops,Not started
SA-FR-343,Super Admin,16. Refund Administration,Approve Refund,P2 Fulfilment & Ops,Not started
SA-FR-344,Super Admin,16. Refund Administration,Reject Refund,P2 Fulfilment & Ops,Not started
SA-FR-345,Super Admin,16. Refund Administration,Retry Failed Refund,P2 Fulfilment & Ops,Not started
SA-FR-346,Super Admin,16. Refund Administration,Mark Manual Refund,P2 Fulfilment & Ops,Not started
SA-FR-347,Super Admin,16. Refund Administration,Export Type Req.,P2 Fulfilment & Ops,Not started
SA-FR-348,Super Admin,16. Refund Administration,Refund requests must be idempotent to prevent duplicate refunds.,P2 Fulfilment & Ops,Not started
SA-FR-349,Super Admin,16. Refund Administration,Total successful refund must never exceed captured/eligible amount.,P2 Fulfilment & Ops,Not started
SA-FR-350,Super Admin,16. Refund Administration,Failed/pending gateway refunds require reconciliation status and retry controls.,P2 Fulfilment & Ops,Not started
SA-FR-351,Super Admin,16. Refund Administration,Manual/external refunds must require reference/evidence and privileged permission. 17. Payment Transaction Administration 17.1 Payment Transaction Fields Field Name,P2 Fulfilment & Ops,Not started
SA-FR-352,Super Admin,17. Payment Transaction Administration,Read only/Search —,P1 Marketplace MVP,Not started
SA-FR-353,Super Admin,17. Payment Transaction Administration,Order ID,P1 Marketplace MVP,Not started
SA-FR-354,Super Admin,17. Payment Transaction Administration,Customer Gateway Method,P1 Marketplace MVP,Not started
SA-FR-355,Super Admin,17. Payment Transaction Administration,Read only/Filter —,P1 Marketplace MVP,Not started
SA-FR-356,Super Admin,17. Payment Transaction Administration,Read only/Filter —,P1 Marketplace MVP,Not started
SA-FR-357,Super Admin,17. Payment Transaction Administration,Amount,P1 Marketplace MVP,Not started
SA-FR-358,Super Admin,17. Payment Transaction Administration,Gateway Order ID,P1 Marketplace MVP,Not started
SA-FR-359,Super Admin,17. Payment Transaction Administration,Gateway Transaction ID Shopeye • Confidential • Super Admin Web SRS v3.0 • 18,P1 Marketplace MVP,Not started
SA-FR-360,Super Admin,17. Payment Transaction Administration,Status,P1 Marketplace MVP,Not started
SA-FR-361,Super Admin,17. Payment Transaction Administration,Created / Updated,P1 Marketplace MVP,Not started
SA-FR-362,Super Admin,17. Payment Transaction Administration,Failure Code / Message,P1 Marketplace MVP,Not started
SA-FR-363,Super Admin,17. Payment Transaction Administration,Reconciliation Status Type Req.,P1 Marketplace MVP,Not started
SA-FR-364,Super Admin,17. Payment Transaction Administration,Verify Status,P1 Marketplace MVP,Not started
SA-FR-365,Super Admin,17. Payment Transaction Administration,Reconcile,P1 Marketplace MVP,Not started
SA-FR-366,Super Admin,17. Payment Transaction Administration,Create Support Note,P1 Marketplace MVP,Not started
SA-FR-367,Super Admin,17. Payment Transaction Administration,Initiate Refund,P1 Marketplace MVP,Not started
SA-FR-368,Super Admin,17. Payment Transaction Administration,Export Availability / Permission System Behaviour,P1 Marketplace MVP,Not started
SA-FR-369,Super Admin,"18. Invoices, Credit Notes & Financial Documents",Read only/Search —,P3 Finance,Not started
SA-FR-370,Super Admin,"18. Invoices, Credit Notes & Financial Documents",Invoice Type Order / Sub-order Vendor,P3 Finance,Not started
SA-FR-371,Super Admin,"18. Invoices, Credit Notes & Financial Documents",Read only/Search —,P3 Finance,Not started
SA-FR-372,Super Admin,"18. Invoices, Credit Notes & Financial Documents",Read only/Filter —,P3 Finance,Not started
SA-FR-373,Super Admin,"18. Invoices, Credit Notes & Financial Documents",Customer,P3 Finance,Not started
SA-FR-374,Super Admin,"18. Invoices, Credit Notes & Financial Documents",Invoice Date,P3 Finance,Not started
SA-FR-375,Super Admin,"18. Invoices, Credit Notes & Financial Documents",Taxable Value,P3 Finance,Not started
SA-FR-376,Super Admin,"18. Invoices, Credit Notes & Financial Documents",Tax Amount,P3 Finance,Not started
SA-FR-377,Super Admin,"18. Invoices, Credit Notes & Financial Documents",Grand Total,P3 Finance,Not started
SA-FR-378,Super Admin,"18. Invoices, Credit Notes & Financial Documents",Status,P3 Finance,Not started
SA-FR-379,Super Admin,"18. Invoices, Credit Notes & Financial Documents",PDF Shopeye • Confidential • Super Admin Web SRS v3.0 • 19,P3 Finance,Not started
SA-FR-380,Super Admin,"18. Invoices, Credit Notes & Financial Documents",Seller / Issuer,P3 Finance,Not started
SA-FR-381,Super Admin,"18. Invoices, Credit Notes & Financial Documents",Buyer,P3 Finance,Not started
SA-FR-382,Super Admin,"18. Invoices, Credit Notes & Financial Documents",Order,P3 Finance,Not started
SA-FR-383,Super Admin,"18. Invoices, Credit Notes & Financial Documents",Items,P3 Finance,Not started
SA-FR-384,Super Admin,"18. Invoices, Credit Notes & Financial Documents",Totals,P3 Finance,Not started
SA-FR-385,Super Admin,"18. Invoices, Credit Notes & Financial Documents",References,P3 Finance,Not started
SA-FR-386,Super Admin,"18. Invoices, Credit Notes & Financial Documents","Audit Required Data Legal name, registered address, tax identifiers, invoice series. Customer name, billing/shipping address, tax ID if applicable.",P3 Finance,Not started
SA-FR-387,Super Admin,"18. Invoices, Credit Notes & Financial Documents",Issued financial documents must be immutable except through legally valid correction/replacement flows.,P3 Finance,Not started
SA-FR-388,Super Admin,"18. Invoices, Credit Notes & Financial Documents",Credit notes must reference the original invoice and affected amount/items.,P3 Finance,Not started
SA-FR-389,Super Admin,"18. Invoices, Credit Notes & Financial Documents",Document numbering must follow configured series and never create duplicates.,P3 Finance,Not started
SA-FR-390,Super Admin,"18. Invoices, Credit Notes & Financial Documents",Admin download/regeneration must not silently change historical invoice values. 19. Commission Plans & Commercial Rules 19.1 Commission Plan Fields Field Name,P3 Finance,Not started
SA-FR-391,Super Admin,19. Commission Plans & Commercial Rules,Plan Name,P3 Finance,Not started
SA-FR-392,Super Admin,19. Commission Plans & Commercial Rules,Plan Code,P3 Finance,Not started
SA-FR-393,Super Admin,19. Commission Plans & Commercial Rules,Calculation Basis,P3 Finance,Not started
SA-FR-394,Super Admin,19. Commission Plans & Commercial Rules,Rate / Amount,P3 Finance,Not started
SA-FR-395,Super Admin,19. Commission Plans & Commercial Rules,Apply On,P3 Finance,Not started
SA-FR-396,Super Admin,19. Commission Plans & Commercial Rules,Category Overrides,P3 Finance,Not started
SA-FR-397,Super Admin,19. Commission Plans & Commercial Rules,Payment Method Fee,P3 Finance,Not started
SA-FR-398,Super Admin,19. Commission Plans & Commercial Rules,Fixed Order Fee,P3 Finance,Not started
SA-FR-399,Super Admin,19. Commission Plans & Commercial Rules,Effective From,P3 Finance,Not started
SA-FR-400,Super Admin,19. Commission Plans & Commercial Rules,Effective To,P3 Finance,Not started
SA-FR-401,Super Admin,19. Commission Plans & Commercial Rules,Status,P3 Finance,Not started
SA-FR-402,Super Admin,19. Commission Plans & Commercial Rules,Tax on Platform Fee Type Req.,P3 Finance,Not started
SA-FR-403,Super Admin,19. Commission Plans & Commercial Rules,Commercial-rule changes must be effective-dated and must not recalculate already finalized orders unless an explicit adjustment workflow is used.,P3 Finance,Not started
SA-FR-404,Super Admin,19. Commission Plans & Commercial Rules,Each vendor must have an unambiguous applicable commission rule for each order item.,P3 Finance,Not started
SA-FR-405,Super Admin,19. Commission Plans & Commercial Rules,Commission calculation breakdown must be visible in settlement detail. 20. Vendor Settlements & Payouts 20.1 Settlement List Fields Field Name,P3 Finance,Not started
SA-FR-406,Super Admin,20. Vendor Settlements & Payouts,Read only/Search —,P3 Finance,Not started
SA-FR-407,Super Admin,20. Vendor Settlements & Payouts,Read only/Filter —,P3 Finance,Not started
SA-FR-408,Super Admin,20. Vendor Settlements & Payouts,Cycle / Period,P3 Finance,Not started
SA-FR-409,Super Admin,20. Vendor Settlements & Payouts,Gross Eligible Sales,P3 Finance,Not started
SA-FR-410,Super Admin,20. Vendor Settlements & Payouts,Refunds / Returns,P3 Finance,Not started
SA-FR-411,Super Admin,20. Vendor Settlements & Payouts,Commission / Fees,P3 Finance,Not started
SA-FR-412,Super Admin,20. Vendor Settlements & Payouts,Taxes / TDS / Adjustments,P3 Finance,Not started
SA-FR-413,Super Admin,20. Vendor Settlements & Payouts,Net Payable,P3 Finance,Not started
SA-FR-414,Super Admin,20. Vendor Settlements & Payouts,Status,P3 Finance,Not started
SA-FR-415,Super Admin,20. Vendor Settlements & Payouts,Bank Beneficiary,P3 Finance,Not started
SA-FR-416,Super Admin,20. Vendor Settlements & Payouts,Payout Reference,P3 Finance,Not started
SA-FR-417,Super Admin,20. Vendor Settlements & Payouts,Due Date 20.2 Settlement Approval / Hold Fields Field Name,P3 Finance,Not started
SA-FR-418,Super Admin,20. Vendor Settlements & Payouts,Action,P3 Finance,Not started
SA-FR-419,Super Admin,20. Vendor Settlements & Payouts,Reason,P3 Finance,Not started
SA-FR-420,Super Admin,20. Vendor Settlements & Payouts,Notes,P3 Finance,Not started
SA-FR-421,Super Admin,20. Vendor Settlements & Payouts,Payout Reference,P3 Finance,Not started
SA-FR-422,Super Admin,20. Vendor Settlements & Payouts,Evidence,P3 Finance,Not started
SA-FR-423,Super Admin,20. Vendor Settlements & Payouts,Step-up MFA Requirement ID Type,P3 Finance,Not started
SA-FR-424,Super Admin,20. Vendor Settlements & Payouts,Settlement generation must be reproducible from underlying order/refund/commission ledger.,P3 Finance,Not started
SA-FR-425,Super Admin,20. Vendor Settlements & Payouts,Payout approval should support maker-checker/dual control where configured.,P3 Finance,Not started
SA-FR-426,Super Admin,20. Vendor Settlements & Payouts,A settlement on hold must not be submitted to payout provider.,P3 Finance,Not started
SA-FR-427,Super Admin,20. Vendor Settlements & Payouts,Failed payouts must preserve the same settlement ledger and use controlled retry/replace-destination workflow. 21. Logistics & Courier Administration 21.1 Courier Provider Configuration Fields Field Name,P3 Finance,Not started
SA-FR-428,Super Admin,21. Logistics & Courier Administration,Provider Name,P2 Fulfilment & Ops,Not started
SA-FR-429,Super Admin,21. Logistics & Courier Administration,Provider Code,P2 Fulfilment & Ops,Not started
SA-FR-430,Super Admin,21. Logistics & Courier Administration,Environment,P2 Fulfilment & Ops,Not started
SA-FR-431,Super Admin,21. Logistics & Courier Administration,API Base URL,P2 Fulfilment & Ops,Not started
SA-FR-432,Super Admin,21. Logistics & Courier Administration,Credential Reference,P2 Fulfilment & Ops,Not started
SA-FR-433,Super Admin,21. Logistics & Courier Administration,Webhook Secret,P2 Fulfilment & Ops,Not started
SA-FR-434,Super Admin,21. Logistics & Courier Administration,Service Types,P2 Fulfilment & Ops,Not started
SA-FR-435,Super Admin,21. Logistics & Courier Administration,COD Supported,P2 Fulfilment & Ops,Not started
SA-FR-436,Super Admin,21. Logistics & Courier Administration,Reverse Pickup,P2 Fulfilment & Ops,Not started
SA-FR-437,Super Admin,21. Logistics & Courier Administration,Active,P2 Fulfilment & Ops,Not started
SA-FR-438,Super Admin,21. Logistics & Courier Administration,Priority Type Req.,P2 Fulfilment & Ops,Not started
SA-FR-439,Super Admin,21. Logistics & Courier Administration,Rate Card / Zone Mapping 21.2 Shipment Monitoring Fields Field Name,P2 Fulfilment & Ops,Not started
SA-FR-440,Super Admin,21. Logistics & Courier Administration,Read only/Search —,P2 Fulfilment & Ops,Not started
SA-FR-441,Super Admin,21. Logistics & Courier Administration,Read only/Search —,P2 Fulfilment & Ops,Not started
SA-FR-442,Super Admin,21. Logistics & Courier Administration,Read only/Filter —,P2 Fulfilment & Ops,Not started
SA-FR-443,Super Admin,21. Logistics & Courier Administration,Read only/Filter —,P2 Fulfilment & Ops,Not started
SA-FR-444,Super Admin,21. Logistics & Courier Administration,AWB,P2 Fulfilment & Ops,Not started
SA-FR-445,Super Admin,21. Logistics & Courier Administration,Status Shopeye • Confidential • Super Admin Web SRS v3.0 • 22,P2 Fulfilment & Ops,Not started
SA-FR-446,Super Admin,21. Logistics & Courier Administration,Latest Scan,P2 Fulfilment & Ops,Not started
SA-FR-447,Super Admin,21. Logistics & Courier Administration,EDD,P2 Fulfilment & Ops,Not started
SA-FR-448,Super Admin,21. Logistics & Courier Administration,NDR Status,P2 Fulfilment & Ops,Not started
SA-FR-449,Super Admin,21. Logistics & Courier Administration,Last Sync Action / Button,P2 Fulfilment & Ops,Not started
SA-FR-450,Super Admin,21. Logistics & Courier Administration,Refresh Tracking,P2 Fulfilment & Ops,Not started
SA-FR-451,Super Admin,21. Logistics & Courier Administration,Cancel Shipment,P2 Fulfilment & Ops,Not started
SA-FR-452,Super Admin,21. Logistics & Courier Administration,Reattempt / NDR Action,P2 Fulfilment & Ops,Not started
SA-FR-453,Super Admin,21. Logistics & Courier Administration,Initiate RTO Type Req.,P2 Fulfilment & Ops,Not started
SA-FR-454,Super Admin,22. Pincode Serviceability & Shipping Rules,Country,P2 Fulfilment & Ops,Not started
SA-FR-455,Super Admin,22. Pincode Serviceability & Shipping Rules,State / Region,P2 Fulfilment & Ops,Not started
SA-FR-456,Super Admin,22. Pincode Serviceability & Shipping Rules,Pincode / Postal Range,P2 Fulfilment & Ops,Not started
SA-FR-457,Super Admin,22. Pincode Serviceability & Shipping Rules,Delivery Supported,P2 Fulfilment & Ops,Not started
SA-FR-458,Super Admin,22. Pincode Serviceability & Shipping Rules,COD Supported,P2 Fulfilment & Ops,Not started
SA-FR-459,Super Admin,22. Pincode Serviceability & Shipping Rules,Reverse Pickup,P2 Fulfilment & Ops,Not started
SA-FR-460,Super Admin,22. Pincode Serviceability & Shipping Rules,Min / Max Order Value,P2 Fulfilment & Ops,Not started
SA-FR-461,Super Admin,22. Pincode Serviceability & Shipping Rules,Shipping Charge Rule,P2 Fulfilment & Ops,Not started
SA-FR-462,Super Admin,22. Pincode Serviceability & Shipping Rules,Estimated Delivery Days,P2 Fulfilment & Ops,Not started
SA-FR-463,Super Admin,22. Pincode Serviceability & Shipping Rules,Restricted Categories,P2 Fulfilment & Ops,Not started
SA-FR-464,Super Admin,22. Pincode Serviceability & Shipping Rules,Active Type Req.,P2 Fulfilment & Ops,Not started
SA-FR-465,Super Admin,"23. Coupons, Promotions & Discount Controls",Coupon Code Type Req.,P4 Growth & Control,Not started
SA-FR-466,Super Admin,"23. Coupons, Promotions & Discount Controls",Coupon Name,P4 Growth & Control,Not started
SA-FR-467,Super Admin,"23. Coupons, Promotions & Discount Controls",Discount Type,P4 Growth & Control,Not started
SA-FR-468,Super Admin,"23. Coupons, Promotions & Discount Controls",Discount Value,P4 Growth & Control,Not started
SA-FR-469,Super Admin,"23. Coupons, Promotions & Discount Controls",Max Discount,P4 Growth & Control,Not started
SA-FR-470,Super Admin,"23. Coupons, Promotions & Discount Controls",Minimum Cart Value,P4 Growth & Control,Not started
SA-FR-471,Super Admin,"23. Coupons, Promotions & Discount Controls",Valid From,P4 Growth & Control,Not started
SA-FR-472,Super Admin,"23. Coupons, Promotions & Discount Controls",Valid To,P4 Growth & Control,Not started
SA-FR-473,Super Admin,"23. Coupons, Promotions & Discount Controls",Usage Limit Total Type Req.,P4 Growth & Control,Not started
SA-FR-474,Super Admin,"23. Coupons, Promotions & Discount Controls",Usage Limit Per Customer,P4 Growth & Control,Not started
SA-FR-475,Super Admin,"23. Coupons, Promotions & Discount Controls",Eligible Customers,P4 Growth & Control,Not started
SA-FR-476,Super Admin,"23. Coupons, Promotions & Discount Controls",Eligible Vendors,P4 Growth & Control,Not started
SA-FR-477,Super Admin,"23. Coupons, Promotions & Discount Controls",Eligible Categories / Products,P4 Growth & Control,Not started
SA-FR-478,Super Admin,"23. Coupons, Promotions & Discount Controls",Payment Method Restriction,P4 Growth & Control,Not started
SA-FR-479,Super Admin,"23. Coupons, Promotions & Discount Controls",Stacking Rule,P4 Growth & Control,Not started
SA-FR-480,Super Admin,"23. Coupons, Promotions & Discount Controls",Status 23.2 Coupon Admin Actions Action / Button,P4 Growth & Control,Not started
SA-FR-481,Super Admin,"23. Coupons, Promotions & Discount Controls",Create,P4 Growth & Control,Not started
SA-FR-482,Super Admin,"23. Coupons, Promotions & Discount Controls",Edit,P4 Growth & Control,Not started
SA-FR-483,Super Admin,"23. Coupons, Promotions & Discount Controls",Pause,P4 Growth & Control,Not started
SA-FR-484,Super Admin,"23. Coupons, Promotions & Discount Controls",Duplicate,P4 Growth & Control,Not started
SA-FR-485,Super Admin,"23. Coupons, Promotions & Discount Controls",View Usage Availability / Permission System Behaviour,P4 Growth & Control,Not started
SA-FR-486,Super Admin,"24. Homepage Merchandising, Banners & CMS Blocks",Block Name Type Req.,P4 Growth & Control,Not started
SA-FR-487,Super Admin,"24. Homepage Merchandising, Banners & CMS Blocks",Placement,P4 Growth & Control,Not started
SA-FR-488,Super Admin,"24. Homepage Merchandising, Banners & CMS Blocks",Title,P4 Growth & Control,Not started
SA-FR-489,Super Admin,"24. Homepage Merchandising, Banners & CMS Blocks",Subtitle,P4 Growth & Control,Not started
SA-FR-490,Super Admin,"24. Homepage Merchandising, Banners & CMS Blocks",Desktop Image,P4 Growth & Control,Not started
SA-FR-491,Super Admin,"24. Homepage Merchandising, Banners & CMS Blocks",Mobile Image,P4 Growth & Control,Not started
SA-FR-492,Super Admin,"24. Homepage Merchandising, Banners & CMS Blocks",CTA Label,P4 Growth & Control,Not started
SA-FR-493,Super Admin,"24. Homepage Merchandising, Banners & CMS Blocks",CTA Link Type,P4 Growth & Control,Not started
SA-FR-494,Super Admin,"24. Homepage Merchandising, Banners & CMS Blocks",CTA Target,P4 Growth & Control,Not started
SA-FR-495,Super Admin,"24. Homepage Merchandising, Banners & CMS Blocks",Display Order,P4 Growth & Control,Not started
SA-FR-496,Super Admin,"24. Homepage Merchandising, Banners & CMS Blocks",Audience Segment,P4 Growth & Control,Not started
SA-FR-497,Super Admin,"24. Homepage Merchandising, Banners & CMS Blocks",Start / End,P4 Growth & Control,Not started
SA-FR-498,Super Admin,"24. Homepage Merchandising, Banners & CMS Blocks",Active,P4 Growth & Control,Not started
SA-FR-499,Super Admin,"24. Homepage Merchandising, Banners & CMS Blocks",Tracking Tag Type Req.,P4 Growth & Control,Not started
SA-FR-500,Super Admin,"24. Homepage Merchandising, Banners & CMS Blocks",CMS content must support preview before publish.,P4 Growth & Control,Not started
SA-FR-501,Super Admin,"24. Homepage Merchandising, Banners & CMS Blocks",Scheduled content must activate/deactivate automatically using configured timezone.,P4 Growth & Control,Not started
SA-FR-502,Super Admin,"24. Homepage Merchandising, Banners & CMS Blocks","Deleting/deactivating linked products/categories must surface broken-link warnings in CMS. 25. Static Pages, Navigation & Legal Content 25.1 CMS Page Fields Field Name",P4 Growth & Control,Not started
SA-FR-503,Super Admin,"25. Static Pages, Navigation & Legal Content",Page Title,P1 Marketplace MVP,Not started
SA-FR-504,Super Admin,"25. Static Pages, Navigation & Legal Content",Slug,P1 Marketplace MVP,Not started
SA-FR-505,Super Admin,"25. Static Pages, Navigation & Legal Content",Page Type,P1 Marketplace MVP,Not started
SA-FR-506,Super Admin,"25. Static Pages, Navigation & Legal Content",Content,P1 Marketplace MVP,Not started
SA-FR-507,Super Admin,"25. Static Pages, Navigation & Legal Content",SEO Title,P1 Marketplace MVP,Not started
SA-FR-508,Super Admin,"25. Static Pages, Navigation & Legal Content",SEO Description,P1 Marketplace MVP,Not started
SA-FR-509,Super Admin,"25. Static Pages, Navigation & Legal Content",Indexing,P1 Marketplace MVP,Not started
SA-FR-510,Super Admin,"25. Static Pages, Navigation & Legal Content",Version Note Type Req.,P1 Marketplace MVP,Not started
SA-FR-511,Super Admin,"25. Static Pages, Navigation & Legal Content",Publish Status,P1 Marketplace MVP,Not started
SA-FR-512,Super Admin,"25. Static Pages, Navigation & Legal Content",Publish At Type Req.,P1 Marketplace MVP,Not started
SA-FR-513,Super Admin,"25. Static Pages, Navigation & Legal Content",Menu,P1 Marketplace MVP,Not started
SA-FR-514,Super Admin,"25. Static Pages, Navigation & Legal Content",Label,P1 Marketplace MVP,Not started
SA-FR-515,Super Admin,"25. Static Pages, Navigation & Legal Content",Link Type,P1 Marketplace MVP,Not started
SA-FR-516,Super Admin,"25. Static Pages, Navigation & Legal Content",Target,P1 Marketplace MVP,Not started
SA-FR-517,Super Admin,"25. Static Pages, Navigation & Legal Content",Parent Item,P1 Marketplace MVP,Not started
SA-FR-518,Super Admin,"25. Static Pages, Navigation & Legal Content",Display Order,P1 Marketplace MVP,Not started
SA-FR-519,Super Admin,"25. Static Pages, Navigation & Legal Content",Open New Tab,P1 Marketplace MVP,Not started
SA-FR-520,Super Admin,"25. Static Pages, Navigation & Legal Content",Active Type Req.,P1 Marketplace MVP,Not started
SA-FR-521,Super Admin,"26. Search, Recommendations & Merchandising Rules",Rule Name,P4 Growth & Control,Not started
SA-FR-522,Super Admin,"26. Search, Recommendations & Merchandising Rules",Rule Type,P4 Growth & Control,Not started
SA-FR-523,Super Admin,"26. Search, Recommendations & Merchandising Rules",Query / Trigger Type Req.,P4 Growth & Control,Not started
SA-FR-524,Super Admin,"26. Search, Recommendations & Merchandising Rules",Target Product / Category,P4 Growth & Control,Not started
SA-FR-525,Super Admin,"26. Search, Recommendations & Merchandising Rules",Boost Weight / Position,P4 Growth & Control,Not started
SA-FR-526,Super Admin,"26. Search, Recommendations & Merchandising Rules",Audience / Region,P4 Growth & Control,Not started
SA-FR-527,Super Admin,"26. Search, Recommendations & Merchandising Rules",Start / End,P4 Growth & Control,Not started
SA-FR-528,Super Admin,"26. Search, Recommendations & Merchandising Rules",Active,P4 Growth & Control,Not started
SA-FR-529,Super Admin,"26. Search, Recommendations & Merchandising Rules",Notes 27. Ratings & Reviews Moderation 27.1 Review Queue Fields Field Name,P4 Growth & Control,Not started
SA-FR-530,Super Admin,27. Ratings & Reviews Moderation,Read only/Search —,P4 Growth & Control,Not started
SA-FR-531,Super Admin,27. Ratings & Reviews Moderation,Product,P4 Growth & Control,Not started
SA-FR-532,Super Admin,27. Ratings & Reviews Moderation,Customer,P4 Growth & Control,Not started
SA-FR-533,Super Admin,27. Ratings & Reviews Moderation,Rating,P4 Growth & Control,Not started
SA-FR-534,Super Admin,27. Ratings & Reviews Moderation,Title,P4 Growth & Control,Not started
SA-FR-535,Super Admin,27. Ratings & Reviews Moderation,Review Text,P4 Growth & Control,Not started
SA-FR-536,Super Admin,27. Ratings & Reviews Moderation,Media,P4 Growth & Control,Not started
SA-FR-537,Super Admin,27. Ratings & Reviews Moderation,Verified Purchase,P4 Growth & Control,Not started
SA-FR-538,Super Admin,27. Ratings & Reviews Moderation,Submitted At,P4 Growth & Control,Not started
SA-FR-539,Super Admin,27. Ratings & Reviews Moderation,Moderation Status,P4 Growth & Control,Not started
SA-FR-540,Super Admin,27. Ratings & Reviews Moderation,Flag Reason 27.2 Moderation Decision Fields Field Name,P4 Growth & Control,Not started
SA-FR-541,Super Admin,27. Ratings & Reviews Moderation,Decision,P4 Growth & Control,Not started
SA-FR-542,Super Admin,27. Ratings & Reviews Moderation,Reason,P4 Growth & Control,Not started
SA-FR-543,Super Admin,27. Ratings & Reviews Moderation,Internal Note,P4 Growth & Control,Not started
SA-FR-544,Super Admin,27. Ratings & Reviews Moderation,Notify Customer Type Req.,P4 Growth & Control,Not started
SA-FR-545,Super Admin,28. Customer/Vendor Support Tickets & Disputes,Read only/Search —,P2 Fulfilment & Ops,Not started
SA-FR-546,Super Admin,28. Customer/Vendor Support Tickets & Disputes,Requester Type,P2 Fulfilment & Ops,Not started
SA-FR-547,Super Admin,28. Customer/Vendor Support Tickets & Disputes,Requester,P2 Fulfilment & Ops,Not started
SA-FR-548,Super Admin,28. Customer/Vendor Support Tickets & Disputes,Subject,P2 Fulfilment & Ops,Not started
SA-FR-549,Super Admin,28. Customer/Vendor Support Tickets & Disputes,Category,P2 Fulfilment & Ops,Not started
SA-FR-550,Super Admin,28. Customer/Vendor Support Tickets & Disputes,Priority,P2 Fulfilment & Ops,Not started
SA-FR-551,Super Admin,28. Customer/Vendor Support Tickets & Disputes,Status Shopeye • Confidential • Super Admin Web SRS v3.0 • 27,P2 Fulfilment & Ops,Not started
SA-FR-552,Super Admin,28. Customer/Vendor Support Tickets & Disputes,Assignee,P2 Fulfilment & Ops,Not started
SA-FR-553,Super Admin,28. Customer/Vendor Support Tickets & Disputes,Admin/Team selector No,P2 Fulfilment & Ops,Not started
SA-FR-554,Super Admin,28. Customer/Vendor Support Tickets & Disputes,SLA Due,P2 Fulfilment & Ops,Not started
SA-FR-555,Super Admin,28. Customer/Vendor Support Tickets & Disputes,Last Activity 28.2 Ticket Reply / Internal Note Fields Field Name,P2 Fulfilment & Ops,Not started
SA-FR-556,Super Admin,28. Customer/Vendor Support Tickets & Disputes,Message Type,P2 Fulfilment & Ops,Not started
SA-FR-557,Super Admin,28. Customer/Vendor Support Tickets & Disputes,Message,P2 Fulfilment & Ops,Not started
SA-FR-558,Super Admin,28. Customer/Vendor Support Tickets & Disputes,Attachments,P2 Fulfilment & Ops,Not started
SA-FR-559,Super Admin,28. Customer/Vendor Support Tickets & Disputes,Status After Send,P2 Fulfilment & Ops,Not started
SA-FR-560,Super Admin,28. Customer/Vendor Support Tickets & Disputes,Assignee,P2 Fulfilment & Ops,Not started
SA-FR-561,Super Admin,28. Customer/Vendor Support Tickets & Disputes,Priority,P2 Fulfilment & Ops,Not started
SA-FR-562,Super Admin,28. Customer/Vendor Support Tickets & Disputes,Send Notification Type Req.,P2 Fulfilment & Ops,Not started
SA-FR-563,Super Admin,28. Customer/Vendor Support Tickets & Disputes,Internal notes must never be sent to requester.,P2 Fulfilment & Ops,Not started
SA-FR-564,Super Admin,28. Customer/Vendor Support Tickets & Disputes,SLA timers must use configured business hours/holiday policy where applicable.,P2 Fulfilment & Ops,Not started
SA-FR-565,Super Admin,28. Customer/Vendor Support Tickets & Disputes,Ticket status and assignment changes must be time-stamped and auditable. Email/SMS/etc according to preferences. 29. Notification Templates & Communication Configuration,P2 Fulfilment & Ops,Not started
SA-FR-566,Super Admin,29. Notification Templates & Communication Configuration,Template Name,P0 Foundation,Not started
SA-FR-567,Super Admin,29. Notification Templates & Communication Configuration,Event,P0 Foundation,Not started
SA-FR-568,Super Admin,29. Notification Templates & Communication Configuration,Channel,P0 Foundation,Not started
SA-FR-569,Super Admin,29. Notification Templates & Communication Configuration,Language,P0 Foundation,Not started
SA-FR-570,Super Admin,29. Notification Templates & Communication Configuration,Subject,P0 Foundation,Not started
SA-FR-571,Super Admin,29. Notification Templates & Communication Configuration,Body,P0 Foundation,Not started
SA-FR-572,Super Admin,29. Notification Templates & Communication Configuration,Variables Type Req.,P0 Foundation,Not started
SA-FR-573,Super Admin,29. Notification Templates & Communication Configuration,Sender / From,P0 Foundation,Not started
SA-FR-574,Super Admin,29. Notification Templates & Communication Configuration,Active,P0 Foundation,Not started
SA-FR-575,Super Admin,29. Notification Templates & Communication Configuration,Test Recipient Action / Button,P0 Foundation,Not started
SA-FR-576,Super Admin,29. Notification Templates & Communication Configuration,Preview,P0 Foundation,Not started
SA-FR-577,Super Admin,29. Notification Templates & Communication Configuration,Send Test,P0 Foundation,Not started
SA-FR-578,Super Admin,29. Notification Templates & Communication Configuration,Publish,P0 Foundation,Not started
SA-FR-579,Super Admin,29. Notification Templates & Communication Configuration,Rollback Version Type Req.,P0 Foundation,Not started
SA-FR-580,Super Admin,30. Reports & Analytics,Report Type,P4 Growth & Control,Not started
SA-FR-581,Super Admin,30. Reports & Analytics,Date Range,P4 Growth & Control,Not started
SA-FR-582,Super Admin,30. Reports & Analytics,Vendor,P4 Growth & Control,Not started
SA-FR-583,Super Admin,30. Reports & Analytics,Category,P4 Growth & Control,Not started
SA-FR-584,Super Admin,30. Reports & Analytics,Order Status,P4 Growth & Control,Not started
SA-FR-585,Super Admin,30. Reports & Analytics,Payment Status,P4 Growth & Control,Not started
SA-FR-586,Super Admin,30. Reports & Analytics,Region / State,P4 Growth & Control,Not started
SA-FR-587,Super Admin,30. Reports & Analytics,Group By,P4 Growth & Control,Not started
SA-FR-588,Super Admin,30. Reports & Analytics,Export Format Type Req.,P4 Growth & Control,Not started
SA-FR-589,Super Admin,30. Reports & Analytics,Sales & Orders,P4 Growth & Control,Not started
SA-FR-590,Super Admin,30. Reports & Analytics,Vendor Performance,P4 Growth & Control,Not started
SA-FR-591,Super Admin,30. Reports & Analytics,Customer,P4 Growth & Control,Not started
SA-FR-592,Super Admin,30. Reports & Analytics,Product / Category,P4 Growth & Control,Not started
SA-FR-593,Super Admin,30. Reports & Analytics,"Payments Key Measures / Fields Orders, units, gross sales, discount, tax, shipping, cancellations, returns, net sales. GMV, orders, fill rate, cancellation rate, return rate, RTO, SLA, rating.",P4 Growth & Control,Not started
SA-FR-594,Super Admin,30. Reports & Analytics,"Created, pending, success, failure, age, reason. Refunds",P4 Growth & Control,Not started
SA-FR-595,Super Admin,30. Reports & Analytics,"Gross eligible, commission, adjustments, net payable, paid/failed/hold. Settlements",P4 Growth & Control,Not started
SA-FR-596,Super Admin,30. Reports & Analytics,"Shipments, pickup SLA, delivery SLA, NDR, RTO, courier performance. Logistics",P4 Growth & Control,Not started
SA-FR-597,Super Admin,30. Reports & Analytics,"Ticket volume, SLA breach, resolution time, category, assignee. Support",P4 Growth & Control,Not started
SA-FR-598,Super Admin,30. Reports & Analytics,"Coupon uses, discount cost, sales attributed, unique customers, failure reasons. Promotions 31. Admin Users, Roles & Permissions",P4 Growth & Control,Not started
SA-FR-599,Super Admin,"31. Admin Users, Roles & Permissions",Full Name,P0 Foundation,Not started
SA-FR-600,Super Admin,"31. Admin Users, Roles & Permissions",Email,P0 Foundation,Not started
SA-FR-601,Super Admin,"31. Admin Users, Roles & Permissions",Mobile Type Req.,P0 Foundation,Not started
SA-FR-602,Super Admin,"31. Admin Users, Roles & Permissions",Employee / Reference ID,P0 Foundation,Not started
SA-FR-603,Super Admin,"31. Admin Users, Roles & Permissions",Role(s),P0 Foundation,Not started
SA-FR-604,Super Admin,"31. Admin Users, Roles & Permissions",Team / Department,P0 Foundation,Not started
SA-FR-605,Super Admin,"31. Admin Users, Roles & Permissions",Data Scope,P0 Foundation,Not started
SA-FR-606,Super Admin,"31. Admin Users, Roles & Permissions",MFA Required,P0 Foundation,Not started
SA-FR-607,Super Admin,"31. Admin Users, Roles & Permissions",Status,P0 Foundation,Not started
SA-FR-608,Super Admin,"31. Admin Users, Roles & Permissions",Valid From / To 31.2 Role Fields Field Name,P0 Foundation,Not started
SA-FR-609,Super Admin,"31. Admin Users, Roles & Permissions",Role Name,P0 Foundation,Not started
SA-FR-610,Super Admin,"31. Admin Users, Roles & Permissions",Role Code,P0 Foundation,Not started
SA-FR-611,Super Admin,"31. Admin Users, Roles & Permissions",Description,P0 Foundation,Not started
SA-FR-612,Super Admin,"31. Admin Users, Roles & Permissions",Permissions,P0 Foundation,Not started
SA-FR-613,Super Admin,"31. Admin Users, Roles & Permissions",Data Scope Policy,P0 Foundation,Not started
SA-FR-614,Super Admin,"31. Admin Users, Roles & Permissions",High-Risk Role,P0 Foundation,Not started
SA-FR-615,Super Admin,"31. Admin Users, Roles & Permissions",Active Type Req.,P0 Foundation,Not started
SA-FR-616,Super Admin,"31. Admin Users, Roles & Permissions","Permissions must be granular at module/action level and must be enforced server-side, not only hidden in UI.",P0 Foundation,Not started
SA-FR-617,Super Admin,"31. Admin Users, Roles & Permissions",Role/permission changes must be audited with before/after grants.,P0 Foundation,Not started
SA-FR-618,Super Admin,"31. Admin Users, Roles & Permissions",Admins must not be able to grant permissions they are not authorized to administer.,P0 Foundation,Not started
SA-FR-619,Super Admin,"31. Admin Users, Roles & Permissions",Critical finance/security roles should support maker-checker separation where configured. 32. Audit Logs & Activity History 32.1 Audit Log Fields Field Name,P0 Foundation,Not started
SA-FR-620,Super Admin,32. Audit Logs & Activity History,Read only/Search —,P0 Foundation,Not started
SA-FR-621,Super Admin,32. Audit Logs & Activity History,Timestamp,P0 Foundation,Not started
SA-FR-622,Super Admin,32. Audit Logs & Activity History,Actor,P0 Foundation,Not started
SA-FR-623,Super Admin,32. Audit Logs & Activity History,Actor Role,P0 Foundation,Not started
SA-FR-624,Super Admin,32. Audit Logs & Activity History,Module,P0 Foundation,Not started
SA-FR-625,Super Admin,32. Audit Logs & Activity History,Action,P0 Foundation,Not started
SA-FR-626,Super Admin,32. Audit Logs & Activity History,Entity Type,P0 Foundation,Not started
SA-FR-627,Super Admin,32. Audit Logs & Activity History,Entity ID,P0 Foundation,Not started
SA-FR-628,Super Admin,32. Audit Logs & Activity History,Before Value,P0 Foundation,Not started
SA-FR-629,Super Admin,32. Audit Logs & Activity History,After Value,P0 Foundation,Not started
SA-FR-630,Super Admin,32. Audit Logs & Activity History,Reason,P0 Foundation,Not started
SA-FR-631,Super Admin,32. Audit Logs & Activity History,IP Address,P0 Foundation,Not started
SA-FR-632,Super Admin,32. Audit Logs & Activity History,Device / User Agent,P0 Foundation,Not started
SA-FR-633,Super Admin,32. Audit Logs & Activity History,Correlation ID Requirement ID Functional Requirement / Expected Behaviour,P0 Foundation,Not started
SA-FR-634,Super Admin,32. Audit Logs & Activity History,Audit logs must be append-only and not editable from the application UI.,P0 Foundation,Not started
SA-FR-635,Super Admin,32. Audit Logs & Activity History,"Secrets, passwords, card data and raw credentials must never be written to audit logs.",P0 Foundation,Not started
SA-FR-636,Super Admin,32. Audit Logs & Activity History,Audit export requires dedicated permission and is itself audited. 33. Global Marketplace Settings 33.1 General Settings Fields Field Name,P0 Foundation,Not started
SA-FR-637,Super Admin,33. Global Marketplace Settings,Marketplace Name,P1 Marketplace MVP,Not started
SA-FR-638,Super Admin,33. Global Marketplace Settings,Support Email,P1 Marketplace MVP,Not started
SA-FR-639,Super Admin,33. Global Marketplace Settings,Support Phone,P1 Marketplace MVP,Not started
SA-FR-640,Super Admin,33. Global Marketplace Settings,Default Currency,P1 Marketplace MVP,Not started
SA-FR-641,Super Admin,33. Global Marketplace Settings,Business Timezone,P1 Marketplace MVP,Not started
SA-FR-642,Super Admin,33. Global Marketplace Settings,Default Country,P1 Marketplace MVP,Not started
SA-FR-643,Super Admin,33. Global Marketplace Settings,Order Prefix,P1 Marketplace MVP,Not started
SA-FR-644,Super Admin,33. Global Marketplace Settings,Invoice Series,P1 Marketplace MVP,Not started
SA-FR-645,Super Admin,33. Global Marketplace Settings,Maintenance Mode,P1 Marketplace MVP,Not started
SA-FR-646,Super Admin,33. Global Marketplace Settings,Maintenance Message Type Req.,P1 Marketplace MVP,Not started
SA-FR-647,Super Admin,34. Tax / GST Configuration,Tax Class Name,P0 Foundation,Not started
SA-FR-648,Super Admin,34. Tax / GST Configuration,Tax Code / HSN/SAC,P0 Foundation,Not started
SA-FR-649,Super Admin,34. Tax / GST Configuration,Rate Type,P0 Foundation,Not started
SA-FR-650,Super Admin,34. Tax / GST Configuration,Total Rate,P0 Foundation,Not started
SA-FR-651,Super Admin,34. Tax / GST Configuration,Component Rates,P0 Foundation,Not started
SA-FR-652,Super Admin,34. Tax / GST Configuration,Effective From,P0 Foundation,Not started
SA-FR-653,Super Admin,34. Tax / GST Configuration,Effective To,P0 Foundation,Not started
SA-FR-654,Super Admin,34. Tax / GST Configuration,Place of Supply Rule,P0 Foundation,Not started
SA-FR-655,Super Admin,34. Tax / GST Configuration,Active Type Req.,P0 Foundation,Not started
SA-FR-656,Super Admin,34. Tax / GST Configuration,Tax changes must be effective-dated; past orders/invoices retain historical applied tax.,P0 Foundation,Not started
SA-FR-657,Super Admin,34. Tax / GST Configuration,System must validate mutually consistent component rates and place-of-supply rules.,P0 Foundation,Not started
SA-FR-658,Super Admin,34. Tax / GST Configuration,Only finance/tax-authorized roles can modify tax configuration. Shopeye • Confidential • Super Admin Web SRS v3.0 • 32,P0 Foundation,Not started
SA-FR-659,Super Admin,"35. Order, Cancellation, Return & Refund Policy Settings",Order Auto-confirm Type Req.,P2 Fulfilment & Ops,Not started
SA-FR-660,Super Admin,"35. Order, Cancellation, Return & Refund Policy Settings",Inventory Reservation TTL,P2 Fulfilment & Ops,Not started
SA-FR-661,Super Admin,"35. Order, Cancellation, Return & Refund Policy Settings",Cancellation Cutoff,P2 Fulfilment & Ops,Not started
SA-FR-662,Super Admin,"35. Order, Cancellation, Return & Refund Policy Settings",Partial Cancellation,P2 Fulfilment & Ops,Not started
SA-FR-663,Super Admin,"35. Order, Cancellation, Return & Refund Policy Settings",Cancellation Reasons,P2 Fulfilment & Ops,Not started
SA-FR-664,Super Admin,"35. Order, Cancellation, Return & Refund Policy Settings",Auto Refund on Cancel 35.2 Return / Refund Policy Fields Field Name,P2 Fulfilment & Ops,Not started
SA-FR-665,Super Admin,"35. Order, Cancellation, Return & Refund Policy Settings",Policy Name,P2 Fulfilment & Ops,Not started
SA-FR-666,Super Admin,"35. Order, Cancellation, Return & Refund Policy Settings",Return Window,P2 Fulfilment & Ops,Not started
SA-FR-667,Super Admin,"35. Order, Cancellation, Return & Refund Policy Settings",Exchange Window,P2 Fulfilment & Ops,Not started
SA-FR-668,Super Admin,"35. Order, Cancellation, Return & Refund Policy Settings",Returnable,P2 Fulfilment & Ops,Not started
SA-FR-669,Super Admin,"35. Order, Cancellation, Return & Refund Policy Settings",Exchangeable,P2 Fulfilment & Ops,Not started
SA-FR-670,Super Admin,"35. Order, Cancellation, Return & Refund Policy Settings",Allowed Reasons,P2 Fulfilment & Ops,Not started
SA-FR-671,Super Admin,"35. Order, Cancellation, Return & Refund Policy Settings",Evidence Required,P2 Fulfilment & Ops,Not started
SA-FR-672,Super Admin,"35. Order, Cancellation, Return & Refund Policy Settings",Reverse Pickup,P2 Fulfilment & Ops,Not started
SA-FR-673,Super Admin,"35. Order, Cancellation, Return & Refund Policy Settings",QC Required,P2 Fulfilment & Ops,Not started
SA-FR-674,Super Admin,"35. Order, Cancellation, Return & Refund Policy Settings",Refund Trigger,P2 Fulfilment & Ops,Not started
SA-FR-675,Super Admin,"35. Order, Cancellation, Return & Refund Policy Settings",Restocking Fee Type Req.,P2 Fulfilment & Ops,Not started
SA-FR-676,Super Admin,"35. Order, Cancellation, Return & Refund Policy Settings",Category/Product Mapping No,P2 Fulfilment & Ops,Not started
SA-FR-677,Super Admin,36. Payment Gateway & External Integration Configuration,Gateway Name Type Req.,P0 Foundation,Not started
SA-FR-678,Super Admin,36. Payment Gateway & External Integration Configuration,Environment,P0 Foundation,Not started
SA-FR-679,Super Admin,36. Payment Gateway & External Integration Configuration,Merchant / Account ID,P0 Foundation,Not started
SA-FR-680,Super Admin,36. Payment Gateway & External Integration Configuration,API Key Reference,P0 Foundation,Not started
SA-FR-681,Super Admin,36. Payment Gateway & External Integration Configuration,API Secret Reference,P0 Foundation,Not started
SA-FR-682,Super Admin,36. Payment Gateway & External Integration Configuration,Webhook Secret,P0 Foundation,Not started
SA-FR-683,Super Admin,36. Payment Gateway & External Integration Configuration,Enabled Methods,P0 Foundation,Not started
SA-FR-684,Super Admin,36. Payment Gateway & External Integration Configuration,Capture Mode,P0 Foundation,Not started
SA-FR-685,Super Admin,36. Payment Gateway & External Integration Configuration,Refund Enabled,P0 Foundation,Not started
SA-FR-686,Super Admin,36. Payment Gateway & External Integration Configuration,Priority / Routing,P0 Foundation,Not started
SA-FR-687,Super Admin,36. Payment Gateway & External Integration Configuration,Active Type Req.,P0 Foundation,Not started
SA-FR-688,Super Admin,36. Payment Gateway & External Integration Configuration,Integration Name,P0 Foundation,Not started
SA-FR-689,Super Admin,36. Payment Gateway & External Integration Configuration,Type,P0 Foundation,Not started
SA-FR-690,Super Admin,36. Payment Gateway & External Integration Configuration,Base URL,P0 Foundation,Not started
SA-FR-691,Super Admin,36. Payment Gateway & External Integration Configuration,Credential Reference,P0 Foundation,Not started
SA-FR-692,Super Admin,36. Payment Gateway & External Integration Configuration,Webhook URL,P0 Foundation,Not started
SA-FR-693,Super Admin,36. Payment Gateway & External Integration Configuration,Events,P0 Foundation,Not started
SA-FR-694,Super Admin,36. Payment Gateway & External Integration Configuration,Timeout,P0 Foundation,Not started
SA-FR-695,Super Admin,36. Payment Gateway & External Integration Configuration,Retry Policy,P0 Foundation,Not started
SA-FR-696,Super Admin,36. Payment Gateway & External Integration Configuration,Active Type Req.,P0 Foundation,Not started
SA-FR-697,Super Admin,36. Payment Gateway & External Integration Configuration,Read only/Search —,P0 Foundation,Not started
SA-FR-698,Super Admin,36. Payment Gateway & External Integration Configuration,Read only/Filter —,P0 Foundation,Not started
SA-FR-699,Super Admin,36. Payment Gateway & External Integration Configuration,Read only/Filter —,P0 Foundation,Not started
SA-FR-700,Super Admin,36. Payment Gateway & External Integration Configuration,Entity / Reference Shopeye • Confidential • Super Admin Web SRS v3.0 • 34,P0 Foundation,Not started
SA-FR-701,Super Admin,36. Payment Gateway & External Integration Configuration,Direction,P0 Foundation,Not started
SA-FR-702,Super Admin,36. Payment Gateway & External Integration Configuration,HTTP Status,P0 Foundation,Not started
SA-FR-703,Super Admin,36. Payment Gateway & External Integration Configuration,Delivery Status,P0 Foundation,Not started
SA-FR-704,Super Admin,36. Payment Gateway & External Integration Configuration,Attempt Count,P0 Foundation,Not started
SA-FR-705,Super Admin,36. Payment Gateway & External Integration Configuration,Last Attempt,P0 Foundation,Not started
SA-FR-706,Super Admin,36. Payment Gateway & External Integration Configuration,Next Retry,P0 Foundation,Not started
SA-FR-707,Super Admin,36. Payment Gateway & External Integration Configuration,Error Summary Action / Button,P0 Foundation,Not started
SA-FR-708,Super Admin,36. Payment Gateway & External Integration Configuration,Retry Webhook,P0 Foundation,Not started
SA-FR-709,Super Admin,36. Payment Gateway & External Integration Configuration,View Payload,P0 Foundation,Not started
SA-FR-710,Super Admin,36. Payment Gateway & External Integration Configuration,Disable Integration Type Req.,P0 Foundation,Not started
SA-FR-711,Super Admin,"37. Bulk Import, Export & Batch Operations",Import Type,P2 Fulfilment & Ops,Not started
SA-FR-712,Super Admin,"37. Bulk Import, Export & Batch Operations",File,P2 Fulfilment & Ops,Not started
SA-FR-713,Super Admin,"37. Bulk Import, Export & Batch Operations",Validation Mode,P2 Fulfilment & Ops,Not started
SA-FR-714,Super Admin,"37. Bulk Import, Export & Batch Operations",Duplicate Handling,P2 Fulfilment & Ops,Not started
SA-FR-715,Super Admin,"37. Bulk Import, Export & Batch Operations",Notification Email,P2 Fulfilment & Ops,Not started
SA-FR-716,Super Admin,"37. Bulk Import, Export & Batch Operations",Reference / Notes Type Req.,P2 Fulfilment & Ops,Not started
SA-FR-717,Super Admin,"37. Bulk Import, Export & Batch Operations",Admin downloads correct template.,P2 Fulfilment & Ops,Not started
SA-FR-718,Super Admin,"37. Bulk Import, Export & Batch Operations",Admin uploads file and selects import options. Step 1 Step 2,P2 Fulfilment & Ops,Not started
SA-FR-719,Super Admin,"37. Bulk Import, Export & Batch Operations",Step 3,P2 Fulfilment & Ops,Not started
SA-FR-720,Super Admin,"37. Bulk Import, Export & Batch Operations","Step 4 System validates headers, field formats, references, duplicates and permissions. System shows row-level validation report before destructive/financial batch change.",P2 Fulfilment & Ops,Not started
SA-FR-721,Super Admin,"37. Bulk Import, Export & Batch Operations",Admin confirms import if valid.,P2 Fulfilment & Ops,Not started
SA-FR-722,Super Admin,"37. Bulk Import, Export & Batch Operations",System processes asynchronously with progress counts. Step 5 Step 6,P2 Fulfilment & Ops,Not started
SA-FR-723,Super Admin,"37. Bulk Import, Export & Batch Operations",Step 7 Completed job provides success/error file and is recorded in audit log. Requirement ID,P2 Fulfilment & Ops,Not started
SA-FR-724,Super Admin,"37. Bulk Import, Export & Batch Operations",Bulk actions must never bypass the same core validation/business rules as single-record operations.,P2 Fulfilment & Ops,Not started
SA-FR-725,Super Admin,"37. Bulk Import, Export & Batch Operations",Large exports/imports must run asynchronously and expire securely after configurable retention.,P2 Fulfilment & Ops,Not started
SA-FR-726,Super Admin,"37. Bulk Import, Export & Batch Operations","Every batch job must record initiator, input file hash/reference, success/failure counts and timestamps. 38. Background Jobs, Queues & System Health 38.1 Job Monitor Fields Field Name",P2 Fulfilment & Ops,Not started
SA-FR-727,Super Admin,"38. Background Jobs, Queues & System Health",Read only/Search —,P1 Marketplace MVP,Not started
SA-FR-728,Super Admin,"38. Background Jobs, Queues & System Health",Read only/Filter —,P1 Marketplace MVP,Not started
SA-FR-729,Super Admin,"38. Background Jobs, Queues & System Health",Read only/Filter —,P1 Marketplace MVP,Not started
SA-FR-730,Super Admin,"38. Background Jobs, Queues & System Health",Read only/Search —,P1 Marketplace MVP,Not started
SA-FR-731,Super Admin,"38. Background Jobs, Queues & System Health",Status,P1 Marketplace MVP,Not started
SA-FR-732,Super Admin,"38. Background Jobs, Queues & System Health",Attempts,P1 Marketplace MVP,Not started
SA-FR-733,Super Admin,"38. Background Jobs, Queues & System Health",Started / Finished,P1 Marketplace MVP,Not started
SA-FR-734,Super Admin,"38. Background Jobs, Queues & System Health",Duration,P1 Marketplace MVP,Not started
SA-FR-735,Super Admin,"38. Background Jobs, Queues & System Health",Error Summary,P1 Marketplace MVP,Not started
SA-FR-736,Super Admin,"38. Background Jobs, Queues & System Health",Correlation ID Read only/Search,P1 Marketplace MVP,Not started
SA-FR-737,Super Admin,"38. Background Jobs, Queues & System Health",Retry Failed Job,P1 Marketplace MVP,Not started
SA-FR-738,Super Admin,"38. Background Jobs, Queues & System Health",Cancel Queued Job,P1 Marketplace MVP,Not started
SA-FR-739,Super Admin,"38. Background Jobs, Queues & System Health",View Logs Shopeye • Confidential • Super Admin Web SRS v3.0 • 36,P1 Marketplace MVP,Not started
SA-FR-740,Super Admin,"39. Security, Risk & Operational Controls",Password Minimum Length,P0 Foundation,Not started
SA-FR-741,Super Admin,"39. Security, Risk & Operational Controls",Password History,P0 Foundation,Not started
SA-FR-742,Super Admin,"39. Security, Risk & Operational Controls",Failed Login Limit,P0 Foundation,Not started
SA-FR-743,Super Admin,"39. Security, Risk & Operational Controls",Lockout Duration,P0 Foundation,Not started
SA-FR-744,Super Admin,"39. Security, Risk & Operational Controls",Session Idle Timeout,P0 Foundation,Not started
SA-FR-745,Super Admin,"39. Security, Risk & Operational Controls",Absolute Session Lifetime,P0 Foundation,Not started
SA-FR-746,Super Admin,"39. Security, Risk & Operational Controls",MFA Required,P0 Foundation,Not started
SA-FR-747,Super Admin,"39. Security, Risk & Operational Controls",Trusted Device Duration,P0 Foundation,Not started
SA-FR-748,Super Admin,"39. Security, Risk & Operational Controls",IP Allowlist,P0 Foundation,Not started
SA-FR-749,Super Admin,"39. Security, Risk & Operational Controls",Step-up Actions 39.2 Risk / Exception Case Fields Field Name,P0 Foundation,Not started
SA-FR-750,Super Admin,"39. Security, Risk & Operational Controls",Case ID,P0 Foundation,Not started
SA-FR-751,Super Admin,"39. Security, Risk & Operational Controls",Case Type,P0 Foundation,Not started
SA-FR-752,Super Admin,"39. Security, Risk & Operational Controls",Severity,P0 Foundation,Not started
SA-FR-753,Super Admin,"39. Security, Risk & Operational Controls",Entity,P0 Foundation,Not started
SA-FR-754,Super Admin,"39. Security, Risk & Operational Controls",Trigger,P0 Foundation,Not started
SA-FR-755,Super Admin,"39. Security, Risk & Operational Controls",Status,P0 Foundation,Not started
SA-FR-756,Super Admin,"39. Security, Risk & Operational Controls",Assignee,P0 Foundation,Not started
SA-FR-757,Super Admin,"39. Security, Risk & Operational Controls",Decision,P0 Foundation,Not started
SA-FR-758,Super Admin,"39. Security, Risk & Operational Controls",Reason / Notes Type Req.,P0 Foundation,Not started
SA-FR-759,Super Admin,"40. Privacy, Data Retention & Data Subject Requests",Request ID,P0 Foundation,Not started
SA-FR-760,Super Admin,"40. Privacy, Data Retention & Data Subject Requests",Requester Type,P0 Foundation,Not started
SA-FR-761,Super Admin,"40. Privacy, Data Retention & Data Subject Requests",Requester ID,P0 Foundation,Not started
SA-FR-762,Super Admin,"40. Privacy, Data Retention & Data Subject Requests",Request Type,P0 Foundation,Not started
SA-FR-763,Super Admin,"40. Privacy, Data Retention & Data Subject Requests",Received Date,P0 Foundation,Not started
SA-FR-764,Super Admin,"40. Privacy, Data Retention & Data Subject Requests",Verification Status,P0 Foundation,Not started
SA-FR-765,Super Admin,"40. Privacy, Data Retention & Data Subject Requests",Due Date,P0 Foundation,Not started
SA-FR-766,Super Admin,"40. Privacy, Data Retention & Data Subject Requests",Status,P0 Foundation,Not started
SA-FR-767,Super Admin,"40. Privacy, Data Retention & Data Subject Requests",Retention Exceptions,P0 Foundation,Not started
SA-FR-768,Super Admin,"40. Privacy, Data Retention & Data Subject Requests",Resolution Note,P0 Foundation,Not started
SA-FR-769,Super Admin,"40. Privacy, Data Retention & Data Subject Requests",Evidence / Export File Type Req.,P0 Foundation,Not started
SA-FR-770,Super Admin,"40. Privacy, Data Retention & Data Subject Requests",Erasure must not remove records that are legally or financially required to be retained; eligible PII should be anonymized/pseudonymized instead.,P0 Foundation,Not started
SA-FR-771,Super Admin,"40. Privacy, Data Retention & Data Subject Requests","Generated data export links must be secure, access-controlled and expire.",P0 Foundation,Not started
SA-FR-772,Super Admin,"40. Privacy, Data Retention & Data Subject Requests","All privacy-case access and decisions must be audited. 41. Common Error Handling, Confirmation & Validation Standards Scenario",P0 Foundation,Not started
SA-FR-773,Super Admin,"41. Common Error Handling, Confirmation & Validation Standards",Validation Error,P0 Foundation,Not started
SA-FR-774,Super Admin,"41. Common Error Handling, Confirmation & Validation Standards","Permission Denied Required Behaviour Show field-level error next to field, preserve entered data, focus first invalid field. Do not expose action/data; show access-denied message and support route if appropriate.",P0 Foundation,Not started
SA-FR-775,Super Admin,"41. Common Error Handling, Confirmation & Validation Standards",Record Changed by Another Admin,P0 Foundation,Not started
SA-FR-776,Super Admin,"41. Common Error Handling, Confirmation & Validation Standards",Network/API Error,P0 Foundation,Not started
SA-FR-777,Super Admin,"41. Common Error Handling, Confirmation & Validation Standards",Duplicate Submission,P0 Foundation,Not started
SA-FR-778,Super Admin,"41. Common Error Handling, Confirmation & Validation Standards",Destructive Action,P0 Foundation,Not started
SA-FR-779,Super Admin,"41. Common Error Handling, Confirmation & Validation Standards",Long-running Action,P0 Foundation,Not started
SA-FR-780,Super Admin,"41. Common Error Handling, Confirmation & Validation Standards",Partial Integration Failure Detect optimistic-lock/version conflict and require refresh/review before overwrite. Show retryable error; do not claim success until confirmed.,P0 Foundation,Not started
SA-FR-781,Super Admin,42. Non-Functional Requirements,All admin traffic must use HTTPS/TLS.,P0 Foundation,Not started
SA-FR-782,Super Admin,42. Non-Functional Requirements,Passwords must be stored using industry-standard adaptive one-way hashing.,P0 Foundation,Not started
SA-FR-783,Super Admin,42. Non-Functional Requirements,"Secrets/API keys must be encrypted and stored in a secret-management mechanism, not plain application fields.",P0 Foundation,Not started
SA-FR-784,Super Admin,42. Non-Functional Requirements,Authorization must be enforced on every protected backend endpoint.,P0 Foundation,Not started
SA-FR-785,Super Admin,42. Non-Functional Requirements,Sensitive PII/financial fields must support masking and least-privilege access.,P0 Foundation,Not started
SA-FR-786,Super Admin,42. Non-Functional Requirements,Critical mutations must support auditability and idempotency where applicable. 42.2 Performance & Availability Requirement ID,P0 Foundation,Not started
SA-FR-787,Super Admin,42. Non-Functional Requirements,Common list/detail screens should return responsive results under agreed load using server-side pagination/filtering.,P0 Foundation,Not started
SA-FR-788,Super Admin,42. Non-Functional Requirements,Large reports/exports must be asynchronous.,P0 Foundation,Not started
SA-FR-789,Super Admin,42. Non-Functional Requirements,Dashboard/report data must display refresh timestamp and defined data latency.,P0 Foundation,Not started
SA-FR-790,Super Admin,42. Non-Functional Requirements,System must support graceful degradation when optional third-party integrations are unavailable. 42.3 Accessibility & Responsive Admin UX Requirement ID,P0 Foundation,Not started
SA-FR-791,Super Admin,42. Non-Functional Requirements,Admin web must support keyboard navigation for primary workflows.,P0 Foundation,Not started
SA-FR-792,Super Admin,42. Non-Functional Requirements,Form labels/errors must be programmatically associated with inputs.,P0 Foundation,Not started
SA-FR-793,Super Admin,42. Non-Functional Requirements,Status must not be communicated by color alone.,P0 Foundation,Not started
SA-FR-794,Super Admin,42. Non-Functional Requirements,Primary screens must be usable at common desktop and laptop resolutions; tablet support should be defined per product scope. 43. Super Admin UAT / Acceptance Scenarios UAT ID,P0 Foundation,Not started
VS-FR-001,Vendor & Vendor Staff,"1. Document Purpose, Scope & Role Model",Vendor Owner is the primary business account holder and has full vendor-level authority unless restricted by platform policy.,P0 Foundation,Not started
VS-FR-002,Vendor & Vendor Staff,"1. Document Purpose, Scope & Role Model",Vendor Staff users are created or invited by the Vendor Owner and can only access modules/actions granted through assigned roles.,P0 Foundation,Not started
VS-FR-003,Vendor & Vendor Staff,"1. Document Purpose, Scope & Role Model","The portal shall never expose another vendor’s customers, orders, products, settlement data, staff, documents or operational data.",P0 Foundation,Not started
VS-FR-004,Vendor & Vendor Staff,"1. Document Purpose, Scope & Role Model",Customer-facing and Super Admin workflows are referenced only when they create a vendor-side action or visible status.,P0 Foundation,Not started
VS-FR-005,Vendor & Vendor Staff,"1. Document Purpose, Scope & Role Model",All money values shall use the marketplace-configured currency and preserve immutable transaction references.,P0 Foundation,Not started
VS-FR-006,Vendor & Vendor Staff,"1. Document Purpose, Scope & Role Model","Every create, update, approval, dispatch, cancellation, return, stock and financial action shall be attributable to the acting vendor user.",P0 Foundation,Not started
VS-FR-007,Vendor & Vendor Staff,"1. Document Purpose, Scope & Role Model","Critical changes such as bank account updates, payout changes, owner security changes and staff permission changes shall support step-up authentication.",P0 Foundation,Not started
VS-FR-008,Vendor & Vendor Staff,"1. Document Purpose, Scope & Role Model","Lists shall support search, filter, sort, pagination and export only when the logged-in role has the corresponding permission. 1.3 Standard List & Form Controls Req ID",P0 Foundation,Not started
VS-FR-009,Vendor & Vendor Staff,"1. Document Purpose, Scope & Role Model",Search Where applicable Search by screen-relevant identifiers with debounce and clear state.,P0 Foundation,Not started
VS-FR-010,Vendor & Vendor Staff,"1. Document Purpose, Scope & Role Model",Filter Where applicable Allow multi-filter combination; show active filter count and reset option.,P0 Foundation,Not started
VS-FR-011,Vendor & Vendor Staff,"1. Document Purpose, Scope & Role Model",Sort Where applicable Support permitted columns and persist user preference for the session.,P0 Foundation,Not started
VS-FR-012,Vendor & Vendor Staff,"1. Document Purpose, Scope & Role Model",Pagination All large lists Support page size and page navigation without losing filters.,P0 Foundation,Not started
VS-FR-013,Vendor & Vendor Staff,"1. Document Purpose, Scope & Role Model",Export Permission-based Export only data the user is authorized to view; log the export event.,P0 Foundation,Not started
VS-FR-014,Vendor & Vendor Staff,"1. Document Purpose, Scope & Role Model",Save Draft Long forms Preserve incomplete data without publishing or triggering downstream processing.,P0 Foundation,Not started
VS-FR-015,Vendor & Vendor Staff,"1. Document Purpose, Scope & Role Model",Save / Update Editable forms Validate fields before commit and show success confirmation.,P0 Foundation,Not started
VS-FR-016,Vendor & Vendor Staff,"1. Document Purpose, Scope & Role Model",Cancel / Back Forms Warn before discarding unsaved changes.,P0 Foundation,Not started
VS-FR-017,Vendor & Vendor Staff,"1. Document Purpose, Scope & Role Model","View Activity Audited records Open record-level activity with actor, timestamp and change summary.",P0 Foundation,Not started
VS-FR-018,Vendor & Vendor Staff,"2. Authentication, Login, MFA & Session Security",Email / Mobile Text Yes,P0 Foundation,Not started
VS-FR-019,Vendor & Vendor Staff,"2. Authentication, Login, MFA & Session Security",Password Password Yes,P0 Foundation,Not started
VS-FR-020,Vendor & Vendor Staff,"2. Authentication, Login, MFA & Session Security",Remember Me Checkbox No,P0 Foundation,Not started
VS-FR-021,Vendor & Vendor Staff,"2. Authentication, Login, MFA & Session Security",Sign In Button Yes,P0 Foundation,Not started
VS-FR-022,Vendor & Vendor Staff,"2. Authentication, Login, MFA & Session Security",Forgot Password Link No,P0 Foundation,Not started
VS-FR-023,Vendor & Vendor Staff,"2. Authentication, Login, MFA & Session Security",OTP Login Link/Toggle No,P0 Foundation,Not started
VS-FR-024,Vendor & Vendor Staff,"2. Authentication, Login, MFA & Session Security",CAPTCHA / Bot Check Security Conditional,P0 Foundation,Not started
VS-FR-025,Vendor & Vendor Staff,"2. Authentication, Login, MFA & Session Security",Verification Method Display/Select Conditional,P0 Foundation,Not started
VS-FR-026,Vendor & Vendor Staff,"2. Authentication, Login, MFA & Session Security",One-Time Code Numeric/Text Yes,P0 Foundation,Not started
VS-FR-027,Vendor & Vendor Staff,"2. Authentication, Login, MFA & Session Security",Resend Code Button Conditional,P0 Foundation,Not started
VS-FR-028,Vendor & Vendor Staff,"2. Authentication, Login, MFA & Session Security",Trust This Device Checkbox No,P0 Foundation,Not started
VS-FR-029,Vendor & Vendor Staff,"2. Authentication, Login, MFA & Session Security",Recovery Code Text Conditional,P0 Foundation,Not started
VS-FR-030,Vendor & Vendor Staff,"2. Authentication, Login, MFA & Session Security",Step 1 User enters registered email/mobile and submits recovery request.,P0 Foundation,Not started
VS-FR-031,Vendor & Vendor Staff,"2. Authentication, Login, MFA & Session Security",Step 2 System applies anti-enumeration response and sends a time-limited OTP/link when account is eligible.,P0 Foundation,Not started
VS-FR-032,Vendor & Vendor Staff,"2. Authentication, Login, MFA & Session Security",Step 3 User completes OTP/link validation and passes any configured secondary verification.,P0 Foundation,Not started
VS-FR-033,Vendor & Vendor Staff,"2. Authentication, Login, MFA & Session Security",Step 4 User enters New Password and Confirm Password satisfying password policy and history rules.,P0 Foundation,Not started
VS-FR-034,Vendor & Vendor Staff,"2. Authentication, Login, MFA & Session Security","Step 5 System updates password, invalidates configured prior sessions/tokens, records audit event and sends security notification. 2.4 Session & Security Behaviour",P0 Foundation,Not started
VS-FR-035,Vendor & Vendor Staff,"2. Authentication, Login, MFA & Session Security",Lock or progressively throttle sign-in after configured failed-attempt threshold.,P0 Foundation,Not started
VS-FR-036,Vendor & Vendor Staff,"2. Authentication, Login, MFA & Session Security","Deny portal access to disabled staff accounts, suspended vendor accounts or users whose role has been revoked.",P0 Foundation,Not started
VS-FR-037,Vendor & Vendor Staff,"2. Authentication, Login, MFA & Session Security",Automatically expire idle sessions according to configured timeout and require reauthentication for sensitive actions.,P0 Foundation,Not started
VS-FR-038,Vendor & Vendor Staff,"2. Authentication, Login, MFA & Session Security",Provide a session/device list with ability for Vendor Owner to revoke sessions belonging to the same vendor account where permitted.,P0 Foundation,Not started
VS-FR-039,Vendor & Vendor Staff,"2. Authentication, Login, MFA & Session Security","Never place password, OTP, full bank credentials or authentication tokens in logs, URLs or client-visible errors.",P0 Foundation,Not started
VS-FR-040,Vendor & Vendor Staff,"2. Authentication, Login, MFA & Session Security","Record login success/failure, password reset, MFA changes, device/session revocation and suspicious authentication events. 3. Vendor Registration, Business Onboarding & Approval Tracking 3.1 Vendor Owner Account Registra",P0 Foundation,Not started
VS-FR-041,Vendor & Vendor Staff,"3. Vendor Registration, Business Onboarding & Approval Tracking",Owner Full Name Text Yes,P2 Fulfilment & Ops,Not started
VS-FR-042,Vendor & Vendor Staff,"3. Vendor Registration, Business Onboarding & Approval Tracking",Business Email Email Yes,P2 Fulfilment & Ops,Not started
VS-FR-043,Vendor & Vendor Staff,"3. Vendor Registration, Business Onboarding & Approval Tracking",Mobile Number Phone Yes,P2 Fulfilment & Ops,Not started
VS-FR-044,Vendor & Vendor Staff,"3. Vendor Registration, Business Onboarding & Approval Tracking",Password Password Yes,P2 Fulfilment & Ops,Not started
VS-FR-045,Vendor & Vendor Staff,"3. Vendor Registration, Business Onboarding & Approval Tracking",Confirm Password Password Yes,P2 Fulfilment & Ops,Not started
VS-FR-046,Vendor & Vendor Staff,"3. Vendor Registration, Business Onboarding & Approval Tracking",Business / Store Name Text Yes,P2 Fulfilment & Ops,Not started
VS-FR-047,Vendor & Vendor Staff,"3. Vendor Registration, Business Onboarding & Approval Tracking",Referral / Invite Code Text No,P2 Fulfilment & Ops,Not started
VS-FR-048,Vendor & Vendor Staff,"3. Vendor Registration, Business Onboarding & Approval Tracking",Terms Acceptance Checkbox Yes,P2 Fulfilment & Ops,Not started
VS-FR-049,Vendor & Vendor Staff,"3. Vendor Registration, Business Onboarding & Approval Tracking",Privacy Consent Checkbox Yes,P2 Fulfilment & Ops,Not started
VS-FR-050,Vendor & Vendor Staff,"3. Vendor Registration, Business Onboarding & Approval Tracking",Marketing Consent Checkbox No,P2 Fulfilment & Ops,Not started
VS-FR-051,Vendor & Vendor Staff,"3. Vendor Registration, Business Onboarding & Approval Tracking",Create Account Button Yes,P2 Fulfilment & Ops,Not started
VS-FR-052,Vendor & Vendor Staff,"3. Vendor Registration, Business Onboarding & Approval Tracking",Legal Business Name Text Yes,P2 Fulfilment & Ops,Not started
VS-FR-053,Vendor & Vendor Staff,"3. Vendor Registration, Business Onboarding & Approval Tracking",Business Type Dropdown Yes,P2 Fulfilment & Ops,Not started
VS-FR-054,Vendor & Vendor Staff,"3. Vendor Registration, Business Onboarding & Approval Tracking",GST Registration Status Radio Yes,P2 Fulfilment & Ops,Not started
VS-FR-055,Vendor & Vendor Staff,"3. Vendor Registration, Business Onboarding & Approval Tracking",GSTIN Text Conditional,P2 Fulfilment & Ops,Not started
VS-FR-056,Vendor & Vendor Staff,"3. Vendor Registration, Business Onboarding & Approval Tracking",PAN / Tax ID Text Conditional,P2 Fulfilment & Ops,Not started
VS-FR-057,Vendor & Vendor Staff,"3. Vendor Registration, Business Onboarding & Approval Tracking",Registration / Incorporation No. Text Conditional,P2 Fulfilment & Ops,Not started
VS-FR-058,Vendor & Vendor Staff,"3. Vendor Registration, Business Onboarding & Approval Tracking",Registered Address Line 1 Text Yes,P2 Fulfilment & Ops,Not started
VS-FR-059,Vendor & Vendor Staff,"3. Vendor Registration, Business Onboarding & Approval Tracking",Registered Address Line 2 Text No,P2 Fulfilment & Ops,Not started
VS-FR-060,Vendor & Vendor Staff,"3. Vendor Registration, Business Onboarding & Approval Tracking",Country Dropdown Yes,P2 Fulfilment & Ops,Not started
VS-FR-061,Vendor & Vendor Staff,"3. Vendor Registration, Business Onboarding & Approval Tracking",State / Province Dropdown/Text Yes,P2 Fulfilment & Ops,Not started
VS-FR-062,Vendor & Vendor Staff,"3. Vendor Registration, Business Onboarding & Approval Tracking",City Text/Dropdown Yes,P2 Fulfilment & Ops,Not started
VS-FR-063,Vendor & Vendor Staff,"3. Vendor Registration, Business Onboarding & Approval Tracking",Postal / PIN Code Text Yes,P2 Fulfilment & Ops,Not started
VS-FR-064,Vendor & Vendor Staff,"3. Vendor Registration, Business Onboarding & Approval Tracking",Business Proof File Upload Conditional,P2 Fulfilment & Ops,Not started
VS-FR-065,Vendor & Vendor Staff,"3. Vendor Registration, Business Onboarding & Approval Tracking",Tax Certificate File Upload Conditional,P2 Fulfilment & Ops,Not started
VS-FR-066,Vendor & Vendor Staff,"3. Vendor Registration, Business Onboarding & Approval Tracking",Authorized Signatory Name Text Yes,P2 Fulfilment & Ops,Not started
VS-FR-067,Vendor & Vendor Staff,"3. Vendor Registration, Business Onboarding & Approval Tracking",Authorized Signatory Designation Text Yes,P2 Fulfilment & Ops,Not started
VS-FR-068,Vendor & Vendor Staff,"3. Vendor Registration, Business Onboarding & Approval Tracking",Identity Proof File Upload Conditional,P2 Fulfilment & Ops,Not started
VS-FR-069,Vendor & Vendor Staff,"3. Vendor Registration, Business Onboarding & Approval Tracking",Address Proof File Upload Conditional,P2 Fulfilment & Ops,Not started
VS-FR-070,Vendor & Vendor Staff,"3. Vendor Registration, Business Onboarding & Approval Tracking",Declaration Checkbox Yes,P2 Fulfilment & Ops,Not started
VS-FR-071,Vendor & Vendor Staff,"3. Vendor Registration, Business Onboarding & Approval Tracking",Account Holder Name Text Yes,P2 Fulfilment & Ops,Not started
VS-FR-072,Vendor & Vendor Staff,"3. Vendor Registration, Business Onboarding & Approval Tracking",Bank Name Text Yes,P2 Fulfilment & Ops,Not started
VS-FR-073,Vendor & Vendor Staff,"3. Vendor Registration, Business Onboarding & Approval Tracking",Account Number Text Yes,P2 Fulfilment & Ops,Not started
VS-FR-074,Vendor & Vendor Staff,"3. Vendor Registration, Business Onboarding & Approval Tracking",Confirm Account Number Text Yes,P2 Fulfilment & Ops,Not started
VS-FR-075,Vendor & Vendor Staff,"3. Vendor Registration, Business Onboarding & Approval Tracking",IFSC / Routing Code Text Yes,P2 Fulfilment & Ops,Not started
VS-FR-076,Vendor & Vendor Staff,"3. Vendor Registration, Business Onboarding & Approval Tracking",Account Type Dropdown Yes,P2 Fulfilment & Ops,Not started
VS-FR-077,Vendor & Vendor Staff,"3. Vendor Registration, Business Onboarding & Approval Tracking",Cancelled Cheque / Bank Proof File Upload Conditional,P2 Fulfilment & Ops,Not started
VS-FR-078,Vendor & Vendor Staff,"3. Vendor Registration, Business Onboarding & Approval Tracking",Payout Beneficiary ID Display No,P2 Fulfilment & Ops,Not started
VS-FR-079,Vendor & Vendor Staff,"3. Vendor Registration, Business Onboarding & Approval Tracking",Verification Status Display No,P2 Fulfilment & Ops,Not started
VS-FR-080,Vendor & Vendor Staff,"3. Vendor Registration, Business Onboarding & Approval Tracking",Verification Failure Reason Display Conditional,P2 Fulfilment & Ops,Not started
VS-FR-081,Vendor & Vendor Staff,"3. Vendor Registration, Business Onboarding & Approval Tracking",Location Name Text Yes,P2 Fulfilment & Ops,Not started
VS-FR-082,Vendor & Vendor Staff,"3. Vendor Registration, Business Onboarding & Approval Tracking",Contact Person Text Yes,P2 Fulfilment & Ops,Not started
VS-FR-083,Vendor & Vendor Staff,"3. Vendor Registration, Business Onboarding & Approval Tracking",Contact Mobile Phone Yes,P2 Fulfilment & Ops,Not started
VS-FR-084,Vendor & Vendor Staff,"3. Vendor Registration, Business Onboarding & Approval Tracking",Address Line 1 Text Yes,P2 Fulfilment & Ops,Not started
VS-FR-085,Vendor & Vendor Staff,"3. Vendor Registration, Business Onboarding & Approval Tracking",Address Line 2 Text No,P2 Fulfilment & Ops,Not started
VS-FR-086,Vendor & Vendor Staff,"3. Vendor Registration, Business Onboarding & Approval Tracking",Landmark Text No,P2 Fulfilment & Ops,Not started
VS-FR-087,Vendor & Vendor Staff,"3. Vendor Registration, Business Onboarding & Approval Tracking",Country Dropdown Yes,P2 Fulfilment & Ops,Not started
VS-FR-088,Vendor & Vendor Staff,"3. Vendor Registration, Business Onboarding & Approval Tracking",State Dropdown/Text Yes,P2 Fulfilment & Ops,Not started
VS-FR-089,Vendor & Vendor Staff,"3. Vendor Registration, Business Onboarding & Approval Tracking",City Text/Dropdown Yes,P2 Fulfilment & Ops,Not started
VS-FR-090,Vendor & Vendor Staff,"3. Vendor Registration, Business Onboarding & Approval Tracking",Postal / PIN Code Text Yes,P2 Fulfilment & Ops,Not started
VS-FR-091,Vendor & Vendor Staff,"3. Vendor Registration, Business Onboarding & Approval Tracking",Default Pickup Checkbox No,P2 Fulfilment & Ops,Not started
VS-FR-092,Vendor & Vendor Staff,"3. Vendor Registration, Business Onboarding & Approval Tracking",Return Address Same as Pickup Checkbox No,P2 Fulfilment & Ops,Not started
VS-FR-093,Vendor & Vendor Staff,"3. Vendor Registration, Business Onboarding & Approval Tracking","Step 1 Vendor Owner completes identity, business, tax, bank and pickup sections and resolves validation errors.",P2 Fulfilment & Ops,Not started
VS-FR-094,Vendor & Vendor Staff,"3. Vendor Registration, Business Onboarding & Approval Tracking",Step 2 System shows onboarding completion percentage and missing mandatory items.,P2 Fulfilment & Ops,Not started
VS-FR-095,Vendor & Vendor Staff,"3. Vendor Registration, Business Onboarding & Approval Tracking","Step 3 Owner reviews generated summary, marketplace agreement and declarations before submission.",P2 Fulfilment & Ops,Not started
VS-FR-096,Vendor & Vendor Staff,"3. Vendor Registration, Business Onboarding & Approval Tracking","Step 4 On Submit, onboarding becomes Submitted / Under Review and material fields become controlled for editing.",P2 Fulfilment & Ops,Not started
VS-FR-097,Vendor & Vendor Staff,"3. Vendor Registration, Business Onboarding & Approval Tracking","Step 5 If additional information is requested, vendor receives clear reason and required correction fields/documents.",P2 Fulfilment & Ops,Not started
VS-FR-098,Vendor & Vendor Staff,"3. Vendor Registration, Business Onboarding & Approval Tracking",Step 6 Vendor resubmits only after resolving required items; every resubmission is versioned/audited.,P2 Fulfilment & Ops,Not started
VS-FR-099,Vendor & Vendor Staff,"3. Vendor Registration, Business Onboarding & Approval Tracking","Step 7 When approved, selling access is activated according to marketplace policy and onboarding status becomes Approved.",P2 Fulfilment & Ops,Not started
VS-FR-100,Vendor & Vendor Staff,"3. Vendor Registration, Business Onboarding & Approval Tracking","Step 8 When rejected, portal shows permitted rejection reason and next-step eligibility without exposing internal-only notes. 3.6 Onboarding Status & Edge Cases",P2 Fulfilment & Ops,Not started
VS-FR-101,Vendor & Vendor Staff,"3. Vendor Registration, Business Onboarding & Approval Tracking",Allow Save Draft before formal submission.,P2 Fulfilment & Ops,Not started
VS-FR-102,Vendor & Vendor Staff,"3. Vendor Registration, Business Onboarding & Approval Tracking",Prevent product publication or order fulfilment until required onboarding stages are approved. Shopeye • Confidential • Vendor & Vendor Staff Web SRS v1.0 • 5,P2 Fulfilment & Ops,Not started
VS-FR-103,Vendor & Vendor Staff,"3. Vendor Registration, Business Onboarding & Approval Tracking",Warn vendor when expiring compliance documents require renewal.,P2 Fulfilment & Ops,Not started
VS-FR-104,Vendor & Vendor Staff,"3. Vendor Registration, Business Onboarding & Approval Tracking",Changes to bank/tax/legal identity after approval shall follow re-verification workflow when configured.,P2 Fulfilment & Ops,Not started
VS-FR-105,Vendor & Vendor Staff,"3. Vendor Registration, Business Onboarding & Approval Tracking",Preserve historical legal/tax details associated with prior invoices and settlements even after current profile changes.,P2 Fulfilment & Ops,Not started
VS-FR-106,Vendor & Vendor Staff,"3. Vendor Registration, Business Onboarding & Approval Tracking","Show a status timeline with Submitted, Under Review, Needs Action, Approved, Rejected or Suspended states as applicable. 4. Vendor Dashboard 4.1 Dashboard Filters Req ID",P2 Fulfilment & Ops,Not started
VS-FR-107,Vendor & Vendor Staff,4. Vendor Dashboard,Date Range Date Range Yes,P1 Marketplace MVP,Not started
VS-FR-108,Vendor & Vendor Staff,4. Vendor Dashboard,Store / Business Unit Dropdown Conditional,P1 Marketplace MVP,Not started
VS-FR-109,Vendor & Vendor Staff,4. Vendor Dashboard,Pickup Location Multi-select No,P1 Marketplace MVP,Not started
VS-FR-110,Vendor & Vendor Staff,4. Vendor Dashboard,Order Status Multi-select No,P1 Marketplace MVP,Not started
VS-FR-111,Vendor & Vendor Staff,4. Vendor Dashboard,Compare With Previous Period Toggle No,P1 Marketplace MVP,Not started
VS-FR-112,Vendor & Vendor Staff,4. Vendor Dashboard,Gross Sales Owner/Finance permission,P1 Marketplace MVP,Not started
VS-FR-113,Vendor & Vendor Staff,4. Vendor Dashboard,Net Sales Owner/Finance permission,P1 Marketplace MVP,Not started
VS-FR-114,Vendor & Vendor Staff,4. Vendor Dashboard,Orders Order permission Show total orders/sub-orders requiring vendor action.,P1 Marketplace MVP,Not started
VS-FR-115,Vendor & Vendor Staff,4. Vendor Dashboard,Pending Acceptance Order permission Show orders waiting for vendor acceptance where acceptance is enabled.,P1 Marketplace MVP,Not started
VS-FR-116,Vendor & Vendor Staff,4. Vendor Dashboard,Ready to Ship Fulfilment permission Show packed/ready orders awaiting handoff.,P1 Marketplace MVP,Not started
VS-FR-117,Vendor & Vendor Staff,4. Vendor Dashboard,Late Dispatch Risk Fulfilment permission Show orders approaching dispatch SLA.,P1 Marketplace MVP,Not started
VS-FR-118,Vendor & Vendor Staff,4. Vendor Dashboard,Returns Open Returns permission Show active return/exchange cases.,P1 Marketplace MVP,Not started
VS-FR-119,Vendor & Vendor Staff,4. Vendor Dashboard,Low Stock Inventory permission Show SKUs below configured reorder threshold.,P1 Marketplace MVP,Not started
VS-FR-120,Vendor & Vendor Staff,4. Vendor Dashboard,Out of Stock Inventory permission Show active listings with zero sellable stock.,P1 Marketplace MVP,Not started
VS-FR-121,Vendor & Vendor Staff,4. Vendor Dashboard,Pending Settlement Finance permission Show payable/pending settlement amount.,P1 Marketplace MVP,Not started
VS-FR-122,Vendor & Vendor Staff,4. Vendor Dashboard,Next Settlement Finance permission Show expected next payout date/amount when available.,P1 Marketplace MVP,Not started
VS-FR-123,Vendor & Vendor Staff,4. Vendor Dashboard,Top Products Catalog/Analytics permission,P1 Marketplace MVP,Not started
VS-FR-124,Vendor & Vendor Staff,4. Vendor Dashboard,Sales Trend Analytics permission Chart sales/order trend with date drill-down.,P1 Marketplace MVP,Not started
VS-FR-125,Vendor & Vendor Staff,4. Vendor Dashboard,Recent Notifications All users Show user-authorized alerts and action items.,P1 Marketplace MVP,Not started
VS-FR-126,Vendor & Vendor Staff,4. Vendor Dashboard,"Quick Actions Permission-based Shortcuts such as Add Product, Process Orders, Update Stock, Add Staff.",P1 Marketplace MVP,Not started
VS-FR-127,Vendor & Vendor Staff,4. Vendor Dashboard,Dashboard data shall respect user role permissions and must not reveal financial widgets to unauthorized staff.,P1 Marketplace MVP,Not started
VS-FR-128,Vendor & Vendor Staff,4. Vendor Dashboard,Every KPI shall define calculation scope and use consistent timezone/currency. Shopeye • Confidential • Vendor & Vendor Staff Web SRS v1.0 • 6,P1 Marketplace MVP,Not started
VS-FR-129,Vendor & Vendor Staff,4. Vendor Dashboard,Widgets shall handle no-data and delayed-sync states gracefully.,P1 Marketplace MVP,Not started
VS-FR-130,Vendor & Vendor Staff,4. Vendor Dashboard,Drill-down shall carry dashboard filters into the destination list where meaningful.,P1 Marketplace MVP,Not started
VS-FR-131,Vendor & Vendor Staff,4. Vendor Dashboard,"Critical operational alerts such as overdue dispatch or compliance expiry shall be visually prioritized. 5. Business Profile, Storefront Identity & Vendor Settings 5.1 Business Profile Fields Req ID",P1 Marketplace MVP,Not started
VS-FR-132,Vendor & Vendor Staff,"5. Business Profile, Storefront Identity & Vendor Settings",Store Display Name Text Yes,P1 Marketplace MVP,Not started
VS-FR-133,Vendor & Vendor Staff,"5. Business Profile, Storefront Identity & Vendor Settings",Legal Business Name Text Yes,P1 Marketplace MVP,Not started
VS-FR-134,Vendor & Vendor Staff,"5. Business Profile, Storefront Identity & Vendor Settings",Store Logo Image Upload No,P1 Marketplace MVP,Not started
VS-FR-135,Vendor & Vendor Staff,"5. Business Profile, Storefront Identity & Vendor Settings",Store Banner Image Upload No,P1 Marketplace MVP,Not started
VS-FR-136,Vendor & Vendor Staff,"5. Business Profile, Storefront Identity & Vendor Settings",Store Description Rich Text No,P1 Marketplace MVP,Not started
VS-FR-137,Vendor & Vendor Staff,"5. Business Profile, Storefront Identity & Vendor Settings",Support Email Email Yes,P1 Marketplace MVP,Not started
VS-FR-138,Vendor & Vendor Staff,"5. Business Profile, Storefront Identity & Vendor Settings",Support Mobile Phone Yes,P1 Marketplace MVP,Not started
VS-FR-139,Vendor & Vendor Staff,"5. Business Profile, Storefront Identity & Vendor Settings",Website URL URL No,P1 Marketplace MVP,Not started
VS-FR-140,Vendor & Vendor Staff,"5. Business Profile, Storefront Identity & Vendor Settings",Business Hours Schedule No,P1 Marketplace MVP,Not started
VS-FR-141,Vendor & Vendor Staff,"5. Business Profile, Storefront Identity & Vendor Settings",Vacation Mode Toggle No,P1 Marketplace MVP,Not started
VS-FR-142,Vendor & Vendor Staff,"5. Business Profile, Storefront Identity & Vendor Settings",Vacation Start DateTime Conditional,P1 Marketplace MVP,Not started
VS-FR-143,Vendor & Vendor Staff,"5. Business Profile, Storefront Identity & Vendor Settings",Vacation End DateTime Conditional,P1 Marketplace MVP,Not started
VS-FR-144,Vendor & Vendor Staff,"5. Business Profile, Storefront Identity & Vendor Settings",Vacation Message Text No,P1 Marketplace MVP,Not started
VS-FR-145,Vendor & Vendor Staff,"5. Business Profile, Storefront Identity & Vendor Settings",Edit Store Profile Owner/Settings permission,P1 Marketplace MVP,Not started
VS-FR-146,Vendor & Vendor Staff,"5. Business Profile, Storefront Identity & Vendor Settings",Preview Store Authorized users Open customer-facing preview where supported.,P1 Marketplace MVP,Not started
VS-FR-147,Vendor & Vendor Staff,"5. Business Profile, Storefront Identity & Vendor Settings",Enable Vacation Mode Owner/Settings permission,P1 Marketplace MVP,Not started
VS-FR-148,Vendor & Vendor Staff,"5. Business Profile, Storefront Identity & Vendor Settings",Disable Vacation Mode Owner/Settings permission,P1 Marketplace MVP,Not started
VS-FR-149,Vendor & Vendor Staff,"5. Business Profile, Storefront Identity & Vendor Settings",View Change History Owner/Settings permission,P1 Marketplace MVP,Not started
VS-FR-150,Vendor & Vendor Staff,"6. Vendor Staff, Roles & Granular Permissions",Full Name Text Yes,P0 Foundation,Not started
VS-FR-151,Vendor & Vendor Staff,"6. Vendor Staff, Roles & Granular Permissions",Work Email Email Yes,P0 Foundation,Not started
VS-FR-152,Vendor & Vendor Staff,"6. Vendor Staff, Roles & Granular Permissions",Mobile Number Phone Conditional,P0 Foundation,Not started
VS-FR-153,Vendor & Vendor Staff,"6. Vendor Staff, Roles & Granular Permissions",Employee / Staff ID Text No,P0 Foundation,Not started
VS-FR-154,Vendor & Vendor Staff,"6. Vendor Staff, Roles & Granular Permissions",Job Title Text No,P0 Foundation,Not started
VS-FR-155,Vendor & Vendor Staff,"6. Vendor Staff, Roles & Granular Permissions",Role Dropdown Yes,P0 Foundation,Not started
VS-FR-156,Vendor & Vendor Staff,"6. Vendor Staff, Roles & Granular Permissions",Pickup / Warehouse Access Multi-select No,P0 Foundation,Not started
VS-FR-157,Vendor & Vendor Staff,"6. Vendor Staff, Roles & Granular Permissions",Status Dropdown Yes,P0 Foundation,Not started
VS-FR-158,Vendor & Vendor Staff,"6. Vendor Staff, Roles & Granular Permissions",Require MFA Toggle No,P0 Foundation,Not started
VS-FR-159,Vendor & Vendor Staff,"6. Vendor Staff, Roles & Granular Permissions",Send Invitation Button Yes,P0 Foundation,Not started
VS-FR-160,Vendor & Vendor Staff,"6. Vendor Staff, Roles & Granular Permissions",Role Name Text Yes,P0 Foundation,Not started
VS-FR-161,Vendor & Vendor Staff,"6. Vendor Staff, Roles & Granular Permissions",Role Description Text Area No,P0 Foundation,Not started
VS-FR-162,Vendor & Vendor Staff,"6. Vendor Staff, Roles & Granular Permissions",Dashboard Access Permission Set Yes,P0 Foundation,Not started
VS-FR-163,Vendor & Vendor Staff,"6. Vendor Staff, Roles & Granular Permissions",Catalog Permissions Permission Matrix No,P0 Foundation,Not started
VS-FR-164,Vendor & Vendor Staff,"6. Vendor Staff, Roles & Granular Permissions",Inventory Permissions Permission Matrix No,P0 Foundation,Not started
VS-FR-165,Vendor & Vendor Staff,"6. Vendor Staff, Roles & Granular Permissions",Order Permissions Permission Matrix No,P0 Foundation,Not started
VS-FR-166,Vendor & Vendor Staff,"6. Vendor Staff, Roles & Granular Permissions",Return Permissions Permission Matrix No,P0 Foundation,Not started
VS-FR-167,Vendor & Vendor Staff,"6. Vendor Staff, Roles & Granular Permissions",Finance Permissions Permission Matrix No,P0 Foundation,Not started
VS-FR-168,Vendor & Vendor Staff,"6. Vendor Staff, Roles & Granular Permissions",Promotion Permissions Permission Matrix No,P0 Foundation,Not started
VS-FR-169,Vendor & Vendor Staff,"6. Vendor Staff, Roles & Granular Permissions",Staff Permissions Permission Matrix No,P0 Foundation,Not started
VS-FR-170,Vendor & Vendor Staff,"6. Vendor Staff, Roles & Granular Permissions",Settings Permissions Permission Matrix No,P0 Foundation,Not started
VS-FR-171,Vendor & Vendor Staff,"6. Vendor Staff, Roles & Granular Permissions",Reports Permissions Permission Matrix No,P0 Foundation,Not started
VS-FR-172,Vendor & Vendor Staff,"6. Vendor Staff, Roles & Granular Permissions",Sensitive Data Permission Toggle/Set No,P0 Foundation,Not started
VS-FR-173,Vendor & Vendor Staff,"6. Vendor Staff, Roles & Granular Permissions",Role Status Toggle Yes,P0 Foundation,Not started
VS-FR-174,Vendor & Vendor Staff,"6. Vendor Staff, Roles & Granular Permissions",Resend Invite Owner/Staff Manage Reissue invitation with new expiry and invalidate prior invitation token.,P0 Foundation,Not started
VS-FR-175,Vendor & Vendor Staff,"6. Vendor Staff, Roles & Granular Permissions","Edit Staff Owner/Staff Manage Modify name, role, location access and notification/security options.",P0 Foundation,Not started
VS-FR-176,Vendor & Vendor Staff,"6. Vendor Staff, Roles & Granular Permissions",Change Role Owner/Staff Manage Show permission impact before confirmation; audit old/new role.,P0 Foundation,Not started
VS-FR-177,Vendor & Vendor Staff,"6. Vendor Staff, Roles & Granular Permissions",Suspend Staff Owner/Staff Manage Immediately block new sessions/actions according to security policy.,P0 Foundation,Not started
VS-FR-178,Vendor & Vendor Staff,"6. Vendor Staff, Roles & Granular Permissions",Reactivate Staff Owner/Staff Manage Restore account when vendor and role are active.,P0 Foundation,Not started
VS-FR-179,Vendor & Vendor Staff,"6. Vendor Staff, Roles & Granular Permissions",Reset MFA Owner/Security permission,P0 Foundation,Not started
VS-FR-180,Vendor & Vendor Staff,"6. Vendor Staff, Roles & Granular Permissions",Force Logout Owner/Security permission,P0 Foundation,Not started
VS-FR-181,Vendor & Vendor Staff,"6. Vendor Staff, Roles & Granular Permissions",View Staff Activity Owner/Audit permission Display staff actions filtered by module/date/record.,P0 Foundation,Not started
VS-FR-182,Vendor & Vendor Staff,"6. Vendor Staff, Roles & Granular Permissions",Delete / Deactivate Owner/Staff Manage Prefer deactivation; preserve historical actor identity for audits.,P0 Foundation,Not started
VS-FR-183,Vendor & Vendor Staff,"6. Vendor Staff, Roles & Granular Permissions",Bulk Role Assignment Owner/Staff Manage Allow controlled role update for selected staff with confirmation and audit.,P0 Foundation,Not started
VS-FR-184,Vendor & Vendor Staff,"6. Vendor Staff, Roles & Granular Permissions","Permissions shall be evaluated server-side on every protected operation, not only hidden in the UI.",P0 Foundation,Not started
VS-FR-185,Vendor & Vendor Staff,"6. Vendor Staff, Roles & Granular Permissions",Vendor Owner shall not be removable by staff; ownership transfer must use a controlled workflow if supported.,P0 Foundation,Not started
VS-FR-186,Vendor & Vendor Staff,"6. Vendor Staff, Roles & Granular Permissions",Staff shall never grant themselves permissions they do not possess or escalate above the assigning user’s authority.,P0 Foundation,Not started
VS-FR-187,Vendor & Vendor Staff,"6. Vendor Staff, Roles & Granular Permissions",Disabled roles/users shall immediately lose new API/UI access; active sessions should be revoked according to security policy.,P0 Foundation,Not started
VS-FR-188,Vendor & Vendor Staff,"6. Vendor Staff, Roles & Granular Permissions",Financial and PII permissions should support masking when full visibility is not granted.,P0 Foundation,Not started
VS-FR-189,Vendor & Vendor Staff,"6. Vendor Staff, Roles & Granular Permissions","Every permission/role change must record actor, old value, new value, timestamp and affected user. 7. Product Catalog Management 7.1 Product List Columns & Filters Req ID",P0 Foundation,Not started
VS-FR-190,Vendor & Vendor Staff,7. Product Catalog Management,Product ID Display/Search Yes,P1 Marketplace MVP,Not started
VS-FR-191,Vendor & Vendor Staff,7. Product Catalog Management,Product Name Display/Search Yes,P1 Marketplace MVP,Not started
VS-FR-192,Vendor & Vendor Staff,7. Product Catalog Management,SKU Display/Search Yes,P1 Marketplace MVP,Not started
VS-FR-193,Vendor & Vendor Staff,7. Product Catalog Management,Category Display/Filter Yes,P1 Marketplace MVP,Not started
VS-FR-194,Vendor & Vendor Staff,7. Product Catalog Management,Brand Display/Filter Conditional,P1 Marketplace MVP,Not started
VS-FR-195,Vendor & Vendor Staff,7. Product Catalog Management,Listing Status Filter Yes,P1 Marketplace MVP,Not started
VS-FR-196,Vendor & Vendor Staff,7. Product Catalog Management,Stock Status Filter No,P1 Marketplace MVP,Not started
VS-FR-197,Vendor & Vendor Staff,7. Product Catalog Management,Price Display Yes,P1 Marketplace MVP,Not started
VS-FR-198,Vendor & Vendor Staff,7. Product Catalog Management,MRP / List Price Display Conditional,P1 Marketplace MVP,Not started
VS-FR-199,Vendor & Vendor Staff,7. Product Catalog Management,Updated On Display/Sort Yes,P1 Marketplace MVP,Not started
VS-FR-200,Vendor & Vendor Staff,7. Product Catalog Management,Rejection / Action Required Display Conditional,P1 Marketplace MVP,Not started
VS-FR-201,Vendor & Vendor Staff,7. Product Catalog Management,Bulk Select Checkbox No,P1 Marketplace MVP,Not started
VS-FR-202,Vendor & Vendor Staff,7. Product Catalog Management,Product Title Text Yes,P1 Marketplace MVP,Not started
VS-FR-203,Vendor & Vendor Staff,7. Product Catalog Management,Category Hierarchical Select Yes,P1 Marketplace MVP,Not started
VS-FR-204,Vendor & Vendor Staff,7. Product Catalog Management,Brand Select/Create Request,P1 Marketplace MVP,Not started
VS-FR-205,Vendor & Vendor Staff,7. Product Catalog Management,Vendor SKU Text Yes,P1 Marketplace MVP,Not started
VS-FR-206,Vendor & Vendor Staff,7. Product Catalog Management,Product Type Dropdown Yes,P1 Marketplace MVP,Not started
VS-FR-207,Vendor & Vendor Staff,7. Product Catalog Management,Short Description Text Area No,P1 Marketplace MVP,Not started
VS-FR-208,Vendor & Vendor Staff,7. Product Catalog Management,Long Description Rich Text Yes,P1 Marketplace MVP,Not started
VS-FR-209,Vendor & Vendor Staff,7. Product Catalog Management,Key Features Repeater No,P1 Marketplace MVP,Not started
VS-FR-210,Vendor & Vendor Staff,7. Product Catalog Management,Country of Origin Dropdown/Text Conditional,P1 Marketplace MVP,Not started
VS-FR-211,Vendor & Vendor Staff,7. Product Catalog Management,Manufacturer Name Text Conditional,P1 Marketplace MVP,Not started
VS-FR-212,Vendor & Vendor Staff,7. Product Catalog Management,Manufacturer Address Text Area Conditional,P1 Marketplace MVP,Not started
VS-FR-213,Vendor & Vendor Staff,7. Product Catalog Management,Packer / Importer Details Text Area Conditional,P1 Marketplace MVP,Not started
VS-FR-214,Vendor & Vendor Staff,7. Product Catalog Management,Warranty Structured No,P1 Marketplace MVP,Not started
VS-FR-215,Vendor & Vendor Staff,7. Product Catalog Management,Return Eligibility Display/Policy No,P1 Marketplace MVP,Not started
VS-FR-216,Vendor & Vendor Staff,7. Product Catalog Management,Handling Time Number + Unit Conditional,P1 Marketplace MVP,Not started
VS-FR-217,Vendor & Vendor Staff,7. Product Catalog Management,Status / Save Mode Control Yes,P1 Marketplace MVP,Not started
VS-FR-218,Vendor & Vendor Staff,7. Product Catalog Management,Primary Image Image Upload Yes,P1 Marketplace MVP,Not started
VS-FR-219,Vendor & Vendor Staff,7. Product Catalog Management,Additional Images Multi Image Conditional,P1 Marketplace MVP,Not started
VS-FR-220,Vendor & Vendor Staff,7. Product Catalog Management,Variant Images Image Mapping Conditional,P1 Marketplace MVP,Not started
VS-FR-221,Vendor & Vendor Staff,7. Product Catalog Management,Product Video Video/URL No,P1 Marketplace MVP,Not started
VS-FR-222,Vendor & Vendor Staff,7. Product Catalog Management,Alt Text Text No,P1 Marketplace MVP,Not started
VS-FR-223,Vendor & Vendor Staff,7. Product Catalog Management,Media Sort Order Drag & Drop No,P1 Marketplace MVP,Not started
VS-FR-224,Vendor & Vendor Staff,7. Product Catalog Management,MRP / List Price Currency Conditional,P1 Marketplace MVP,Not started
VS-FR-225,Vendor & Vendor Staff,7. Product Catalog Management,Selling Price Currency Yes,P1 Marketplace MVP,Not started
VS-FR-226,Vendor & Vendor Staff,7. Product Catalog Management,Cost Price Currency No,P1 Marketplace MVP,Not started
VS-FR-227,Vendor & Vendor Staff,7. Product Catalog Management,Tax Inclusion Radio Yes,P1 Marketplace MVP,Not started
VS-FR-228,Vendor & Vendor Staff,7. Product Catalog Management,GST / Tax Rate Select/Derived Conditional,P1 Marketplace MVP,Not started
VS-FR-229,Vendor & Vendor Staff,7. Product Catalog Management,HSN / SAC / Tax Code Text/Select Conditional,P1 Marketplace MVP,Not started
VS-FR-230,Vendor & Vendor Staff,7. Product Catalog Management,Effective From DateTime No,P1 Marketplace MVP,Not started
VS-FR-231,Vendor & Vendor Staff,7. Product Catalog Management,Effective Until DateTime No,P1 Marketplace MVP,Not started
VS-FR-232,Vendor & Vendor Staff,7. Product Catalog Management,Minimum Order Quantity Integer No,P1 Marketplace MVP,Not started
VS-FR-233,Vendor & Vendor Staff,7. Product Catalog Management,Maximum Order Quantity Integer No,P1 Marketplace MVP,Not started
VS-FR-234,Vendor & Vendor Staff,7. Product Catalog Management,Save Draft Create/Edit permission Save incomplete product without marketplace visibility.,P1 Marketplace MVP,Not started
VS-FR-235,Vendor & Vendor Staff,7. Product Catalog Management,Preview View permission Render customer-style preview with draft/pending watermark if needed.,P1 Marketplace MVP,Not started
VS-FR-236,Vendor & Vendor Staff,7. Product Catalog Management,Submit for Review Publish/Submit permission,P1 Marketplace MVP,Not started
VS-FR-237,Vendor & Vendor Staff,7. Product Catalog Management,Edit Active Product Edit permission Apply direct update or moderation workflow according to field sensitivity.,P1 Marketplace MVP,Not started
VS-FR-238,Vendor & Vendor Staff,7. Product Catalog Management,Deactivate Listing Edit/Deactivate permission,P1 Marketplace MVP,Not started
VS-FR-239,Vendor & Vendor Staff,7. Product Catalog Management,"Reactivate Listing Edit/Publish permission Re-enable only when compliance, stock and moderation allow.",P1 Marketplace MVP,Not started
VS-FR-240,Vendor & Vendor Staff,7. Product Catalog Management,Duplicate Product Create permission Copy reusable product data but generate new SKU/identifiers as required.,P1 Marketplace MVP,Not started
VS-FR-241,Vendor & Vendor Staff,7. Product Catalog Management,Archive Product Archive permission Remove from active management without deleting historical references.,P1 Marketplace MVP,Not started
VS-FR-242,Vendor & Vendor Staff,7. Product Catalog Management,Export Products Export permission Export authorized product data in configured template.,P1 Marketplace MVP,Not started
VS-FR-243,Vendor & Vendor Staff,7. Product Catalog Management,"Bulk Update Bulk/Edit permission Apply allowed field changes with preview, validation and result report.",P1 Marketplace MVP,Not started
VS-FR-244,Vendor & Vendor Staff,7. Product Catalog Management,Product fields shall be dynamically driven by selected category and product type.,P1 Marketplace MVP,Not started
VS-FR-245,Vendor & Vendor Staff,7. Product Catalog Management,"Changes affecting compliance, identity, images, category, brand or regulated attributes may require re-approval.",P1 Marketplace MVP,Not started
VS-FR-246,Vendor & Vendor Staff,7. Product Catalog Management,"Product publication shall fail if mandatory media, price, stock, tax or category attributes are incomplete.",P1 Marketplace MVP,Not started
VS-FR-247,Vendor & Vendor Staff,7. Product Catalog Management,Rejected products shall display vendor-visible rejection reasons and resubmission path.,P1 Marketplace MVP,Not started
VS-FR-248,Vendor & Vendor Staff,7. Product Catalog Management,Historical order item snapshots must not change when the vendor edits the current product listing.,P1 Marketplace MVP,Not started
VS-FR-249,Vendor & Vendor Staff,7. Product Catalog Management,"Deleting a product with historical orders shall be implemented as archive/inactive rather than destructive deletion. 8. Product Variants, Attributes & Bundles 8.1 Variant Configuration Fields Req ID",P1 Marketplace MVP,Not started
VS-FR-250,Vendor & Vendor Staff,"8. Product Variants, Attributes & Bundles",Variant Attribute 1 Select Conditional,P1 Marketplace MVP,Not started
VS-FR-251,Vendor & Vendor Staff,"8. Product Variants, Attributes & Bundles",Variant Attribute 2 Select No,P1 Marketplace MVP,Not started
VS-FR-252,Vendor & Vendor Staff,"8. Product Variants, Attributes & Bundles",Variant Value Select/Text Yes,P1 Marketplace MVP,Not started
VS-FR-253,Vendor & Vendor Staff,"8. Product Variants, Attributes & Bundles",Variant SKU Text Yes,P1 Marketplace MVP,Not started
VS-FR-254,Vendor & Vendor Staff,"8. Product Variants, Attributes & Bundles",Variant Barcode Text No,P1 Marketplace MVP,Not started
VS-FR-255,Vendor & Vendor Staff,"8. Product Variants, Attributes & Bundles",Variant MRP Currency Conditional,P1 Marketplace MVP,Not started
VS-FR-256,Vendor & Vendor Staff,"8. Product Variants, Attributes & Bundles",Variant Selling Price Currency Yes,P1 Marketplace MVP,Not started
VS-FR-257,Vendor & Vendor Staff,"8. Product Variants, Attributes & Bundles",Variant Stock Integer Yes,P1 Marketplace MVP,Not started
VS-FR-258,Vendor & Vendor Staff,"8. Product Variants, Attributes & Bundles",Variant Weight Decimal + Unit Conditional,P1 Marketplace MVP,Not started
VS-FR-259,Vendor & Vendor Staff,"8. Product Variants, Attributes & Bundles",Variant Dimensions L×W×H + Unit Conditional,P1 Marketplace MVP,Not started
VS-FR-260,Vendor & Vendor Staff,"8. Product Variants, Attributes & Bundles",Variant Image Image No,P1 Marketplace MVP,Not started
VS-FR-261,Vendor & Vendor Staff,"8. Product Variants, Attributes & Bundles",Variant Status Toggle Yes,P1 Marketplace MVP,Not started
VS-FR-262,Vendor & Vendor Staff,"8. Product Variants, Attributes & Bundles",Generate Combinations Catalog Edit Create all valid attribute combinations; warn about large combination counts.,P1 Marketplace MVP,Not started
VS-FR-263,Vendor & Vendor Staff,"8. Product Variants, Attributes & Bundles",Bulk Price Update Catalog Edit Update selected variant prices with validation and preview.,P1 Marketplace MVP,Not started
VS-FR-264,Vendor & Vendor Staff,"8. Product Variants, Attributes & Bundles",Bulk Stock Update Inventory Edit Update selected variant stock with adjustment reason/audit.,P1 Marketplace MVP,Not started
VS-FR-265,Vendor & Vendor Staff,"8. Product Variants, Attributes & Bundles",Disable Variant Catalog Edit Prevent new sales while preserving historical orders.,P1 Marketplace MVP,Not started
VS-FR-266,Vendor & Vendor Staff,"8. Product Variants, Attributes & Bundles",Add Bundle Component Bundle Edit Select eligible own products/SKUs and component quantity.,P1 Marketplace MVP,Not started
VS-FR-267,Vendor & Vendor Staff,"8. Product Variants, Attributes & Bundles",Remove Bundle Component Bundle Edit Recalculate bundle availability and pricing impact.,P1 Marketplace MVP,Not started
VS-FR-268,Vendor & Vendor Staff,"8. Product Variants, Attributes & Bundles",Set Bundle Price Pricing Edit Validate against marketplace pricing policies.,P1 Marketplace MVP,Not started
VS-FR-269,Vendor & Vendor Staff,"8. Product Variants, Attributes & Bundles",Preview Variant Matrix View Show final sellable combinations and missing data before submission.,P1 Marketplace MVP,Not started
VS-FR-270,Vendor & Vendor Staff,"9. Inventory, Stock Adjustment & Availability",SKU / Variant SKU Display/Search Yes,P2 Fulfilment & Ops,Not started
VS-FR-271,Vendor & Vendor Staff,"9. Inventory, Stock Adjustment & Availability",Product Display/Search Yes,P2 Fulfilment & Ops,Not started
VS-FR-272,Vendor & Vendor Staff,"9. Inventory, Stock Adjustment & Availability",Warehouse / Location Filter Conditional,P2 Fulfilment & Ops,Not started
VS-FR-273,Vendor & Vendor Staff,"9. Inventory, Stock Adjustment & Availability",On Hand Number Yes,P2 Fulfilment & Ops,Not started
VS-FR-274,Vendor & Vendor Staff,"9. Inventory, Stock Adjustment & Availability",Reserved Number Yes,P2 Fulfilment & Ops,Not started
VS-FR-275,Vendor & Vendor Staff,"9. Inventory, Stock Adjustment & Availability",Available to Sell Number Yes,P2 Fulfilment & Ops,Not started
VS-FR-276,Vendor & Vendor Staff,"9. Inventory, Stock Adjustment & Availability",Low Stock Threshold Number No,P2 Fulfilment & Ops,Not started
VS-FR-277,Vendor & Vendor Staff,"9. Inventory, Stock Adjustment & Availability",Stock Status Display/Filter Yes,P2 Fulfilment & Ops,Not started
VS-FR-278,Vendor & Vendor Staff,"9. Inventory, Stock Adjustment & Availability",Last Updated DateTime Yes,P2 Fulfilment & Ops,Not started
VS-FR-279,Vendor & Vendor Staff,"9. Inventory, Stock Adjustment & Availability",Updated By Display Yes,P2 Fulfilment & Ops,Not started
VS-FR-280,Vendor & Vendor Staff,"9. Inventory, Stock Adjustment & Availability",SKU Select/Search Yes,P2 Fulfilment & Ops,Not started
VS-FR-281,Vendor & Vendor Staff,"9. Inventory, Stock Adjustment & Availability",Location Select Conditional,P2 Fulfilment & Ops,Not started
VS-FR-282,Vendor & Vendor Staff,"9. Inventory, Stock Adjustment & Availability",Adjustment Type Dropdown Yes,P2 Fulfilment & Ops,Not started
VS-FR-283,Vendor & Vendor Staff,"9. Inventory, Stock Adjustment & Availability",Quantity Integer Yes,P2 Fulfilment & Ops,Not started
VS-FR-284,Vendor & Vendor Staff,"9. Inventory, Stock Adjustment & Availability",Reason Dropdown Yes,P2 Fulfilment & Ops,Not started
VS-FR-285,Vendor & Vendor Staff,"9. Inventory, Stock Adjustment & Availability",Notes Text Area Conditional,P2 Fulfilment & Ops,Not started
VS-FR-286,Vendor & Vendor Staff,"9. Inventory, Stock Adjustment & Availability",Reference No. Text No,P2 Fulfilment & Ops,Not started
VS-FR-287,Vendor & Vendor Staff,"9. Inventory, Stock Adjustment & Availability",Effective Date DateTime No,P2 Fulfilment & Ops,Not started
VS-FR-288,Vendor & Vendor Staff,"9. Inventory, Stock Adjustment & Availability",Confirm Adjustment Button Yes,P2 Fulfilment & Ops,Not started
VS-FR-289,Vendor & Vendor Staff,"9. Inventory, Stock Adjustment & Availability",Adjust Stock Inventory Edit Create audited stock movement.,P2 Fulfilment & Ops,Not started
VS-FR-290,Vendor & Vendor Staff,"9. Inventory, Stock Adjustment & Availability","Bulk Upload Stock Inventory Import Validate template, show errors, preview changes and commit valid rows.",P2 Fulfilment & Ops,Not started
VS-FR-291,Vendor & Vendor Staff,"9. Inventory, Stock Adjustment & Availability",Export Inventory Inventory Export Export current inventory view/filters.,P2 Fulfilment & Ops,Not started
VS-FR-292,Vendor & Vendor Staff,"9. Inventory, Stock Adjustment & Availability",Set Low Stock Alert Inventory Edit Set per-SKU or default reorder threshold.,P2 Fulfilment & Ops,Not started
VS-FR-293,Vendor & Vendor Staff,"9. Inventory, Stock Adjustment & Availability",View Stock Ledger Inventory View Show chronological movements with source/reference.,P2 Fulfilment & Ops,Not started
VS-FR-294,Vendor & Vendor Staff,"9. Inventory, Stock Adjustment & Availability",Transfer Stock Location Inventory permission,P2 Fulfilment & Ops,Not started
VS-FR-295,Vendor & Vendor Staff,"9. Inventory, Stock Adjustment & Availability",Mark Damaged Inventory Edit Move quantity to non-sellable bucket with reason.,P2 Fulfilment & Ops,Not started
VS-FR-296,Vendor & Vendor Staff,"9. Inventory, Stock Adjustment & Availability",Restock Return Return/Inventory permission,P2 Fulfilment & Ops,Not started
VS-FR-297,Vendor & Vendor Staff,"9. Inventory, Stock Adjustment & Availability",Available-to-sell stock shall account for reservations and non-sellable buckets according to configured inventory model.,P2 Fulfilment & Ops,Not started
VS-FR-298,Vendor & Vendor Staff,"9. Inventory, Stock Adjustment & Availability",Inventory shall never go below permitted floor; overselling behavior must be explicitly configured.,P2 Fulfilment & Ops,Not started
VS-FR-299,Vendor & Vendor Staff,"9. Inventory, Stock Adjustment & Availability",Order reservation/release shall create traceable inventory movements.,P2 Fulfilment & Ops,Not started
VS-FR-300,Vendor & Vendor Staff,"9. Inventory, Stock Adjustment & Availability",Bulk inventory updates shall be idempotent using upload/job reference where possible.,P2 Fulfilment & Ops,Not started
VS-FR-301,Vendor & Vendor Staff,"9. Inventory, Stock Adjustment & Availability","Every manual adjustment shall record before quantity, adjustment amount, after quantity, actor and reason.",P2 Fulfilment & Ops,Not started
VS-FR-302,Vendor & Vendor Staff,"9. Inventory, Stock Adjustment & Availability","Staff without inventory-edit permission may view stock only if their role allows it. 10. Bulk Catalog Import, Export & Error Handling 10.1 Product Import Job Fields Req ID",P2 Fulfilment & Ops,Not started
VS-FR-303,Vendor & Vendor Staff,"10. Bulk Catalog Import, Export & Error Handling",Import Type Dropdown Yes,P0 Foundation,Not started
VS-FR-304,Vendor & Vendor Staff,"10. Bulk Catalog Import, Export & Error Handling",Template Version Display/Select Yes,P0 Foundation,Not started
VS-FR-305,Vendor & Vendor Staff,"10. Bulk Catalog Import, Export & Error Handling",File Upload Yes,P0 Foundation,Not started
VS-FR-306,Vendor & Vendor Staff,"10. Bulk Catalog Import, Export & Error Handling",Location Scope Select Conditional,P0 Foundation,Not started
VS-FR-307,Vendor & Vendor Staff,"10. Bulk Catalog Import, Export & Error Handling",Validation Mode Radio Yes,P0 Foundation,Not started
VS-FR-308,Vendor & Vendor Staff,"10. Bulk Catalog Import, Export & Error Handling",Duplicate Handling Dropdown Conditional,P0 Foundation,Not started
VS-FR-309,Vendor & Vendor Staff,"10. Bulk Catalog Import, Export & Error Handling",Import Notes Text No,P0 Foundation,Not started
VS-FR-310,Vendor & Vendor Staff,"10. Bulk Catalog Import, Export & Error Handling",Job Status Display No,P0 Foundation,Not started
VS-FR-311,Vendor & Vendor Staff,"10. Bulk Catalog Import, Export & Error Handling",Download Template Authorized Provide current template with required headers and sample guidance.,P0 Foundation,Not started
VS-FR-312,Vendor & Vendor Staff,"10. Bulk Catalog Import, Export & Error Handling",Validate File Import permission Run row/field/business validation without committing data.,P0 Foundation,Not started
VS-FR-313,Vendor & Vendor Staff,"10. Bulk Catalog Import, Export & Error Handling",Download Error File Import permission Return row-specific error reasons and original identifiers.,P0 Foundation,Not started
VS-FR-314,Vendor & Vendor Staff,"10. Bulk Catalog Import, Export & Error Handling",Confirm Import Import permission Commit validated data with job identifier and audit.,P0 Foundation,Not started
VS-FR-315,Vendor & Vendor Staff,"10. Bulk Catalog Import, Export & Error Handling",Cancel Queued Job Import permission Cancel only before irreversible processing begins.,P0 Foundation,Not started
VS-FR-316,Vendor & Vendor Staff,"10. Bulk Catalog Import, Export & Error Handling","View Job History Import permission Show prior jobs, actor, file, results and timestamps.",P0 Foundation,Not started
VS-FR-317,Vendor & Vendor Staff,"10. Bulk Catalog Import, Export & Error Handling",Export Catalog Export permission Generate filter-aware export asynchronously for large data.,P0 Foundation,Not started
VS-FR-318,Vendor & Vendor Staff,"10. Bulk Catalog Import, Export & Error Handling",Download Export Export permission Use expiring authenticated download and log access.,P0 Foundation,Not started
VS-FR-319,Vendor & Vendor Staff,11. Order Management – Vendor View,Vendor Order / Sub-order ID Display/Search Yes,P1 Marketplace MVP,Not started
VS-FR-320,Vendor & Vendor Staff,11. Order Management – Vendor View,Master Order ID Display/Search Conditional,P1 Marketplace MVP,Not started
VS-FR-321,Vendor & Vendor Staff,11. Order Management – Vendor View,Order Date Display/Date Filter Yes,P1 Marketplace MVP,Not started
VS-FR-322,Vendor & Vendor Staff,11. Order Management – Vendor View,Customer Name Display/Search Conditional,P1 Marketplace MVP,Not started
VS-FR-323,Vendor & Vendor Staff,11. Order Management – Vendor View,Customer Contact Masked Display/Search,P1 Marketplace MVP,Not started
VS-FR-324,Vendor & Vendor Staff,11. Order Management – Vendor View,Items / Qty Display Yes,P1 Marketplace MVP,Not started
VS-FR-325,Vendor & Vendor Staff,11. Order Management – Vendor View,Order Value Display/Range Filter Finance,P1 Marketplace MVP,Not started
VS-FR-326,Vendor & Vendor Staff,11. Order Management – Vendor View,Payment Mode Display/Filter Yes,P1 Marketplace MVP,Not started
VS-FR-327,Vendor & Vendor Staff,11. Order Management – Vendor View,Payment Status Display/Filter Permissionbased,P1 Marketplace MVP,Not started
VS-FR-328,Vendor & Vendor Staff,11. Order Management – Vendor View,Order Status Display/Filter Yes,P1 Marketplace MVP,Not started
VS-FR-329,Vendor & Vendor Staff,11. Order Management – Vendor View,Fulfilment SLA Display/Filter Yes,P1 Marketplace MVP,Not started
VS-FR-330,Vendor & Vendor Staff,11. Order Management – Vendor View,Pickup Location Display/Filter Conditional,P1 Marketplace MVP,Not started
VS-FR-331,Vendor & Vendor Staff,11. Order Management – Vendor View,Shipment / AWB Display/Search Conditional,P1 Marketplace MVP,Not started
VS-FR-332,Vendor & Vendor Staff,11. Order Management – Vendor View,Action Required Display/Filter Yes,P1 Marketplace MVP,Not started
VS-FR-333,Vendor & Vendor Staff,11. Order Management – Vendor View,Bulk Select Checkbox No,P1 Marketplace MVP,Not started
VS-FR-334,Vendor & Vendor Staff,11. Order Management – Vendor View,Order ID Display Yes,P1 Marketplace MVP,Not started
VS-FR-335,Vendor & Vendor Staff,11. Order Management – Vendor View,Order Timestamp Display Yes,P1 Marketplace MVP,Not started
VS-FR-336,Vendor & Vendor Staff,11. Order Management – Vendor View,Current Status Display Yes,P1 Marketplace MVP,Not started
VS-FR-337,Vendor & Vendor Staff,11. Order Management – Vendor View,Customer Name Display Conditional,P1 Marketplace MVP,Not started
VS-FR-338,Vendor & Vendor Staff,11. Order Management – Vendor View,Shipping Address Display Conditional,P1 Marketplace MVP,Not started
VS-FR-339,Vendor & Vendor Staff,11. Order Management – Vendor View,Contact Number Masked/Display Conditional,P1 Marketplace MVP,Not started
VS-FR-340,Vendor & Vendor Staff,11. Order Management – Vendor View,Item Image / Name Display Yes,P1 Marketplace MVP,Not started
VS-FR-341,Vendor & Vendor Staff,11. Order Management – Vendor View,SKU / Variant Display Yes,P1 Marketplace MVP,Not started
VS-FR-342,Vendor & Vendor Staff,11. Order Management – Vendor View,Ordered Qty Display Yes,P1 Marketplace MVP,Not started
VS-FR-343,Vendor & Vendor Staff,11. Order Management – Vendor View,Unit Price Display Yes,P1 Marketplace MVP,Not started
VS-FR-344,Vendor & Vendor Staff,11. Order Management – Vendor View,Discount Allocation Display Permissionbased,P1 Marketplace MVP,Not started
VS-FR-345,Vendor & Vendor Staff,11. Order Management – Vendor View,Tax Display Finance,P1 Marketplace MVP,Not started
VS-FR-346,Vendor & Vendor Staff,11. Order Management – Vendor View,Shipping Charge Display Permissionbased,P1 Marketplace MVP,Not started
VS-FR-347,Vendor & Vendor Staff,11. Order Management – Vendor View,Order Total Display Yes,P1 Marketplace MVP,Not started
VS-FR-348,Vendor & Vendor Staff,11. Order Management – Vendor View,Expected Dispatch By Display Yes,P1 Marketplace MVP,Not started
VS-FR-349,Vendor & Vendor Staff,11. Order Management – Vendor View,Expected Delivery Display Conditional,P1 Marketplace MVP,Not started
VS-FR-350,Vendor & Vendor Staff,11. Order Management – Vendor View,Payment Mode Display Yes,P1 Marketplace MVP,Not started
VS-FR-351,Vendor & Vendor Staff,11. Order Management – Vendor View,Payment Status Display Finance,P1 Marketplace MVP,Not started
VS-FR-352,Vendor & Vendor Staff,11. Order Management – Vendor View,Internal Notes Text Area No,P1 Marketplace MVP,Not started
VS-FR-353,Vendor & Vendor Staff,11. Order Management – Vendor View,Activity Timeline Timeline Yes,P1 Marketplace MVP,Not started
VS-FR-354,Vendor & Vendor Staff,11. Order Management – Vendor View,Accept Order Order Process permission,P1 Marketplace MVP,Not started
VS-FR-355,Vendor & Vendor Staff,11. Order Management – Vendor View,Reject Order Order Process permission,P1 Marketplace MVP,Not started
VS-FR-356,Vendor & Vendor Staff,11. Order Management – Vendor View,Print Order Order View/Print Print vendor order summary without unnecessary sensitive data.,P1 Marketplace MVP,Not started
VS-FR-357,Vendor & Vendor Staff,11. Order Management – Vendor View,Print Pick List Fulfilment permission Generate pick list for selected items/orders.,P1 Marketplace MVP,Not started
VS-FR-358,Vendor & Vendor Staff,11. Order Management – Vendor View,Add Internal Note Order Note permission Append time-stamped vendor-only note.,P1 Marketplace MVP,Not started
VS-FR-359,Vendor & Vendor Staff,11. Order Management – Vendor View,Contact Customer Communication permission,P1 Marketplace MVP,Not started
VS-FR-360,Vendor & Vendor Staff,11. Order Management – Vendor View,Request Support Order View Open platform support case linked to order.,P1 Marketplace MVP,Not started
VS-FR-361,Vendor & Vendor Staff,11. Order Management – Vendor View,Download Invoice Invoice permission Download available tax/customer invoice document if vendor is issuer/authorized.,P1 Marketplace MVP,Not started
VS-FR-362,Vendor & Vendor Staff,11. Order Management – Vendor View,Export Orders Order Export Export authorized order data for selected filters.,P1 Marketplace MVP,Not started
VS-FR-363,Vendor & Vendor Staff,11. Order Management – Vendor View,View Settlement Linkage Finance permission Show settlement/payment linkage once available.,P1 Marketplace MVP,Not started
VS-FR-364,Vendor & Vendor Staff,11. Order Management – Vendor View,"Order details shall use immutable order-time product, price, tax and address snapshots for historical accuracy.",P1 Marketplace MVP,Not started
VS-FR-365,Vendor & Vendor Staff,11. Order Management – Vendor View,Vendor shall only see items belonging to that vendor within a marketplace master order.,P1 Marketplace MVP,Not started
VS-FR-366,Vendor & Vendor Staff,11. Order Management – Vendor View,Order status actions shall be allowed only from valid current states.,P1 Marketplace MVP,Not started
VS-FR-367,Vendor & Vendor Staff,11. Order Management – Vendor View,"Order edits shall not permit vendor to alter customer quantity, price or shipping address except via explicit platform workflow.",P1 Marketplace MVP,Not started
VS-FR-368,Vendor & Vendor Staff,11. Order Management – Vendor View,Customer PII access shall be minimized and time-limited according to fulfilment necessity and platform policy.,P1 Marketplace MVP,Not started
VS-FR-369,Vendor & Vendor Staff,11. Order Management – Vendor View,"All order status changes shall produce timeline and audit entries. 12. Order Processing, Pick, Pack & Dispatch 12.1 Pack / Ready-to-Ship Fields Req ID",P1 Marketplace MVP,Not started
VS-FR-370,Vendor & Vendor Staff,"12. Order Processing, Pick, Pack & Dispatch",Order / Shipment ID Display Yes,P2 Fulfilment & Ops,Not started
VS-FR-371,Vendor & Vendor Staff,"12. Order Processing, Pick, Pack & Dispatch",Items to Pack Checklist Yes,P2 Fulfilment & Ops,Not started
VS-FR-372,Vendor & Vendor Staff,"12. Order Processing, Pick, Pack & Dispatch",Package Count Integer Yes,P2 Fulfilment & Ops,Not started
VS-FR-373,Vendor & Vendor Staff,"12. Order Processing, Pick, Pack & Dispatch",Package Weight Decimal + Unit Conditional,P2 Fulfilment & Ops,Not started
VS-FR-374,Vendor & Vendor Staff,"12. Order Processing, Pick, Pack & Dispatch",Package Length Decimal + Unit Conditional,P2 Fulfilment & Ops,Not started
VS-FR-375,Vendor & Vendor Staff,"12. Order Processing, Pick, Pack & Dispatch",Package Width Decimal + Unit Conditional,P2 Fulfilment & Ops,Not started
VS-FR-376,Vendor & Vendor Staff,"12. Order Processing, Pick, Pack & Dispatch",Package Height Decimal + Unit Conditional,P2 Fulfilment & Ops,Not started
VS-FR-377,Vendor & Vendor Staff,"12. Order Processing, Pick, Pack & Dispatch",Packaging Type Dropdown No,P2 Fulfilment & Ops,Not started
VS-FR-378,Vendor & Vendor Staff,"12. Order Processing, Pick, Pack & Dispatch",Serial / IMEI / Batch Text/Repeater Conditional,P2 Fulfilment & Ops,Not started
VS-FR-379,Vendor & Vendor Staff,"12. Order Processing, Pick, Pack & Dispatch",Packing Notes Text Area No,P2 Fulfilment & Ops,Not started
VS-FR-380,Vendor & Vendor Staff,"12. Order Processing, Pick, Pack & Dispatch",Invoice Included Checkbox/Display Conditional,P2 Fulfilment & Ops,Not started
VS-FR-381,Vendor & Vendor Staff,"12. Order Processing, Pick, Pack & Dispatch",Mark Ready to Ship Button Yes,P2 Fulfilment & Ops,Not started
VS-FR-382,Vendor & Vendor Staff,"12. Order Processing, Pick, Pack & Dispatch",Generate Shipping Label Fulfilment permission Create/download carrier/platform label only for eligible shipment.,P2 Fulfilment & Ops,Not started
VS-FR-383,Vendor & Vendor Staff,"12. Order Processing, Pick, Pack & Dispatch",Generate Manifest Fulfilment permission Generate carrier manifest for selected ready shipments where required.,P2 Fulfilment & Ops,Not started
VS-FR-384,Vendor & Vendor Staff,"12. Order Processing, Pick, Pack & Dispatch",Schedule Pickup Fulfilment permission Request pickup window from configured logistics provider.,P2 Fulfilment & Ops,Not started
VS-FR-385,Vendor & Vendor Staff,"12. Order Processing, Pick, Pack & Dispatch",Self Ship Fulfilment permission Allow carrier/tracking entry only if vendor self-ship is enabled.,P2 Fulfilment & Ops,Not started
VS-FR-386,Vendor & Vendor Staff,"12. Order Processing, Pick, Pack & Dispatch",Mark Packed Fulfilment permission Advance state after quantity/package validation.,P2 Fulfilment & Ops,Not started
VS-FR-387,Vendor & Vendor Staff,"12. Order Processing, Pick, Pack & Dispatch",Mark Ready to Ship Fulfilment permission Advance to ready state and start pickup workflow.,P2 Fulfilment & Ops,Not started
VS-FR-388,Vendor & Vendor Staff,"12. Order Processing, Pick, Pack & Dispatch",Reprint Label Fulfilment permission Reprint same valid label; audit reprint.,P2 Fulfilment & Ops,Not started
VS-FR-389,Vendor & Vendor Staff,"12. Order Processing, Pick, Pack & Dispatch",Cancel Shipment Label Fulfilment permission Only before carrier handoff and when carrier permits; reconcile label/AWB status.,P2 Fulfilment & Ops,Not started
VS-FR-390,Vendor & Vendor Staff,"12. Order Processing, Pick, Pack & Dispatch",Bulk Pack / RTS Fulfilment permission Process eligible orders in batch with row-level validation results.,P2 Fulfilment & Ops,Not started
VS-FR-391,Vendor & Vendor Staff,"12. Order Processing, Pick, Pack & Dispatch",Handover Confirmation Fulfilment permission Record pickup/handover scan or confirmation source/time.,P2 Fulfilment & Ops,Not started
VS-FR-392,Vendor & Vendor Staff,"12. Order Processing, Pick, Pack & Dispatch",Step 1 New eligible order appears in vendor order queue and inventory remains reserved according to platform rules.,P2 Fulfilment & Ops,Not started
VS-FR-393,Vendor & Vendor Staff,"12. Order Processing, Pick, Pack & Dispatch",Step 2 Authorized user accepts order if acceptance is required; otherwise order enters processing automatically.,P2 Fulfilment & Ops,Not started
VS-FR-394,Vendor & Vendor Staff,"12. Order Processing, Pick, Pack & Dispatch",Step 3 Staff picks required SKUs/quantities and resolves stock exceptions before packing.,P2 Fulfilment & Ops,Not started
VS-FR-395,Vendor & Vendor Staff,"12. Order Processing, Pick, Pack & Dispatch",Step 4 User enters/validates package information and required serial/batch details.,P2 Fulfilment & Ops,Not started
VS-FR-396,Vendor & Vendor Staff,"12. Order Processing, Pick, Pack & Dispatch",Step 5 System generates invoice/shipping label/manifest according to logistics and tax configuration.,P2 Fulfilment & Ops,Not started
VS-FR-397,Vendor & Vendor Staff,"12. Order Processing, Pick, Pack & Dispatch",Step 6 Order is marked Packed / Ready to Ship and pickup is scheduled or self-ship tracking is entered.,P2 Fulfilment & Ops,Not started
VS-FR-398,Vendor & Vendor Staff,"12. Order Processing, Pick, Pack & Dispatch",Step 7 Carrier/vendor handover event moves shipment to Shipped / In Transit based on integrated status.,P2 Fulfilment & Ops,Not started
VS-FR-399,Vendor & Vendor Staff,"12. Order Processing, Pick, Pack & Dispatch",Step 8 Fulfilment SLA and all user/carrier events remain visible in timeline. Shopeye • Confidential • Vendor & Vendor Staff Web SRS v1.0 • 16,P2 Fulfilment & Ops,Not started
VS-FR-400,Vendor & Vendor Staff,"13. Shipping, AWB, Carrier Tracking & Delivery Exceptions",Shipment ID Display Yes,P2 Fulfilment & Ops,Not started
VS-FR-401,Vendor & Vendor Staff,"13. Shipping, AWB, Carrier Tracking & Delivery Exceptions",AWB / Tracking Number Display/Input Yes,P2 Fulfilment & Ops,Not started
VS-FR-402,Vendor & Vendor Staff,"13. Shipping, AWB, Carrier Tracking & Delivery Exceptions",Carrier Display/Select Yes,P2 Fulfilment & Ops,Not started
VS-FR-403,Vendor & Vendor Staff,"13. Shipping, AWB, Carrier Tracking & Delivery Exceptions",Shipping Mode Display Yes,P2 Fulfilment & Ops,Not started
VS-FR-404,Vendor & Vendor Staff,"13. Shipping, AWB, Carrier Tracking & Delivery Exceptions",Pickup Location Display Yes,P2 Fulfilment & Ops,Not started
VS-FR-405,Vendor & Vendor Staff,"13. Shipping, AWB, Carrier Tracking & Delivery Exceptions",Pickup Date / Window Display Conditional,P2 Fulfilment & Ops,Not started
VS-FR-406,Vendor & Vendor Staff,"13. Shipping, AWB, Carrier Tracking & Delivery Exceptions",Shipment Status Display Yes,P2 Fulfilment & Ops,Not started
VS-FR-407,Vendor & Vendor Staff,"13. Shipping, AWB, Carrier Tracking & Delivery Exceptions",Tracking Timeline Timeline Yes,P2 Fulfilment & Ops,Not started
VS-FR-408,Vendor & Vendor Staff,"13. Shipping, AWB, Carrier Tracking & Delivery Exceptions",Estimated Delivery Display Conditional,P2 Fulfilment & Ops,Not started
VS-FR-409,Vendor & Vendor Staff,"13. Shipping, AWB, Carrier Tracking & Delivery Exceptions",Delivery Proof Display Conditional,P2 Fulfilment & Ops,Not started
VS-FR-410,Vendor & Vendor Staff,"13. Shipping, AWB, Carrier Tracking & Delivery Exceptions",Exception Reason Display Conditional,P2 Fulfilment & Ops,Not started
VS-FR-411,Vendor & Vendor Staff,"13. Shipping, AWB, Carrier Tracking & Delivery Exceptions",RTO Status Display Conditional,P2 Fulfilment & Ops,Not started
VS-FR-412,Vendor & Vendor Staff,"13. Shipping, AWB, Carrier Tracking & Delivery Exceptions",Track Shipment Order/Fulfilment View Open normalized tracking timeline.,P2 Fulfilment & Ops,Not started
VS-FR-413,Vendor & Vendor Staff,"13. Shipping, AWB, Carrier Tracking & Delivery Exceptions",Refresh Tracking Fulfilment permission Request/trigger latest provider status subject to rate limits.,P2 Fulfilment & Ops,Not started
VS-FR-414,Vendor & Vendor Staff,"13. Shipping, AWB, Carrier Tracking & Delivery Exceptions",Download Label Fulfilment permission Download current valid label.,P2 Fulfilment & Ops,Not started
VS-FR-415,Vendor & Vendor Staff,"13. Shipping, AWB, Carrier Tracking & Delivery Exceptions",Download Manifest Fulfilment permission Download current manifest.,P2 Fulfilment & Ops,Not started
VS-FR-416,Vendor & Vendor Staff,"13. Shipping, AWB, Carrier Tracking & Delivery Exceptions",Report Pickup Missed Fulfilment permission Create carrier/platform issue linked to shipment.,P2 Fulfilment & Ops,Not started
VS-FR-417,Vendor & Vendor Staff,"13. Shipping, AWB, Carrier Tracking & Delivery Exceptions",Respond to NDR Fulfilment permission Provide permitted resolution inputs before deadline.,P2 Fulfilment & Ops,Not started
VS-FR-418,Vendor & Vendor Staff,"13. Shipping, AWB, Carrier Tracking & Delivery Exceptions",Upload Self-Ship Proof Self-ship permission Upload dispatch proof when required.,P2 Fulfilment & Ops,Not started
VS-FR-419,Vendor & Vendor Staff,"13. Shipping, AWB, Carrier Tracking & Delivery Exceptions",Raise Logistics Dispute Support/Logistics permission,P2 Fulfilment & Ops,Not started
VS-FR-420,Vendor & Vendor Staff,"13. Shipping, AWB, Carrier Tracking & Delivery Exceptions",View RTO Charges Finance permission Display applicable return-shipping/logistics charges when calculated.,P2 Fulfilment & Ops,Not started
VS-FR-421,Vendor & Vendor Staff,14. Order Cancellation – Vendor-Side Handling,Order / Item Display Yes,P2 Fulfilment & Ops,Not started
VS-FR-422,Vendor & Vendor Staff,14. Order Cancellation – Vendor-Side Handling,Cancellation Reason Dropdown Yes,P2 Fulfilment & Ops,Not started
VS-FR-423,Vendor & Vendor Staff,14. Order Cancellation – Vendor-Side Handling,Reason Notes Text Area Conditional,P2 Fulfilment & Ops,Not started
VS-FR-424,Vendor & Vendor Staff,14. Order Cancellation – Vendor-Side Handling,Affected Quantity Integer Conditional,P2 Fulfilment & Ops,Not started
VS-FR-425,Vendor & Vendor Staff,14. Order Cancellation – Vendor-Side Handling,Restock / Reservation Impact Display No,P2 Fulfilment & Ops,Not started
VS-FR-426,Vendor & Vendor Staff,14. Order Cancellation – Vendor-Side Handling,Penalty / SLA Impact Display Conditional,P2 Fulfilment & Ops,Not started
VS-FR-427,Vendor & Vendor Staff,14. Order Cancellation – Vendor-Side Handling,Customer Refund Impact Display Conditional,P2 Fulfilment & Ops,Not started
VS-FR-428,Vendor & Vendor Staff,14. Order Cancellation – Vendor-Side Handling,Confirm Cancellation Button Yes,P2 Fulfilment & Ops,Not started
VS-FR-429,Vendor & Vendor Staff,14. Order Cancellation – Vendor-Side Handling,Cancel Before Dispatch Order Cancel permission Allow only eligible state and reason; trigger inventory release and downstream,P2 Fulfilment & Ops,Not started
VS-FR-430,Vendor & Vendor Staff,14. Order Cancellation – Vendor-Side Handling,Respond to Customer Cancellation Order Process permission,P2 Fulfilment & Ops,Not started
VS-FR-431,Vendor & Vendor Staff,14. Order Cancellation – Vendor-Side Handling,"View Cancellation History Order View Show request source, reason, timestamps and financial/stock impact.",P2 Fulfilment & Ops,Not started
VS-FR-432,Vendor & Vendor Staff,14. Order Cancellation – Vendor-Side Handling,Raise Dispute Support permission Challenge cancellation attribution/charge where platform provides dispute,P2 Fulfilment & Ops,Not started
VS-FR-433,Vendor & Vendor Staff,14. Order Cancellation – Vendor-Side Handling,Cancellation eligibility must be determined server-side using order/shipment state and platform policy.,P2 Fulfilment & Ops,Not started
VS-FR-434,Vendor & Vendor Staff,14. Order Cancellation – Vendor-Side Handling,Vendor-initiated cancellation shall capture standardized reason for analytics and penalty rules.,P2 Fulfilment & Ops,Not started
VS-FR-435,Vendor & Vendor Staff,14. Order Cancellation – Vendor-Side Handling,Cancelled quantities shall release reserved inventory unless stock is intentionally quarantined/damaged.,P2 Fulfilment & Ops,Not started
VS-FR-436,Vendor & Vendor Staff,14. Order Cancellation – Vendor-Side Handling,"Financial effects such as fees, penalties and settlement adjustments shall be linked to the cancelled order.",P2 Fulfilment & Ops,Not started
VS-FR-437,Vendor & Vendor Staff,14. Order Cancellation – Vendor-Side Handling,"Customer refund status may be visible but vendor staff without finance permission must not see restricted payment details. 15. Returns, Exchanges, Reverse Logistics & QC 15.1 Return Case List / Detail Fields Req ID",P2 Fulfilment & Ops,Not started
VS-FR-438,Vendor & Vendor Staff,"15. Returns, Exchanges, Reverse Logistics & QC",Return ID Display/Search Yes,P2 Fulfilment & Ops,Not started
VS-FR-439,Vendor & Vendor Staff,"15. Returns, Exchanges, Reverse Logistics & QC",Order / Item ID Display/Search Yes,P2 Fulfilment & Ops,Not started
VS-FR-440,Vendor & Vendor Staff,"15. Returns, Exchanges, Reverse Logistics & QC",Customer Reason Display/Filter Yes,P2 Fulfilment & Ops,Not started
VS-FR-441,Vendor & Vendor Staff,"15. Returns, Exchanges, Reverse Logistics & QC",Customer Comment Display Conditional,P2 Fulfilment & Ops,Not started
VS-FR-442,Vendor & Vendor Staff,"15. Returns, Exchanges, Reverse Logistics & QC",Evidence Images/Files Conditional,P2 Fulfilment & Ops,Not started
VS-FR-443,Vendor & Vendor Staff,"15. Returns, Exchanges, Reverse Logistics & QC",Requested Resolution Display Yes,P2 Fulfilment & Ops,Not started
VS-FR-444,Vendor & Vendor Staff,"15. Returns, Exchanges, Reverse Logistics & QC",Return Status Display/Filter Yes,P2 Fulfilment & Ops,Not started
VS-FR-445,Vendor & Vendor Staff,"15. Returns, Exchanges, Reverse Logistics & QC",Return Window Display Yes,P2 Fulfilment & Ops,Not started
VS-FR-446,Vendor & Vendor Staff,"15. Returns, Exchanges, Reverse Logistics & QC",Reverse AWB Display Conditional,P2 Fulfilment & Ops,Not started
VS-FR-447,Vendor & Vendor Staff,"15. Returns, Exchanges, Reverse Logistics & QC",Expected Return Date Display Conditional,P2 Fulfilment & Ops,Not started
VS-FR-448,Vendor & Vendor Staff,"15. Returns, Exchanges, Reverse Logistics & QC",Financial Impact Display Finance,P2 Fulfilment & Ops,Not started
VS-FR-449,Vendor & Vendor Staff,"15. Returns, Exchanges, Reverse Logistics & QC",Action Deadline Display Conditional,P2 Fulfilment & Ops,Not started
VS-FR-450,Vendor & Vendor Staff,"15. Returns, Exchanges, Reverse Logistics & QC",Received Date DateTime Yes,P2 Fulfilment & Ops,Not started
VS-FR-451,Vendor & Vendor Staff,"15. Returns, Exchanges, Reverse Logistics & QC",Received Quantity Integer Yes,P2 Fulfilment & Ops,Not started
VS-FR-452,Vendor & Vendor Staff,"15. Returns, Exchanges, Reverse Logistics & QC",Package Condition Dropdown Yes,P2 Fulfilment & Ops,Not started
VS-FR-453,Vendor & Vendor Staff,"15. Returns, Exchanges, Reverse Logistics & QC",Item Condition Dropdown Yes,P2 Fulfilment & Ops,Not started
VS-FR-454,Vendor & Vendor Staff,"15. Returns, Exchanges, Reverse Logistics & QC",Serial / IMEI Match Yes/No/NA Conditional,P2 Fulfilment & Ops,Not started
VS-FR-455,Vendor & Vendor Staff,"15. Returns, Exchanges, Reverse Logistics & QC",Accessories Complete Yes/No/NA Conditional,P2 Fulfilment & Ops,Not started
VS-FR-456,Vendor & Vendor Staff,"15. Returns, Exchanges, Reverse Logistics & QC",QC Result Dropdown Yes,P2 Fulfilment & Ops,Not started
VS-FR-457,Vendor & Vendor Staff,"15. Returns, Exchanges, Reverse Logistics & QC",QC Reason Dropdown Conditional,P2 Fulfilment & Ops,Not started
VS-FR-458,Vendor & Vendor Staff,"15. Returns, Exchanges, Reverse Logistics & QC",QC Notes Text Area Conditional,P2 Fulfilment & Ops,Not started
VS-FR-459,Vendor & Vendor Staff,"15. Returns, Exchanges, Reverse Logistics & QC",QC Evidence Multi File Conditional,P2 Fulfilment & Ops,Not started
VS-FR-460,Vendor & Vendor Staff,"15. Returns, Exchanges, Reverse Logistics & QC",Restock Decision Dropdown Yes,P2 Fulfilment & Ops,Not started
VS-FR-461,Vendor & Vendor Staff,"15. Returns, Exchanges, Reverse Logistics & QC",Submit QC Button Yes,P2 Fulfilment & Ops,Not started
VS-FR-462,Vendor & Vendor Staff,"15. Returns, Exchanges, Reverse Logistics & QC",Respond to Return Return Process permission,P2 Fulfilment & Ops,Not started
VS-FR-463,Vendor & Vendor Staff,"15. Returns, Exchanges, Reverse Logistics & QC",Approve Return Return Approve permission,P2 Fulfilment & Ops,Not started
VS-FR-464,Vendor & Vendor Staff,"15. Returns, Exchanges, Reverse Logistics & QC",Reject Return Return Approve permission,P2 Fulfilment & Ops,Not started
VS-FR-465,Vendor & Vendor Staff,"15. Returns, Exchanges, Reverse Logistics & QC",Track Reverse Shipment Return View Show reverse logistics timeline.,P2 Fulfilment & Ops,Not started
VS-FR-466,Vendor & Vendor Staff,"15. Returns, Exchanges, Reverse Logistics & QC",Record Return Receipt Return Process permission,P2 Fulfilment & Ops,Not started
VS-FR-467,Vendor & Vendor Staff,"15. Returns, Exchanges, Reverse Logistics & QC",Perform QC Return QC permission Capture structured inspection result.,P2 Fulfilment & Ops,Not started
VS-FR-468,Vendor & Vendor Staff,"15. Returns, Exchanges, Reverse Logistics & QC",Approve Exchange / Replacement Return Approve permission,P2 Fulfilment & Ops,Not started
VS-FR-469,Vendor & Vendor Staff,"15. Returns, Exchanges, Reverse Logistics & QC",View Refund Status Return/Finance permission,P2 Fulfilment & Ops,Not started
VS-FR-470,Vendor & Vendor Staff,"15. Returns, Exchanges, Reverse Logistics & QC",Raise Return Dispute Support permission Submit evidence and reason before dispute deadline.,P2 Fulfilment & Ops,Not started
VS-FR-471,Vendor & Vendor Staff,"15. Returns, Exchanges, Reverse Logistics & QC",Restock Returned Item Inventory/Return permission,P2 Fulfilment & Ops,Not started
VS-FR-472,Vendor & Vendor Staff,"15. Returns, Exchanges, Reverse Logistics & QC","Return actions must honor marketplace return policy, category rules, delivery date and current return state.",P2 Fulfilment & Ops,Not started
VS-FR-473,Vendor & Vendor Staff,"15. Returns, Exchanges, Reverse Logistics & QC",Vendor shall not modify customer-submitted reason/evidence; vendor response is stored separately.,P2 Fulfilment & Ops,Not started
VS-FR-474,Vendor & Vendor Staff,"15. Returns, Exchanges, Reverse Logistics & QC",QC evidence shall be immutable after final submission except through controlled addendum workflow.,P2 Fulfilment & Ops,Not started
VS-FR-475,Vendor & Vendor Staff,"15. Returns, Exchanges, Reverse Logistics & QC",Replacement/exchange availability shall consider current sellable inventory and shipping constraints.,P2 Fulfilment & Ops,Not started
VS-FR-476,Vendor & Vendor Staff,"15. Returns, Exchanges, Reverse Logistics & QC","All return-related stock, refund, fee and settlement adjustments shall reference the return ID.",P2 Fulfilment & Ops,Not started
VS-FR-477,Vendor & Vendor Staff,"15. Returns, Exchanges, Reverse Logistics & QC",Expired vendor response/QC SLA shall be visibly flagged and may auto-escalate according to platform policy. Shopeye • Confidential • Vendor & Vendor Staff Web SRS v1.0 • 19,P2 Fulfilment & Ops,Not started
VS-FR-478,Vendor & Vendor Staff,"16. Refund Status, Vendor Liability & Adjustment Visibility",Refund ID Display/Search Yes,P2 Fulfilment & Ops,Not started
VS-FR-479,Vendor & Vendor Staff,"16. Refund Status, Vendor Liability & Adjustment Visibility",Order / Return ID Display/Search Yes,P2 Fulfilment & Ops,Not started
VS-FR-480,Vendor & Vendor Staff,"16. Refund Status, Vendor Liability & Adjustment Visibility",Refund Amount Currency Finance,P2 Fulfilment & Ops,Not started
VS-FR-481,Vendor & Vendor Staff,"16. Refund Status, Vendor Liability & Adjustment Visibility",Refund Reason Display Yes,P2 Fulfilment & Ops,Not started
VS-FR-482,Vendor & Vendor Staff,"16. Refund Status, Vendor Liability & Adjustment Visibility",Refund Status Display/Filter Yes,P2 Fulfilment & Ops,Not started
VS-FR-483,Vendor & Vendor Staff,"16. Refund Status, Vendor Liability & Adjustment Visibility",Refund Method Display Finance,P2 Fulfilment & Ops,Not started
VS-FR-484,Vendor & Vendor Staff,"16. Refund Status, Vendor Liability & Adjustment Visibility",Vendor Liability Currency Finance,P2 Fulfilment & Ops,Not started
VS-FR-485,Vendor & Vendor Staff,"16. Refund Status, Vendor Liability & Adjustment Visibility",Platform Share Currency Finance,P2 Fulfilment & Ops,Not started
VS-FR-486,Vendor & Vendor Staff,"16. Refund Status, Vendor Liability & Adjustment Visibility",Fee Reversal Currency Finance,P2 Fulfilment & Ops,Not started
VS-FR-487,Vendor & Vendor Staff,"16. Refund Status, Vendor Liability & Adjustment Visibility",Settlement Adjustment ID Display Finance,P2 Fulfilment & Ops,Not started
VS-FR-488,Vendor & Vendor Staff,"16. Refund Status, Vendor Liability & Adjustment Visibility",Processed On DateTime Conditional,P2 Fulfilment & Ops,Not started
VS-FR-489,Vendor & Vendor Staff,"16. Refund Status, Vendor Liability & Adjustment Visibility",Failure Reason Display Conditional,P2 Fulfilment & Ops,Not started
VS-FR-490,Vendor & Vendor Staff,"16. Refund Status, Vendor Liability & Adjustment Visibility",View Refund Detail Finance/Return View Display permitted breakdown and linked return/order.,P2 Fulfilment & Ops,Not started
VS-FR-491,Vendor & Vendor Staff,"16. Refund Status, Vendor Liability & Adjustment Visibility",Download Refund Statement Finance Export Generate vendor-readable refund/adjustment statement.,P2 Fulfilment & Ops,Not started
VS-FR-492,Vendor & Vendor Staff,"16. Refund Status, Vendor Liability & Adjustment Visibility",Raise Financial Dispute Finance/Support permission,P2 Fulfilment & Ops,Not started
VS-FR-493,Vendor & Vendor Staff,"16. Refund Status, Vendor Liability & Adjustment Visibility",Track Dispute Finance/Support permission,P2 Fulfilment & Ops,Not started
VS-FR-494,Vendor & Vendor Staff,"16. Refund Status, Vendor Liability & Adjustment Visibility",Export Refunds Finance Export Export filtered vendor refunds/adjustments only.,P2 Fulfilment & Ops,Not started
VS-FR-495,Vendor & Vendor Staff,"17. Customer Invoice, Credit Note & Vendor Tax Documents",Invoice Number Display/Search Yes,P3 Finance,Not started
VS-FR-496,Vendor & Vendor Staff,"17. Customer Invoice, Credit Note & Vendor Tax Documents",Invoice Date Display/Filter Yes,P3 Finance,Not started
VS-FR-497,Vendor & Vendor Staff,"17. Customer Invoice, Credit Note & Vendor Tax Documents",Order ID Display/Search Yes,P3 Finance,Not started
VS-FR-498,Vendor & Vendor Staff,"17. Customer Invoice, Credit Note & Vendor Tax Documents",Seller Legal Name Display Yes,P3 Finance,Not started
VS-FR-499,Vendor & Vendor Staff,"17. Customer Invoice, Credit Note & Vendor Tax Documents",Seller GSTIN / Tax ID Display Conditional,P3 Finance,Not started
VS-FR-500,Vendor & Vendor Staff,"17. Customer Invoice, Credit Note & Vendor Tax Documents",Billing Address Display Yes,P3 Finance,Not started
VS-FR-501,Vendor & Vendor Staff,"17. Customer Invoice, Credit Note & Vendor Tax Documents",Shipping Address Display Conditional,P3 Finance,Not started
VS-FR-502,Vendor & Vendor Staff,"17. Customer Invoice, Credit Note & Vendor Tax Documents",Item Description Display Yes,P3 Finance,Not started
VS-FR-503,Vendor & Vendor Staff,"17. Customer Invoice, Credit Note & Vendor Tax Documents",SKU Display Conditional,P3 Finance,Not started
VS-FR-504,Vendor & Vendor Staff,"17. Customer Invoice, Credit Note & Vendor Tax Documents",HSN/SAC/Tax Code Display Conditional,P3 Finance,Not started
VS-FR-505,Vendor & Vendor Staff,"17. Customer Invoice, Credit Note & Vendor Tax Documents",Quantity Display Yes,P3 Finance,Not started
VS-FR-506,Vendor & Vendor Staff,"17. Customer Invoice, Credit Note & Vendor Tax Documents",Taxable Value Currency Yes,P3 Finance,Not started
VS-FR-507,Vendor & Vendor Staff,"17. Customer Invoice, Credit Note & Vendor Tax Documents",Tax Rate / Components Display Conditional,P3 Finance,Not started
VS-FR-508,Vendor & Vendor Staff,"17. Customer Invoice, Credit Note & Vendor Tax Documents",Discount Currency Conditional,P3 Finance,Not started
VS-FR-509,Vendor & Vendor Staff,"17. Customer Invoice, Credit Note & Vendor Tax Documents",Shipping / Other Charges Currency Conditional,P3 Finance,Not started
VS-FR-510,Vendor & Vendor Staff,"17. Customer Invoice, Credit Note & Vendor Tax Documents",Invoice Total Currency Yes,P3 Finance,Not started
VS-FR-511,Vendor & Vendor Staff,"17. Customer Invoice, Credit Note & Vendor Tax Documents",Document Status Display Yes,P3 Finance,Not started
VS-FR-512,Vendor & Vendor Staff,"17. Customer Invoice, Credit Note & Vendor Tax Documents",PDF Download Yes,P3 Finance,Not started
VS-FR-513,Vendor & Vendor Staff,"17. Customer Invoice, Credit Note & Vendor Tax Documents",Download Invoice Invoice View Download authorized PDF.,P3 Finance,Not started
VS-FR-514,Vendor & Vendor Staff,"17. Customer Invoice, Credit Note & Vendor Tax Documents",Bulk Download Invoices Invoice Export Package selected eligible invoices with export limits.,P3 Finance,Not started
VS-FR-515,Vendor & Vendor Staff,"17. Customer Invoice, Credit Note & Vendor Tax Documents",View Credit Note Invoice View Open linked credit note for cancelled/returned amount where applicable.,P3 Finance,Not started
VS-FR-516,Vendor & Vendor Staff,"17. Customer Invoice, Credit Note & Vendor Tax Documents",Download Credit Note Invoice View Download PDF document.,P3 Finance,Not started
VS-FR-517,Vendor & Vendor Staff,"17. Customer Invoice, Credit Note & Vendor Tax Documents",Export Invoice Register Finance Export Export period-wise invoice register.,P3 Finance,Not started
VS-FR-518,Vendor & Vendor Staff,"17. Customer Invoice, Credit Note & Vendor Tax Documents",Request Invoice Correction Support/Invoice permission,P3 Finance,Not started
VS-FR-519,Vendor & Vendor Staff,"17. Customer Invoice, Credit Note & Vendor Tax Documents","Invoice/credit-note content shall use immutable transaction-time seller, customer, item, tax and amount snapshots.",P3 Finance,Not started
VS-FR-520,Vendor & Vendor Staff,"17. Customer Invoice, Credit Note & Vendor Tax Documents",Vendor users shall not freely edit an issued invoice; corrections require legally valid cancellation/credit/reissue workflow where applicable.,P3 Finance,Not started
VS-FR-521,Vendor & Vendor Staff,"17. Customer Invoice, Credit Note & Vendor Tax Documents",Document numbering and tax rules shall be configured to comply with applicable jurisdictional requirements.,P3 Finance,Not started
VS-FR-522,Vendor & Vendor Staff,"17. Customer Invoice, Credit Note & Vendor Tax Documents","Historical documents shall remain downloadable after vendor profile changes, subject to retention policy.",P3 Finance,Not started
VS-FR-523,Vendor & Vendor Staff,"17. Customer Invoice, Credit Note & Vendor Tax Documents","Only finance/invoice-authorized staff may access bulk invoice registers and tax-sensitive exports. 18. Payment Visibility, Vendor Ledger & Transaction History 18.1 Vendor Ledger Fields Req ID",P3 Finance,Not started
VS-FR-524,Vendor & Vendor Staff,"18. Payment Visibility, Vendor Ledger & Transaction History",Ledger Entry ID Display/Search Yes,P3 Finance,Not started
VS-FR-525,Vendor & Vendor Staff,"18. Payment Visibility, Vendor Ledger & Transaction History",Entry Date Display/Filter Yes,P3 Finance,Not started
VS-FR-526,Vendor & Vendor Staff,"18. Payment Visibility, Vendor Ledger & Transaction History",Entry Type Display/Filter Yes,P3 Finance,Not started
VS-FR-527,Vendor & Vendor Staff,"18. Payment Visibility, Vendor Ledger & Transaction History",Reference Type Display Yes,P3 Finance,Not started
VS-FR-528,Vendor & Vendor Staff,"18. Payment Visibility, Vendor Ledger & Transaction History",Reference ID Display/Search Yes,P3 Finance,Not started
VS-FR-529,Vendor & Vendor Staff,"18. Payment Visibility, Vendor Ledger & Transaction History",Debit Currency Finance,P3 Finance,Not started
VS-FR-530,Vendor & Vendor Staff,"18. Payment Visibility, Vendor Ledger & Transaction History",Credit Currency Finance,P3 Finance,Not started
VS-FR-531,Vendor & Vendor Staff,"18. Payment Visibility, Vendor Ledger & Transaction History",Running Balance Currency Finance,P3 Finance,Not started
VS-FR-532,Vendor & Vendor Staff,"18. Payment Visibility, Vendor Ledger & Transaction History",Settlement Status Display/Filter Finance,P3 Finance,Not started
VS-FR-533,Vendor & Vendor Staff,"18. Payment Visibility, Vendor Ledger & Transaction History",Description Display Yes,P3 Finance,Not started
VS-FR-534,Vendor & Vendor Staff,"18. Payment Visibility, Vendor Ledger & Transaction History",Tax Component Display Conditional,P3 Finance,Not started
VS-FR-535,Vendor & Vendor Staff,"18. Payment Visibility, Vendor Ledger & Transaction History",Created By / Source Display Finance,P3 Finance,Not started
VS-FR-536,Vendor & Vendor Staff,"18. Payment Visibility, Vendor Ledger & Transaction History",View Entry Breakdown Finance View Show underlying calculation and linked source records.,P3 Finance,Not started
VS-FR-537,Vendor & Vendor Staff,"18. Payment Visibility, Vendor Ledger & Transaction History",Export Ledger Finance Export Export filtered ledger with stable IDs.,P3 Finance,Not started
VS-FR-538,Vendor & Vendor Staff,"18. Payment Visibility, Vendor Ledger & Transaction History",Download Transaction Statement Finance Export Generate period statement with opening/closing balances if supported.,P3 Finance,Not started
VS-FR-539,Vendor & Vendor Staff,"18. Payment Visibility, Vendor Ledger & Transaction History",Raise Ledger Dispute Finance/Support Create dispute tied to exact ledger entry.,P3 Finance,Not started
VS-FR-540,Vendor & Vendor Staff,"18. Payment Visibility, Vendor Ledger & Transaction History",View Customer Payment Status Order/Finance permission,P3 Finance,Not started
VS-FR-541,Vendor & Vendor Staff,"18. Payment Visibility, Vendor Ledger & Transaction History",Reconcile Order to Settlement Finance View Navigate from sale/refund entries to settlement inclusion.,P3 Finance,Not started
VS-FR-542,Vendor & Vendor Staff,"18. Payment Visibility, Vendor Ledger & Transaction History",Financial ledger entries shall be append-only from vendor perspective and never directly editable by vendor users.,P3 Finance,Not started
VS-FR-543,Vendor & Vendor Staff,"18. Payment Visibility, Vendor Ledger & Transaction History",Each financial entry must have a unique reference and traceable source calculation.,P3 Finance,Not started
VS-FR-544,Vendor & Vendor Staff,"18. Payment Visibility, Vendor Ledger & Transaction History","Currency rounding shall use a single configured rule consistently across orders, commissions, tax and settlements.",P3 Finance,Not started
VS-FR-545,Vendor & Vendor Staff,"18. Payment Visibility, Vendor Ledger & Transaction History",Corrections shall be represented as adjustment/reversal entries rather than silent historical edits.,P3 Finance,Not started
VS-FR-546,Vendor & Vendor Staff,"18. Payment Visibility, Vendor Ledger & Transaction History","Finance data shall be hidden or masked for staff without finance permissions. 19. Commission, Marketplace Fees & Charge Breakdown 19.1 Commission / Fee Detail Fields Req ID",P3 Finance,Not started
VS-FR-547,Vendor & Vendor Staff,"19. Commission, Marketplace Fees & Charge Breakdown",Order / Item Reference Display/Search Yes,P3 Finance,Not started
VS-FR-548,Vendor & Vendor Staff,"19. Commission, Marketplace Fees & Charge Breakdown",Gross Item Value Currency Finance,P3 Finance,Not started
VS-FR-549,Vendor & Vendor Staff,"19. Commission, Marketplace Fees & Charge Breakdown",Commission Plan Display Finance,P3 Finance,Not started
VS-FR-550,Vendor & Vendor Staff,"19. Commission, Marketplace Fees & Charge Breakdown",Commission Rate Percent/Display Finance,P3 Finance,Not started
VS-FR-551,Vendor & Vendor Staff,"19. Commission, Marketplace Fees & Charge Breakdown",Commission Amount Currency Finance,P3 Finance,Not started
VS-FR-552,Vendor & Vendor Staff,"19. Commission, Marketplace Fees & Charge Breakdown",Commission Tax Currency Conditional,P3 Finance,Not started
VS-FR-553,Vendor & Vendor Staff,"19. Commission, Marketplace Fees & Charge Breakdown",Shipping / Logistics Fee Currency Conditional,P3 Finance,Not started
VS-FR-554,Vendor & Vendor Staff,"19. Commission, Marketplace Fees & Charge Breakdown",Payment / Collection Fee Currency Conditional,P3 Finance,Not started
VS-FR-555,Vendor & Vendor Staff,"19. Commission, Marketplace Fees & Charge Breakdown",Promotion Contribution Currency Conditional,P3 Finance,Not started
VS-FR-556,Vendor & Vendor Staff,"19. Commission, Marketplace Fees & Charge Breakdown",Penalty / Adjustment Currency Conditional,P3 Finance,Not started
VS-FR-557,Vendor & Vendor Staff,"19. Commission, Marketplace Fees & Charge Breakdown",Net Vendor Earning Currency Finance,P3 Finance,Not started
VS-FR-558,Vendor & Vendor Staff,"19. Commission, Marketplace Fees & Charge Breakdown",Rule Effective Date Display Finance,P3 Finance,Not started
VS-FR-559,Vendor & Vendor Staff,"19. Commission, Marketplace Fees & Charge Breakdown",View Commission Breakdown Finance View Display calculation per order/item.,P3 Finance,Not started
VS-FR-560,Vendor & Vendor Staff,"19. Commission, Marketplace Fees & Charge Breakdown",Download Commercial Statement Finance Export Export commission/fees for selected period.,P3 Finance,Not started
VS-FR-561,Vendor & Vendor Staff,"19. Commission, Marketplace Fees & Charge Breakdown",View Current Plan Owner/Finance Show current vendor commercial rules and effective dates.,P3 Finance,Not started
VS-FR-562,Vendor & Vendor Staff,"19. Commission, Marketplace Fees & Charge Breakdown",View Plan History Owner/Finance Show historical rules relevant to prior orders.,P3 Finance,Not started
VS-FR-563,Vendor & Vendor Staff,"19. Commission, Marketplace Fees & Charge Breakdown",Raise Commission Dispute Owner/Finance/Support Open dispute against specific calculation entry.,P3 Finance,Not started
VS-FR-564,Vendor & Vendor Staff,"20. Settlements, Payouts & Bank Account Controls",Settlement ID Display/Search Yes,P3 Finance,Not started
VS-FR-565,Vendor & Vendor Staff,"20. Settlements, Payouts & Bank Account Controls",Settlement Period Display/Filter Yes,P3 Finance,Not started
VS-FR-566,Vendor & Vendor Staff,"20. Settlements, Payouts & Bank Account Controls",Gross Credits Currency Finance,P3 Finance,Not started
VS-FR-567,Vendor & Vendor Staff,"20. Settlements, Payouts & Bank Account Controls",Refunds / Reversals Currency Finance,P3 Finance,Not started
VS-FR-568,Vendor & Vendor Staff,"20. Settlements, Payouts & Bank Account Controls",Commission & Fees Currency Finance,P3 Finance,Not started
VS-FR-569,Vendor & Vendor Staff,"20. Settlements, Payouts & Bank Account Controls",Taxes / Withholding Currency Conditional,P3 Finance,Not started
VS-FR-570,Vendor & Vendor Staff,"20. Settlements, Payouts & Bank Account Controls",Other Adjustments Currency Conditional,P3 Finance,Not started
VS-FR-571,Vendor & Vendor Staff,"20. Settlements, Payouts & Bank Account Controls",Net Settlement Currency Finance,P3 Finance,Not started
VS-FR-572,Vendor & Vendor Staff,"20. Settlements, Payouts & Bank Account Controls",Payout Status Display/Filter Yes,P3 Finance,Not started
VS-FR-573,Vendor & Vendor Staff,"20. Settlements, Payouts & Bank Account Controls",Payout Date Display Conditional,P3 Finance,Not started
VS-FR-574,Vendor & Vendor Staff,"20. Settlements, Payouts & Bank Account Controls",Bank Account Masked Display Finance,P3 Finance,Not started
VS-FR-575,Vendor & Vendor Staff,"20. Settlements, Payouts & Bank Account Controls",Payout Reference / UTR Display/Search Conditional,P3 Finance,Not started
VS-FR-576,Vendor & Vendor Staff,"20. Settlements, Payouts & Bank Account Controls",Failure / Hold Reason Display Conditional,P3 Finance,Not started
VS-FR-577,Vendor & Vendor Staff,"20. Settlements, Payouts & Bank Account Controls",Statement PDF/CSV Download Finance,P3 Finance,Not started
VS-FR-578,Vendor & Vendor Staff,"20. Settlements, Payouts & Bank Account Controls",View Settlement Finance View Open component-level statement.,P3 Finance,Not started
VS-FR-579,Vendor & Vendor Staff,"20. Settlements, Payouts & Bank Account Controls",Download Statement Finance Export Download PDF/CSV with settlement lines.,P3 Finance,Not started
VS-FR-580,Vendor & Vendor Staff,"20. Settlements, Payouts & Bank Account Controls",Export Settlements Finance Export Export filtered settlements.,P3 Finance,Not started
VS-FR-581,Vendor & Vendor Staff,"20. Settlements, Payouts & Bank Account Controls",Track Failed Payout Finance View Show current resolution state and required vendor action.,P3 Finance,Not started
VS-FR-582,Vendor & Vendor Staff,"20. Settlements, Payouts & Bank Account Controls",Update Bank Account Owner only / Finance Admin,P3 Finance,Not started
VS-FR-583,Vendor & Vendor Staff,"20. Settlements, Payouts & Bank Account Controls",Raise Settlement Dispute Owner/Finance/Support Dispute specific settlement line or payout amount.,P3 Finance,Not started
VS-FR-584,Vendor & Vendor Staff,"20. Settlements, Payouts & Bank Account Controls",View Settlement Calendar Finance View Show configured cycle/expected dates.,P3 Finance,Not started
VS-FR-585,Vendor & Vendor Staff,"20. Settlements, Payouts & Bank Account Controls","View Held Amounts Finance View Show amount, reason and release condition/date where permitted.",P3 Finance,Not started
VS-FR-586,Vendor & Vendor Staff,"20. Settlements, Payouts & Bank Account Controls",Step 1 Authorized Vendor Owner opens bank account settings and completes step-up authentication.,P3 Finance,Not started
VS-FR-587,Vendor & Vendor Staff,"20. Settlements, Payouts & Bank Account Controls",Step 2 Owner enters new beneficiary details and confirmation fields plus supporting proof if required.,P3 Finance,Not started
VS-FR-588,Vendor & Vendor Staff,"20. Settlements, Payouts & Bank Account Controls",Step 3 System validates format and submits details to verification provider/platform workflow.,P3 Finance,Not started
VS-FR-589,Vendor & Vendor Staff,"20. Settlements, Payouts & Bank Account Controls",Step 4 New account remains Pending Verification and current verified account remains identified according to payout policy.,P3 Finance,Not started
VS-FR-590,Vendor & Vendor Staff,"20. Settlements, Payouts & Bank Account Controls","Step 5 On successful verification, account becomes eligible for future payouts after any security cooling period.",P3 Finance,Not started
VS-FR-591,Vendor & Vendor Staff,"20. Settlements, Payouts & Bank Account Controls","Step 6 Owner and relevant security contacts receive confirmation; old/new values are masked in audit history. 21. Vendor Promotions, Discounts & Offer Participation",P3 Finance,Not started
VS-FR-592,Vendor & Vendor Staff,"21. Vendor Promotions, Discounts & Offer Participation",Promotion Name Text Yes,P4 Growth & Control,Not started
VS-FR-593,Vendor & Vendor Staff,"21. Vendor Promotions, Discounts & Offer Participation",Promotion Type Dropdown Yes,P4 Growth & Control,Not started
VS-FR-594,Vendor & Vendor Staff,"21. Vendor Promotions, Discounts & Offer Participation",Products / SKUs Multi-select Yes,P4 Growth & Control,Not started
VS-FR-595,Vendor & Vendor Staff,"21. Vendor Promotions, Discounts & Offer Participation",Discount Value Number/Currency Yes,P4 Growth & Control,Not started
VS-FR-596,Vendor & Vendor Staff,"21. Vendor Promotions, Discounts & Offer Participation",Minimum Cart / Quantity Number No,P4 Growth & Control,Not started
VS-FR-597,Vendor & Vendor Staff,"21. Vendor Promotions, Discounts & Offer Participation",Maximum Discount Currency Conditional,P4 Growth & Control,Not started
VS-FR-598,Vendor & Vendor Staff,"21. Vendor Promotions, Discounts & Offer Participation",Start Date & Time DateTime Yes,P4 Growth & Control,Not started
VS-FR-599,Vendor & Vendor Staff,"21. Vendor Promotions, Discounts & Offer Participation",End Date & Time DateTime Yes,P4 Growth & Control,Not started
VS-FR-600,Vendor & Vendor Staff,"21. Vendor Promotions, Discounts & Offer Participation",Usage Limit Integer No,P4 Growth & Control,Not started
VS-FR-601,Vendor & Vendor Staff,"21. Vendor Promotions, Discounts & Offer Participation",Customer Limit Integer No,P4 Growth & Control,Not started
VS-FR-602,Vendor & Vendor Staff,"21. Vendor Promotions, Discounts & Offer Participation",Funding Type Display Yes,P4 Growth & Control,Not started
VS-FR-603,Vendor & Vendor Staff,"21. Vendor Promotions, Discounts & Offer Participation",Estimated Cost Impact Calculated No,P4 Growth & Control,Not started
VS-FR-604,Vendor & Vendor Staff,"21. Vendor Promotions, Discounts & Offer Participation",Terms Acknowledgement Checkbox Conditional,P4 Growth & Control,Not started
VS-FR-605,Vendor & Vendor Staff,"21. Vendor Promotions, Discounts & Offer Participation",Submit Promotion Button Yes,P4 Growth & Control,Not started
VS-FR-606,Vendor & Vendor Staff,"21. Vendor Promotions, Discounts & Offer Participation",Save Draft Promotion Create Save without activating.,P4 Growth & Control,Not started
VS-FR-607,Vendor & Vendor Staff,"21. Vendor Promotions, Discounts & Offer Participation",Submit for Approval Promotion Submit Validate and submit if platform moderation required.,P4 Growth & Control,Not started
VS-FR-608,Vendor & Vendor Staff,"21. Vendor Promotions, Discounts & Offer Participation",Activate Promotion Manage Activate approved eligible promotion at valid time.,P4 Growth & Control,Not started
VS-FR-609,Vendor & Vendor Staff,"21. Vendor Promotions, Discounts & Offer Participation",Pause Promotion Manage Pause future qualification; preserve historical redemptions.,P4 Growth & Control,Not started
VS-FR-610,Vendor & Vendor Staff,"21. Vendor Promotions, Discounts & Offer Participation",End Early Promotion Manage Require confirmation and enforce customer/order commitments already placed.,P4 Growth & Control,Not started
VS-FR-611,Vendor & Vendor Staff,"21. Vendor Promotions, Discounts & Offer Participation",Duplicate Promotion Promotion Create Copy setup into new draft with new dates/identifier.,P4 Growth & Control,Not started
VS-FR-612,Vendor & Vendor Staff,"21. Vendor Promotions, Discounts & Offer Participation","View Performance Analytics permission Show vendor-only redemption, sales and contribution metrics.",P4 Growth & Control,Not started
VS-FR-613,Vendor & Vendor Staff,"21. Vendor Promotions, Discounts & Offer Participation",Export Performance Analytics Export Export promotion performance data.,P4 Growth & Control,Not started
VS-FR-614,Vendor & Vendor Staff,"21. Vendor Promotions, Discounts & Offer Participation",Join Marketplace Campaign Promotion Manage Accept invitation and select eligible products/discount contribution.,P4 Growth & Control,Not started
VS-FR-615,Vendor & Vendor Staff,"21. Vendor Promotions, Discounts & Offer Participation",Leave Campaign Promotion Manage Allow only before applicable cutoff and according to campaign terms.,P4 Growth & Control,Not started
VS-FR-616,Vendor & Vendor Staff,"22. Ratings, Reviews & Customer Questions",Review ID Display/Search Yes,P4 Growth & Control,Not started
VS-FR-617,Vendor & Vendor Staff,"22. Ratings, Reviews & Customer Questions",Product Display/Filter Yes,P4 Growth & Control,Not started
VS-FR-618,Vendor & Vendor Staff,"22. Ratings, Reviews & Customer Questions",Rating Display/Filter Yes,P4 Growth & Control,Not started
VS-FR-619,Vendor & Vendor Staff,"22. Ratings, Reviews & Customer Questions",Review Text Display Conditional,P4 Growth & Control,Not started
VS-FR-620,Vendor & Vendor Staff,"22. Ratings, Reviews & Customer Questions",Review Media Display Conditional,P4 Growth & Control,Not started
VS-FR-621,Vendor & Vendor Staff,"22. Ratings, Reviews & Customer Questions",Review Date Display/Filter Yes,P4 Growth & Control,Not started
VS-FR-622,Vendor & Vendor Staff,"22. Ratings, Reviews & Customer Questions",Moderation Status Display Conditional,P4 Growth & Control,Not started
VS-FR-623,Vendor & Vendor Staff,"22. Ratings, Reviews & Customer Questions",Vendor Response Display Conditional,P4 Growth & Control,Not started
VS-FR-624,Vendor & Vendor Staff,"22. Ratings, Reviews & Customer Questions",Response Status Display Conditional,P4 Growth & Control,Not started
VS-FR-625,Vendor & Vendor Staff,"22. Ratings, Reviews & Customer Questions",Report Status Display Conditional,P4 Growth & Control,Not started
VS-FR-626,Vendor & Vendor Staff,"22. Ratings, Reviews & Customer Questions",Respond to Review Review Respond permission,P4 Growth & Control,Not started
VS-FR-627,Vendor & Vendor Staff,"22. Ratings, Reviews & Customer Questions",Edit Response Review Respond permission,P4 Growth & Control,Not started
VS-FR-628,Vendor & Vendor Staff,"22. Ratings, Reviews & Customer Questions",Delete Own Response Review Respond permission,P4 Growth & Control,Not started
VS-FR-629,Vendor & Vendor Staff,"22. Ratings, Reviews & Customer Questions",Report Review Review Report permission,P4 Growth & Control,Not started
VS-FR-630,Vendor & Vendor Staff,"22. Ratings, Reviews & Customer Questions",View Product Questions Q&A View List customer questions for vendor products.,P4 Growth & Control,Not started
VS-FR-631,Vendor & Vendor Staff,"22. Ratings, Reviews & Customer Questions",Answer Question Q&A Respond Publish answer subject to moderation/content rules.,P4 Growth & Control,Not started
VS-FR-632,Vendor & Vendor Staff,"22. Ratings, Reviews & Customer Questions",Report Question Q&A Report Flag prohibited/spam content for platform review.,P4 Growth & Control,Not started
VS-FR-633,Vendor & Vendor Staff,"22. Ratings, Reviews & Customer Questions",Export Review Insights Analytics Export Export vendor product review metrics without unnecessary customer PII.,P4 Growth & Control,Not started
VS-FR-634,Vendor & Vendor Staff,23. Customer Communication & Order Messaging,Conversation / Order Select/Display Yes,P1 Marketplace MVP,Not started
VS-FR-635,Vendor & Vendor Staff,23. Customer Communication & Order Messaging,Recipient Display Yes,P1 Marketplace MVP,Not started
VS-FR-636,Vendor & Vendor Staff,23. Customer Communication & Order Messaging,Message Category Dropdown Yes,P1 Marketplace MVP,Not started
VS-FR-637,Vendor & Vendor Staff,23. Customer Communication & Order Messaging,Message Text Area Yes,P1 Marketplace MVP,Not started
VS-FR-638,Vendor & Vendor Staff,23. Customer Communication & Order Messaging,Attachment File Upload No,P1 Marketplace MVP,Not started
VS-FR-639,Vendor & Vendor Staff,23. Customer Communication & Order Messaging,Send Button Yes,P1 Marketplace MVP,Not started
VS-FR-640,Vendor & Vendor Staff,23. Customer Communication & Order Messaging,Reply Communication permission,P1 Marketplace MVP,Not started
VS-FR-641,Vendor & Vendor Staff,23. Customer Communication & Order Messaging,Send Order Message Communication permission,P1 Marketplace MVP,Not started
VS-FR-642,Vendor & Vendor Staff,23. Customer Communication & Order Messaging,Attach File Communication permission,P1 Marketplace MVP,Not started
VS-FR-643,Vendor & Vendor Staff,23. Customer Communication & Order Messaging,Mark Resolved Communication permission,P1 Marketplace MVP,Not started
VS-FR-644,Vendor & Vendor Staff,23. Customer Communication & Order Messaging,Report Abuse All authorized Escalate inappropriate communication to platform support.,P1 Marketplace MVP,Not started
VS-FR-645,Vendor & Vendor Staff,23. Customer Communication & Order Messaging,Search Conversations Communication View Search vendor conversations by order/customer/message text within retention,P1 Marketplace MVP,Not started
VS-FR-646,Vendor & Vendor Staff,23. Customer Communication & Order Messaging,View Delivery Status Communication View Show sent/delivered/failed where channel supports.,P1 Marketplace MVP,Not started
VS-FR-647,Vendor & Vendor Staff,23. Customer Communication & Order Messaging,Export Conversation Restricted Only if platform policy permits; log access due to PII.,P1 Marketplace MVP,Not started
VS-FR-648,Vendor & Vendor Staff,23. Customer Communication & Order Messaging,Vendor communication shall use platform-approved channels and must not expose direct contact details when marketplace policy prohibits it.,P1 Marketplace MVP,Not started
VS-FR-649,Vendor & Vendor Staff,23. Customer Communication & Order Messaging,All messages shall be retained according to support/legal retention policy and linked to vendor/account actor.,P1 Marketplace MVP,Not started
VS-FR-650,Vendor & Vendor Staff,23. Customer Communication & Order Messaging,Staff access to conversations may be restricted by order/location assignment or role.,P1 Marketplace MVP,Not started
VS-FR-651,Vendor & Vendor Staff,23. Customer Communication & Order Messaging,Automated templates must clearly distinguish vendor-generated content from platform system notifications.,P1 Marketplace MVP,Not started
VS-FR-652,Vendor & Vendor Staff,23. Customer Communication & Order Messaging,Deleted/withdrawn attachments must remain traceable in audit metadata where legally required. Shopeye • Confidential • Vendor & Vendor Staff Web SRS v1.0 • 26,P1 Marketplace MVP,Not started
VS-FR-653,Vendor & Vendor Staff,"24. Vendor Support, Tickets, Claims & Disputes",Category Dropdown Yes,P2 Fulfilment & Ops,Not started
VS-FR-654,Vendor & Vendor Staff,"24. Vendor Support, Tickets, Claims & Disputes",Subcategory Dropdown Conditional,P2 Fulfilment & Ops,Not started
VS-FR-655,Vendor & Vendor Staff,"24. Vendor Support, Tickets, Claims & Disputes",Related Record Type Dropdown No,P2 Fulfilment & Ops,Not started
VS-FR-656,Vendor & Vendor Staff,"24. Vendor Support, Tickets, Claims & Disputes",Related Record ID Search/Select Conditional,P2 Fulfilment & Ops,Not started
VS-FR-657,Vendor & Vendor Staff,"24. Vendor Support, Tickets, Claims & Disputes",Subject Text Yes,P2 Fulfilment & Ops,Not started
VS-FR-658,Vendor & Vendor Staff,"24. Vendor Support, Tickets, Claims & Disputes",Description Text Area Yes,P2 Fulfilment & Ops,Not started
VS-FR-659,Vendor & Vendor Staff,"24. Vendor Support, Tickets, Claims & Disputes",Priority Display/Select Conditional,P2 Fulfilment & Ops,Not started
VS-FR-660,Vendor & Vendor Staff,"24. Vendor Support, Tickets, Claims & Disputes",Attachments Multi File No,P2 Fulfilment & Ops,Not started
VS-FR-661,Vendor & Vendor Staff,"24. Vendor Support, Tickets, Claims & Disputes",Contact Preference Dropdown No,P2 Fulfilment & Ops,Not started
VS-FR-662,Vendor & Vendor Staff,"24. Vendor Support, Tickets, Claims & Disputes",Submit Ticket Button Yes,P2 Fulfilment & Ops,Not started
VS-FR-663,Vendor & Vendor Staff,"24. Vendor Support, Tickets, Claims & Disputes",Reply to Ticket Support Access Append message/evidence.,P2 Fulfilment & Ops,Not started
VS-FR-664,Vendor & Vendor Staff,"24. Vendor Support, Tickets, Claims & Disputes",Add Attachment Support Access Attach evidence with audit.,P2 Fulfilment & Ops,Not started
VS-FR-665,Vendor & Vendor Staff,"24. Vendor Support, Tickets, Claims & Disputes","Close Ticket Support Access Allow vendor closure when issue resolved, subject to policy.",P2 Fulfilment & Ops,Not started
VS-FR-666,Vendor & Vendor Staff,"24. Vendor Support, Tickets, Claims & Disputes",Reopen Ticket Support Access Allow within configured window/status.,P2 Fulfilment & Ops,Not started
VS-FR-667,Vendor & Vendor Staff,"24. Vendor Support, Tickets, Claims & Disputes",Escalate Ticket Owner/Support Lead Request escalation only where escalation criteria are met.,P2 Fulfilment & Ops,Not started
VS-FR-668,Vendor & Vendor Staff,"24. Vendor Support, Tickets, Claims & Disputes",Rate Support Ticket creator/Owner Capture post-resolution feedback.,P2 Fulfilment & Ops,Not started
VS-FR-669,Vendor & Vendor Staff,"24. Vendor Support, Tickets, Claims & Disputes",Search Tickets Support View Search/filter vendor tickets.,P2 Fulfilment & Ops,Not started
VS-FR-670,Vendor & Vendor Staff,"24. Vendor Support, Tickets, Claims & Disputes",Export Tickets Support Export Export vendor ticket metadata/messages if allowed.,P2 Fulfilment & Ops,Not started
VS-FR-671,Vendor & Vendor Staff,"24. Vendor Support, Tickets, Claims & Disputes",Raise Settlement Dispute Finance/Support Open pre-populated finance dispute from settlement entry.,P2 Fulfilment & Ops,Not started
VS-FR-672,Vendor & Vendor Staff,"24. Vendor Support, Tickets, Claims & Disputes",Raise Logistics Claim Logistics/Support Open claim linked to shipment and evidence.,P2 Fulfilment & Ops,Not started
VS-FR-673,Vendor & Vendor Staff,"25. Vendor Notifications, Alerts & Preferences",Event Type Display Yes,P1 Marketplace MVP,Not started
VS-FR-674,Vendor & Vendor Staff,"25. Vendor Notifications, Alerts & Preferences",In-App Toggle Conditional,P1 Marketplace MVP,Not started
VS-FR-675,Vendor & Vendor Staff,"25. Vendor Notifications, Alerts & Preferences",Email Toggle No,P1 Marketplace MVP,Not started
VS-FR-676,Vendor & Vendor Staff,"25. Vendor Notifications, Alerts & Preferences",SMS Toggle No,P1 Marketplace MVP,Not started
VS-FR-677,Vendor & Vendor Staff,"25. Vendor Notifications, Alerts & Preferences",WhatsApp Toggle No,P1 Marketplace MVP,Not started
VS-FR-678,Vendor & Vendor Staff,"25. Vendor Notifications, Alerts & Preferences",Digest Frequency Dropdown No,P1 Marketplace MVP,Not started
VS-FR-679,Vendor & Vendor Staff,"25. Vendor Notifications, Alerts & Preferences",Quiet Hours Time Range No,P1 Marketplace MVP,Not started
VS-FR-680,Vendor & Vendor Staff,"25. Vendor Notifications, Alerts & Preferences",Recipient Group Select Conditional,P1 Marketplace MVP,Not started
VS-FR-681,Vendor & Vendor Staff,"25. Vendor Notifications, Alerts & Preferences",Mark Read All users Mark selected notification read.,P1 Marketplace MVP,Not started
VS-FR-682,Vendor & Vendor Staff,"25. Vendor Notifications, Alerts & Preferences",Mark All Read All users Mark authorized notification feed read.,P1 Marketplace MVP,Not started
VS-FR-683,Vendor & Vendor Staff,"25. Vendor Notifications, Alerts & Preferences",Open Related Record All users Deep-link only if user still has permission.,P1 Marketplace MVP,Not started
VS-FR-684,Vendor & Vendor Staff,"25. Vendor Notifications, Alerts & Preferences",Archive Notification All users Hide from active list without deleting audit-critical event.,P1 Marketplace MVP,Not started
VS-FR-685,Vendor & Vendor Staff,"25. Vendor Notifications, Alerts & Preferences",Filter Notifications All users Filter by type/read status/date.,P1 Marketplace MVP,Not started
VS-FR-686,Vendor & Vendor Staff,"25. Vendor Notifications, Alerts & Preferences",Update Preferences Own profile / Owner org settings,P1 Marketplace MVP,Not started
VS-FR-687,Vendor & Vendor Staff,"25. Vendor Notifications, Alerts & Preferences",Test Notification Owner/Settings permission,P1 Marketplace MVP,Not started
VS-FR-688,Vendor & Vendor Staff,"26. Warehouses, Pickup Locations & Return Addresses",Location Name Text Yes,P2 Fulfilment & Ops,Not started
VS-FR-689,Vendor & Vendor Staff,"26. Warehouses, Pickup Locations & Return Addresses",Location Code Text No,P2 Fulfilment & Ops,Not started
VS-FR-690,Vendor & Vendor Staff,"26. Warehouses, Pickup Locations & Return Addresses",Location Type Dropdown Yes,P2 Fulfilment & Ops,Not started
VS-FR-691,Vendor & Vendor Staff,"26. Warehouses, Pickup Locations & Return Addresses",Contact Person Text Yes,P2 Fulfilment & Ops,Not started
VS-FR-692,Vendor & Vendor Staff,"26. Warehouses, Pickup Locations & Return Addresses",Contact Mobile Phone Yes,P2 Fulfilment & Ops,Not started
VS-FR-693,Vendor & Vendor Staff,"26. Warehouses, Pickup Locations & Return Addresses",Email Email No,P2 Fulfilment & Ops,Not started
VS-FR-694,Vendor & Vendor Staff,"26. Warehouses, Pickup Locations & Return Addresses",Address Line 1 Text Yes,P2 Fulfilment & Ops,Not started
VS-FR-695,Vendor & Vendor Staff,"26. Warehouses, Pickup Locations & Return Addresses",Address Line 2 Text No,P2 Fulfilment & Ops,Not started
VS-FR-696,Vendor & Vendor Staff,"26. Warehouses, Pickup Locations & Return Addresses",Landmark Text No,P2 Fulfilment & Ops,Not started
VS-FR-697,Vendor & Vendor Staff,"26. Warehouses, Pickup Locations & Return Addresses",Country Dropdown Yes,P2 Fulfilment & Ops,Not started
VS-FR-698,Vendor & Vendor Staff,"26. Warehouses, Pickup Locations & Return Addresses",State Dropdown/Text Yes,P2 Fulfilment & Ops,Not started
VS-FR-699,Vendor & Vendor Staff,"26. Warehouses, Pickup Locations & Return Addresses",City Text/Dropdown Yes,P2 Fulfilment & Ops,Not started
VS-FR-700,Vendor & Vendor Staff,"26. Warehouses, Pickup Locations & Return Addresses",Postal / PIN Code Text Yes,P2 Fulfilment & Ops,Not started
VS-FR-701,Vendor & Vendor Staff,"26. Warehouses, Pickup Locations & Return Addresses",Pickup Enabled Toggle Yes,P2 Fulfilment & Ops,Not started
VS-FR-702,Vendor & Vendor Staff,"26. Warehouses, Pickup Locations & Return Addresses",Returns Enabled Toggle Yes,P2 Fulfilment & Ops,Not started
VS-FR-703,Vendor & Vendor Staff,"26. Warehouses, Pickup Locations & Return Addresses",Default Pickup Toggle No,P2 Fulfilment & Ops,Not started
VS-FR-704,Vendor & Vendor Staff,"26. Warehouses, Pickup Locations & Return Addresses",Default Return Toggle No,P2 Fulfilment & Ops,Not started
VS-FR-705,Vendor & Vendor Staff,"26. Warehouses, Pickup Locations & Return Addresses",Operating Days Multi-select No,P2 Fulfilment & Ops,Not started
VS-FR-706,Vendor & Vendor Staff,"26. Warehouses, Pickup Locations & Return Addresses",Cut-off Time Time No,P2 Fulfilment & Ops,Not started
VS-FR-707,Vendor & Vendor Staff,"26. Warehouses, Pickup Locations & Return Addresses",Status Toggle Yes,P2 Fulfilment & Ops,Not started
VS-FR-708,Vendor & Vendor Staff,"26. Warehouses, Pickup Locations & Return Addresses",Add Location Location Manage Create new vendor location subject to verification/serviceability.,P2 Fulfilment & Ops,Not started
VS-FR-709,Vendor & Vendor Staff,"26. Warehouses, Pickup Locations & Return Addresses",Edit Location Location Manage Update editable operational data; address changes may require carrier,P2 Fulfilment & Ops,Not started
VS-FR-710,Vendor & Vendor Staff,"26. Warehouses, Pickup Locations & Return Addresses",Set Default Pickup Location Manage Ensure single active default.,P2 Fulfilment & Ops,Not started
VS-FR-711,Vendor & Vendor Staff,"26. Warehouses, Pickup Locations & Return Addresses",Set Default Return Location Manage Ensure single active default.,P2 Fulfilment & Ops,Not started
VS-FR-712,Vendor & Vendor Staff,"26. Warehouses, Pickup Locations & Return Addresses",Disable Location Location Manage Block future assignment after checking open orders/shipments.,P2 Fulfilment & Ops,Not started
VS-FR-713,Vendor & Vendor Staff,"26. Warehouses, Pickup Locations & Return Addresses",Delete Location Location Manage Allow only unused draft location; otherwise deactivate to preserve history.,P2 Fulfilment & Ops,Not started
VS-FR-714,Vendor & Vendor Staff,"26. Warehouses, Pickup Locations & Return Addresses",Check Serviceability Location Manage Validate pickup support with active logistics configuration.,P2 Fulfilment & Ops,Not started
VS-FR-715,Vendor & Vendor Staff,"26. Warehouses, Pickup Locations & Return Addresses",Assign Staff Staff/Location Manage Map permitted staff to location scope.,P2 Fulfilment & Ops,Not started
VS-FR-716,Vendor & Vendor Staff,27. Vendor Shipping Preferences & Serviceability,Fulfilment Mode Display/Select Conditional,P2 Fulfilment & Ops,Not started
VS-FR-717,Vendor & Vendor Staff,27. Vendor Shipping Preferences & Serviceability,Default Pickup Location Select Yes,P2 Fulfilment & Ops,Not started
VS-FR-718,Vendor & Vendor Staff,27. Vendor Shipping Preferences & Serviceability,Default Package Unit Dropdown Yes,P2 Fulfilment & Ops,Not started
VS-FR-719,Vendor & Vendor Staff,27. Vendor Shipping Preferences & Serviceability,Handling Time Default Number + Unit Yes,P2 Fulfilment & Ops,Not started
VS-FR-720,Vendor & Vendor Staff,27. Vendor Shipping Preferences & Serviceability,Self-Ship Carrier List Multi-select Conditional,P2 Fulfilment & Ops,Not started
VS-FR-721,Vendor & Vendor Staff,27. Vendor Shipping Preferences & Serviceability,Free Shipping Participation Toggle Conditional,P2 Fulfilment & Ops,Not started
VS-FR-722,Vendor & Vendor Staff,27. Vendor Shipping Preferences & Serviceability,Shipping Charge Contribution Currency/Rule Conditional,P2 Fulfilment & Ops,Not started
VS-FR-723,Vendor & Vendor Staff,27. Vendor Shipping Preferences & Serviceability,Restricted Regions Multi-select No,P2 Fulfilment & Ops,Not started
VS-FR-724,Vendor & Vendor Staff,27. Vendor Shipping Preferences & Serviceability,COD Eligibility Display/Toggle Conditional,P2 Fulfilment & Ops,Not started
VS-FR-725,Vendor & Vendor Staff,27. Vendor Shipping Preferences & Serviceability,Dangerous / Special Handling Flag Product/Setting Conditional,P2 Fulfilment & Ops,Not started
VS-FR-726,Vendor & Vendor Staff,27. Vendor Shipping Preferences & Serviceability,Vendor shall not override marketplace-wide serviceability or carrier restrictions beyond allowed vendor settings.,P2 Fulfilment & Ops,Not started
VS-FR-727,Vendor & Vendor Staff,27. Vendor Shipping Preferences & Serviceability,Self-ship eligibility must be validated before allowing manual tracking/carrier entry.,P2 Fulfilment & Ops,Not started
VS-FR-728,Vendor & Vendor Staff,27. Vendor Shipping Preferences & Serviceability,Changes to fulfilment mode shall not alter already-created shipments unless an explicit migration workflow exists.,P2 Fulfilment & Ops,Not started
VS-FR-729,Vendor & Vendor Staff,27. Vendor Shipping Preferences & Serviceability,Handling times must feed promised dispatch calculations consistently.,P2 Fulfilment & Ops,Not started
VS-FR-730,Vendor & Vendor Staff,27. Vendor Shipping Preferences & Serviceability,Shipping preferences that affect customer charges must follow marketplace approval/price-display rules. 28. Vendor Reports & Analytics 28.1 Standard Report Filters Req ID,P2 Fulfilment & Ops,Not started
VS-FR-731,Vendor & Vendor Staff,28. Vendor Reports & Analytics,Date Range Date Range Yes,P4 Growth & Control,Not started
VS-FR-732,Vendor & Vendor Staff,28. Vendor Reports & Analytics,Order Status Multi-select No,P4 Growth & Control,Not started
VS-FR-733,Vendor & Vendor Staff,28. Vendor Reports & Analytics,Product / SKU Search/Multi-select No,P4 Growth & Control,Not started
VS-FR-734,Vendor & Vendor Staff,28. Vendor Reports & Analytics,Category Multi-select No,P4 Growth & Control,Not started
VS-FR-735,Vendor & Vendor Staff,28. Vendor Reports & Analytics,Location Multi-select No,P4 Growth & Control,Not started
VS-FR-736,Vendor & Vendor Staff,28. Vendor Reports & Analytics,Payment Mode Multi-select No,P4 Growth & Control,Not started
VS-FR-737,Vendor & Vendor Staff,28. Vendor Reports & Analytics,Settlement Status Multi-select No,P4 Growth & Control,Not started
VS-FR-738,Vendor & Vendor Staff,28. Vendor Reports & Analytics,Return Reason Multi-select No,P4 Growth & Control,Not started
VS-FR-739,Vendor & Vendor Staff,28. Vendor Reports & Analytics,Staff User Multi-select No,P4 Growth & Control,Not started
VS-FR-740,Vendor & Vendor Staff,28. Vendor Reports & Analytics,Group By Dropdown No,P4 Growth & Control,Not started
VS-FR-741,Vendor & Vendor Staff,28. Vendor Reports & Analytics,"Sales Summary Analytics View Revenue, orders, units, AOV and trend.",P4 Growth & Control,Not started
VS-FR-742,Vendor & Vendor Staff,28. Vendor Reports & Analytics,"Product Performance Analytics View Sales, units, returns, conversion metrics if available.",P4 Growth & Control,Not started
VS-FR-743,Vendor & Vendor Staff,28. Vendor Reports & Analytics,"Inventory Report Inventory Analytics Stock, low stock, stock ageing if supported.",P4 Growth & Control,Not started
VS-FR-744,Vendor & Vendor Staff,28. Vendor Reports & Analytics,Order SLA Report Fulfilment Analytics Acceptance/packing/dispatch SLA performance.,P4 Growth & Control,Not started
VS-FR-745,Vendor & Vendor Staff,28. Vendor Reports & Analytics,"Cancellation Report Order Analytics Cancellation volume, source and reasons.",P4 Growth & Control,Not started
VS-FR-746,Vendor & Vendor Staff,28. Vendor Reports & Analytics,"Returns Report Return Analytics Return rate, reasons, QC outcomes.",P4 Growth & Control,Not started
VS-FR-747,Vendor & Vendor Staff,28. Vendor Reports & Analytics,Refund Report Finance Analytics Refund amounts/status/vendor liability.,P4 Growth & Control,Not started
VS-FR-748,Vendor & Vendor Staff,28. Vendor Reports & Analytics,"Commission & Fee Report Finance Analytics Commission, taxes, logistics and other fees.",P4 Growth & Control,Not started
VS-FR-749,Vendor & Vendor Staff,28. Vendor Reports & Analytics,"Settlement Report Finance Analytics Settlement cycles, paid/held/failed amounts.",P4 Growth & Control,Not started
VS-FR-750,Vendor & Vendor Staff,28. Vendor Reports & Analytics,Tax / Invoice Register Finance/Tax Invoice/credit note tax register.,P4 Growth & Control,Not started
VS-FR-751,Vendor & Vendor Staff,28. Vendor Reports & Analytics,"Promotion Performance Promotion Analytics Sales uplift, redemptions, vendor contribution.",P4 Growth & Control,Not started
VS-FR-752,Vendor & Vendor Staff,28. Vendor Reports & Analytics,Staff Activity Report Owner/Audit Actions by staff user/module/date.,P4 Growth & Control,Not started
VS-FR-753,Vendor & Vendor Staff,28. Vendor Reports & Analytics,Export Report Report Export Export only report data user can view; log export.,P4 Growth & Control,Not started
VS-FR-754,Vendor & Vendor Staff,28. Vendor Reports & Analytics,Schedule Report Owner/Analytics permission,P4 Growth & Control,Not started
VS-FR-755,Vendor & Vendor Staff,28. Vendor Reports & Analytics,Report metrics shall use documented definitions and stable timezone/currency.,P4 Growth & Control,Not started
VS-FR-756,Vendor & Vendor Staff,28. Vendor Reports & Analytics,Financial reports must reconcile to ledger/settlement source data within defined timing windows.,P4 Growth & Control,Not started
VS-FR-757,Vendor & Vendor Staff,28. Vendor Reports & Analytics,Large reports shall run asynchronously and provide job status/download expiry.,P4 Growth & Control,Not started
VS-FR-758,Vendor & Vendor Staff,28. Vendor Reports & Analytics,Reports shall not contain other vendors’ benchmarks unless platform intentionally publishes anonymized marketplace metrics.,P4 Growth & Control,Not started
VS-FR-759,Vendor & Vendor Staff,28. Vendor Reports & Analytics,Exported PII shall be minimized and permission-controlled. Shopeye • Confidential • Vendor & Vendor Staff Web SRS v1.0 • 30,P4 Growth & Control,Not started
VS-FR-760,Vendor & Vendor Staff,"29. Vendor Documents, Compliance Renewals & Agreements",Document Type Dropdown Yes,P1 Marketplace MVP,Not started
VS-FR-761,Vendor & Vendor Staff,"29. Vendor Documents, Compliance Renewals & Agreements",Document Number Text Conditional,P1 Marketplace MVP,Not started
VS-FR-762,Vendor & Vendor Staff,"29. Vendor Documents, Compliance Renewals & Agreements",Issue Date Date No,P1 Marketplace MVP,Not started
VS-FR-763,Vendor & Vendor Staff,"29. Vendor Documents, Compliance Renewals & Agreements",Expiry Date Date Conditional,P1 Marketplace MVP,Not started
VS-FR-764,Vendor & Vendor Staff,"29. Vendor Documents, Compliance Renewals & Agreements",File Upload Yes,P1 Marketplace MVP,Not started
VS-FR-765,Vendor & Vendor Staff,"29. Vendor Documents, Compliance Renewals & Agreements",Verification Status Display Yes,P1 Marketplace MVP,Not started
VS-FR-766,Vendor & Vendor Staff,"29. Vendor Documents, Compliance Renewals & Agreements",Rejection Reason Display Conditional,P1 Marketplace MVP,Not started
VS-FR-767,Vendor & Vendor Staff,"29. Vendor Documents, Compliance Renewals & Agreements",Uploaded By Display Yes,P1 Marketplace MVP,Not started
VS-FR-768,Vendor & Vendor Staff,"29. Vendor Documents, Compliance Renewals & Agreements",Uploaded On Display Yes,P1 Marketplace MVP,Not started
VS-FR-769,Vendor & Vendor Staff,"29. Vendor Documents, Compliance Renewals & Agreements",Version Display Yes,P1 Marketplace MVP,Not started
VS-FR-770,Vendor & Vendor Staff,"29. Vendor Documents, Compliance Renewals & Agreements",Upload Document Compliance Manage Add required document.,P1 Marketplace MVP,Not started
VS-FR-771,Vendor & Vendor Staff,"29. Vendor Documents, Compliance Renewals & Agreements",Replace Expired/Rejected Document Compliance Manage Create new version; do not destroy historical verified copy.,P1 Marketplace MVP,Not started
VS-FR-772,Vendor & Vendor Staff,"29. Vendor Documents, Compliance Renewals & Agreements",Download Own Document Compliance View Secure download with permission check.,P1 Marketplace MVP,Not started
VS-FR-773,Vendor & Vendor Staff,"29. Vendor Documents, Compliance Renewals & Agreements",View Verification Status Compliance View Show current status and required action.,P1 Marketplace MVP,Not started
VS-FR-774,Vendor & Vendor Staff,"29. Vendor Documents, Compliance Renewals & Agreements",Acknowledge Agreement Owner only Accept current marketplace/vendor agreement version with timestamp.,P1 Marketplace MVP,Not started
VS-FR-775,Vendor & Vendor Staff,"29. Vendor Documents, Compliance Renewals & Agreements",Download Agreement Owner/Compliance View,P1 Marketplace MVP,Not started
VS-FR-776,Vendor & Vendor Staff,"29. Vendor Documents, Compliance Renewals & Agreements",View Expiry Alerts Owner/Compliance View,P1 Marketplace MVP,Not started
VS-FR-777,Vendor & Vendor Staff,"29. Vendor Documents, Compliance Renewals & Agreements",Request Clarification Support Open support case linked to compliance item.,P1 Marketplace MVP,Not started
VS-FR-778,Vendor & Vendor Staff,"30. My Profile, Password, MFA & Device Management",Full Name Text Yes,P0 Foundation,Not started
VS-FR-779,Vendor & Vendor Staff,"30. My Profile, Password, MFA & Device Management",Email Email Yes,P0 Foundation,Not started
VS-FR-780,Vendor & Vendor Staff,"30. My Profile, Password, MFA & Device Management",Mobile Phone Conditional,P0 Foundation,Not started
VS-FR-781,Vendor & Vendor Staff,"30. My Profile, Password, MFA & Device Management",Profile Photo Image No,P0 Foundation,Not started
VS-FR-782,Vendor & Vendor Staff,"30. My Profile, Password, MFA & Device Management",Job Title Text No,P0 Foundation,Not started
VS-FR-783,Vendor & Vendor Staff,"30. My Profile, Password, MFA & Device Management",Preferred Language Dropdown No,P0 Foundation,Not started
VS-FR-784,Vendor & Vendor Staff,"30. My Profile, Password, MFA & Device Management",Timezone Dropdown No,P0 Foundation,Not started
VS-FR-785,Vendor & Vendor Staff,"30. My Profile, Password, MFA & Device Management",Notification Preference Shortcut Link No,P0 Foundation,Not started
VS-FR-786,Vendor & Vendor Staff,"30. My Profile, Password, MFA & Device Management",Change Password All users Require current password or step-up verification; enforce password policy.,P0 Foundation,Not started
VS-FR-787,Vendor & Vendor Staff,"30. My Profile, Password, MFA & Device Management",Enable MFA All users / mandatory policy,P0 Foundation,Not started
VS-FR-788,Vendor & Vendor Staff,"30. My Profile, Password, MFA & Device Management",Disable MFA Conditional Require step-up auth and prohibit if organization/platform mandates MFA.,P0 Foundation,Not started
VS-FR-789,Vendor & Vendor Staff,"30. My Profile, Password, MFA & Device Management",Regenerate Recovery Codes Conditional Require step-up auth; invalidate prior codes.,P0 Foundation,Not started
VS-FR-790,Vendor & Vendor Staff,"30. My Profile, Password, MFA & Device Management",View Active Sessions All users Show own sessions/devices with last activity.,P0 Foundation,Not started
VS-FR-791,Vendor & Vendor Staff,"30. My Profile, Password, MFA & Device Management",Logout Session All users Revoke selected own session.,P0 Foundation,Not started
VS-FR-792,Vendor & Vendor Staff,"30. My Profile, Password, MFA & Device Management",Logout All Other Sessions All users Revoke all except current after confirmation.,P0 Foundation,Not started
VS-FR-793,Vendor & Vendor Staff,"30. My Profile, Password, MFA & Device Management",View Login History All users Show own recent successful/failed login security events.,P0 Foundation,Not started
VS-FR-794,Vendor & Vendor Staff,"30. My Profile, Password, MFA & Device Management",Download My Data Conditional Only if platform exposes personal-data export and policy permits.,P0 Foundation,Not started
VS-FR-795,Vendor & Vendor Staff,31. Vendor Audit Trail & Activity History,Event ID Display/Search Yes,P0 Foundation,Not started
VS-FR-796,Vendor & Vendor Staff,31. Vendor Audit Trail & Activity History,Timestamp Display/Filter Yes,P0 Foundation,Not started
VS-FR-797,Vendor & Vendor Staff,31. Vendor Audit Trail & Activity History,Actor Display/Filter Yes,P0 Foundation,Not started
VS-FR-798,Vendor & Vendor Staff,31. Vendor Audit Trail & Activity History,Role Display/Filter Yes,P0 Foundation,Not started
VS-FR-799,Vendor & Vendor Staff,31. Vendor Audit Trail & Activity History,Module Display/Filter Yes,P0 Foundation,Not started
VS-FR-800,Vendor & Vendor Staff,31. Vendor Audit Trail & Activity History,Action Display/Filter Yes,P0 Foundation,Not started
VS-FR-801,Vendor & Vendor Staff,31. Vendor Audit Trail & Activity History,Record Type Display/Filter Conditional,P0 Foundation,Not started
VS-FR-802,Vendor & Vendor Staff,31. Vendor Audit Trail & Activity History,Record ID Display/Search Conditional,P0 Foundation,Not started
VS-FR-803,Vendor & Vendor Staff,31. Vendor Audit Trail & Activity History,Before / After Summary Display Conditional,P0 Foundation,Not started
VS-FR-804,Vendor & Vendor Staff,31. Vendor Audit Trail & Activity History,IP Address Display Security,P0 Foundation,Not started
VS-FR-805,Vendor & Vendor Staff,31. Vendor Audit Trail & Activity History,Device / User Agent Display Security,P0 Foundation,Not started
VS-FR-806,Vendor & Vendor Staff,31. Vendor Audit Trail & Activity History,Source Display Yes,P0 Foundation,Not started
VS-FR-807,Vendor & Vendor Staff,31. Vendor Audit Trail & Activity History,Filter Audit Log Audit View Filter by user/date/module/action/record.,P0 Foundation,Not started
VS-FR-808,Vendor & Vendor Staff,31. Vendor Audit Trail & Activity History,View Event Detail Audit View Show allowed change details and context.,P0 Foundation,Not started
VS-FR-809,Vendor & Vendor Staff,31. Vendor Audit Trail & Activity History,Export Audit Log Owner/Audit Export Export authorized range; log the export itself.,P0 Foundation,Not started
VS-FR-810,Vendor & Vendor Staff,31. Vendor Audit Trail & Activity History,Open Related Record Audit View + target Navigate only if user has permission to target record.,P0 Foundation,Not started
VS-FR-811,Vendor & Vendor Staff,31. Vendor Audit Trail & Activity History,Search Staff Activity Owner/Audit View Find actions attributable to specific staff member.,P0 Foundation,Not started
VS-FR-812,Vendor & Vendor Staff,31. Vendor Audit Trail & Activity History,Vendor users shall not edit or delete audit records.,P0 Foundation,Not started
VS-FR-813,Vendor & Vendor Staff,31. Vendor Audit Trail & Activity History,Audit records shall retain actor identity even after staff deactivation.,P0 Foundation,Not started
VS-FR-814,Vendor & Vendor Staff,31. Vendor Audit Trail & Activity History,"Sensitive before/after values such as passwords, OTPs, full bank account numbers and secrets shall never be logged.",P0 Foundation,Not started
VS-FR-815,Vendor & Vendor Staff,31. Vendor Audit Trail & Activity History,Export events and sensitive-data views should be auditable where technically feasible.,P0 Foundation,Not started
VS-FR-816,Vendor & Vendor Staff,31. Vendor Audit Trail & Activity History,"Audit retention shall follow platform/legal policy and may outlive operational record visibility. 32. Vendor-Level Integrations, API Keys & Webhooks 32.1 Integration Configuration Fields Req ID",P0 Foundation,Not started
VS-FR-817,Vendor & Vendor Staff,"32. Vendor-Level Integrations, API Keys & Webhooks",Integration Select Yes,P4 Growth & Control,Not started
VS-FR-818,Vendor & Vendor Staff,"32. Vendor-Level Integrations, API Keys & Webhooks",Connection Name Text Yes,P4 Growth & Control,Not started
VS-FR-819,Vendor & Vendor Staff,"32. Vendor-Level Integrations, API Keys & Webhooks",Client / Account ID Text Conditional,P4 Growth & Control,Not started
VS-FR-820,Vendor & Vendor Staff,"32. Vendor-Level Integrations, API Keys & Webhooks",API Key / Secret Password/Secret Conditional,P4 Growth & Control,Not started
VS-FR-821,Vendor & Vendor Staff,"32. Vendor-Level Integrations, API Keys & Webhooks",Callback / Webhook URL URL Conditional,P4 Growth & Control,Not started
VS-FR-822,Vendor & Vendor Staff,"32. Vendor-Level Integrations, API Keys & Webhooks",Webhook Secret Generated/Secret Conditional,P4 Growth & Control,Not started
VS-FR-823,Vendor & Vendor Staff,"32. Vendor-Level Integrations, API Keys & Webhooks",Scopes / Permissions Multi-select Conditional,P4 Growth & Control,Not started
VS-FR-824,Vendor & Vendor Staff,"32. Vendor-Level Integrations, API Keys & Webhooks",Status Display Yes,P4 Growth & Control,Not started
VS-FR-825,Vendor & Vendor Staff,"32. Vendor-Level Integrations, API Keys & Webhooks",Last Sync Display Conditional,P4 Growth & Control,Not started
VS-FR-826,Vendor & Vendor Staff,"32. Vendor-Level Integrations, API Keys & Webhooks",Auto Sync Toggle No,P4 Growth & Control,Not started
VS-FR-827,Vendor & Vendor Staff,"32. Vendor-Level Integrations, API Keys & Webhooks",Connect Integration Manage Authorize with provider using secure flow.,P4 Growth & Control,Not started
VS-FR-828,Vendor & Vendor Staff,"32. Vendor-Level Integrations, API Keys & Webhooks",Test Connection Integration Manage Validate credentials/connectivity without changing business data.,P4 Growth & Control,Not started
VS-FR-829,Vendor & Vendor Staff,"32. Vendor-Level Integrations, API Keys & Webhooks",Sync Now Integration Manage Trigger permitted synchronization with job status.,P4 Growth & Control,Not started
VS-FR-830,Vendor & Vendor Staff,"32. Vendor-Level Integrations, API Keys & Webhooks",Reconnect Integration Manage Renew expired/invalid authorization.,P4 Growth & Control,Not started
VS-FR-831,Vendor & Vendor Staff,"32. Vendor-Level Integrations, API Keys & Webhooks",Disconnect Owner/Integration Manage,P4 Growth & Control,Not started
VS-FR-832,Vendor & Vendor Staff,"32. Vendor-Level Integrations, API Keys & Webhooks",Rotate Secret Owner/Integration Manage,P4 Growth & Control,Not started
VS-FR-833,Vendor & Vendor Staff,"32. Vendor-Level Integrations, API Keys & Webhooks",View Sync Logs Integration View Show vendor-scoped sync attempts/errors.,P4 Growth & Control,Not started
VS-FR-834,Vendor & Vendor Staff,"32. Vendor-Level Integrations, API Keys & Webhooks",Retry Failed Sync Integration Manage Retry idempotently where safe.,P4 Growth & Control,Not started
VS-FR-835,Vendor & Vendor Staff,"32. Vendor-Level Integrations, API Keys & Webhooks",Download Error Log Integration View Download sanitized vendor-scoped failure details.,P4 Growth & Control,Not started
VS-FR-836,Vendor & Vendor Staff,"32. Vendor-Level Integrations, API Keys & Webhooks",Vendor integration secrets shall be encrypted at rest and never written to application logs.,P4 Growth & Control,Not started
VS-FR-837,Vendor & Vendor Staff,"32. Vendor-Level Integrations, API Keys & Webhooks",Integration permissions/scopes shall follow least privilege.,P4 Growth & Control,Not started
VS-FR-838,Vendor & Vendor Staff,"32. Vendor-Level Integrations, API Keys & Webhooks","Webhook endpoints shall support signature verification, replay protection and idempotency where platform exposes vendor webhooks.",P4 Growth & Control,Not started
VS-FR-839,Vendor & Vendor Staff,"32. Vendor-Level Integrations, API Keys & Webhooks",Disconnecting an integration shall not delete historical orders/financial records created through it.,P4 Growth & Control,Not started
VS-FR-840,Vendor & Vendor Staff,"32. Vendor-Level Integrations, API Keys & Webhooks","Only users with explicit integration permissions may view connection status or modify credentials. 33. Vendor Plan, Subscription & Feature Entitlements (If Enabled) 33.1 Subscription Fields Req ID",P4 Growth & Control,Not started
VS-FR-841,Vendor & Vendor Staff,"33. Vendor Plan, Subscription & Feature Entitlements (If Enabled)",Current Plan Display Yes,P4 Growth & Control,Not started
VS-FR-842,Vendor & Vendor Staff,"33. Vendor Plan, Subscription & Feature Entitlements (If Enabled)",Billing Cycle Display Conditional,P4 Growth & Control,Not started
VS-FR-843,Vendor & Vendor Staff,"33. Vendor Plan, Subscription & Feature Entitlements (If Enabled)",Plan Start Display Yes,P4 Growth & Control,Not started
VS-FR-844,Vendor & Vendor Staff,"33. Vendor Plan, Subscription & Feature Entitlements (If Enabled)",Renewal / End Date Display Conditional,P4 Growth & Control,Not started
VS-FR-845,Vendor & Vendor Staff,"33. Vendor Plan, Subscription & Feature Entitlements (If Enabled)",Plan Price Currency Conditional,P4 Growth & Control,Not started
VS-FR-846,Vendor & Vendor Staff,"33. Vendor Plan, Subscription & Feature Entitlements (If Enabled)",Tax Currency Conditional,P4 Growth & Control,Not started
VS-FR-847,Vendor & Vendor Staff,"33. Vendor Plan, Subscription & Feature Entitlements (If Enabled)",Payment Status Display Conditional,P4 Growth & Control,Not started
VS-FR-848,Vendor & Vendor Staff,"33. Vendor Plan, Subscription & Feature Entitlements (If Enabled)",Feature Entitlements Display Yes,P4 Growth & Control,Not started
VS-FR-849,Vendor & Vendor Staff,"33. Vendor Plan, Subscription & Feature Entitlements (If Enabled)",Usage Limits Display Conditional,P4 Growth & Control,Not started
VS-FR-850,Vendor & Vendor Staff,"33. Vendor Plan, Subscription & Feature Entitlements (If Enabled)",Auto Renew Toggle Conditional,P4 Growth & Control,Not started
VS-FR-851,Vendor & Vendor Staff,"33. Vendor Plan, Subscription & Feature Entitlements (If Enabled)",View Plan All authorized Show current entitlements/limits.,P4 Growth & Control,Not started
VS-FR-852,Vendor & Vendor Staff,"33. Vendor Plan, Subscription & Feature Entitlements (If Enabled)",Upgrade Plan Owner only Select eligible plan and complete billing flow if self-service enabled.,P4 Growth & Control,Not started
VS-FR-853,Vendor & Vendor Staff,"33. Vendor Plan, Subscription & Feature Entitlements (If Enabled)",Request Downgrade Owner only Apply eligibility/effective-date rules.,P4 Growth & Control,Not started
VS-FR-854,Vendor & Vendor Staff,"33. Vendor Plan, Subscription & Feature Entitlements (If Enabled)",Download Subscription Invoice Owner/Finance Download platform service invoice.,P4 Growth & Control,Not started
VS-FR-855,Vendor & Vendor Staff,"33. Vendor Plan, Subscription & Feature Entitlements (If Enabled)",Update Billing Details Owner/Finance Update subscription billing address/tax details with effective-date rules.,P4 Growth & Control,Not started
VS-FR-856,Vendor & Vendor Staff,"33. Vendor Plan, Subscription & Feature Entitlements (If Enabled)",View Usage Owner/Settings Show current usage against plan limits.,P4 Growth & Control,Not started
VS-FR-857,Vendor & Vendor Staff,"33. Vendor Plan, Subscription & Feature Entitlements (If Enabled)",Cancel Auto Renewal Owner only Require confirmation and show effective end date/impact.,P4 Growth & Control,Not started
VS-FR-858,Vendor & Vendor Staff,"34. Staff Assignment, Work Queues & Operational Ownership",Record Type Display Yes,P1 Marketplace MVP,Not started
VS-FR-859,Vendor & Vendor Staff,"34. Staff Assignment, Work Queues & Operational Ownership",Record ID Display/Search Yes,P1 Marketplace MVP,Not started
VS-FR-860,Vendor & Vendor Staff,"34. Staff Assignment, Work Queues & Operational Ownership",Assigned To User Select Yes,P1 Marketplace MVP,Not started
VS-FR-861,Vendor & Vendor Staff,"34. Staff Assignment, Work Queues & Operational Ownership",Assignment Group Select No,P1 Marketplace MVP,Not started
VS-FR-862,Vendor & Vendor Staff,"34. Staff Assignment, Work Queues & Operational Ownership",Priority Dropdown No,P1 Marketplace MVP,Not started
VS-FR-863,Vendor & Vendor Staff,"34. Staff Assignment, Work Queues & Operational Ownership",Due Date / SLA DateTime Conditional,P1 Marketplace MVP,Not started
VS-FR-864,Vendor & Vendor Staff,"34. Staff Assignment, Work Queues & Operational Ownership",Assignment Notes Text Area No,P1 Marketplace MVP,Not started
VS-FR-865,Vendor & Vendor Staff,"34. Staff Assignment, Work Queues & Operational Ownership",Status Dropdown/Display Yes,P1 Marketplace MVP,Not started
VS-FR-866,Vendor & Vendor Staff,"34. Staff Assignment, Work Queues & Operational Ownership",Assign Manager/Owner permission,P1 Marketplace MVP,Not started
VS-FR-867,Vendor & Vendor Staff,"34. Staff Assignment, Work Queues & Operational Ownership",Reassign Manager/Owner permission,P1 Marketplace MVP,Not started
VS-FR-868,Vendor & Vendor Staff,"34. Staff Assignment, Work Queues & Operational Ownership",Claim Staff permission Allow staff to claim unassigned eligible work if enabled.,P1 Marketplace MVP,Not started
VS-FR-869,Vendor & Vendor Staff,"34. Staff Assignment, Work Queues & Operational Ownership",Release Staff/Manager permission,P1 Marketplace MVP,Not started
VS-FR-870,Vendor & Vendor Staff,"34. Staff Assignment, Work Queues & Operational Ownership",Mark In Progress Assigned Staff Set working status.,P1 Marketplace MVP,Not started
VS-FR-871,Vendor & Vendor Staff,"34. Staff Assignment, Work Queues & Operational Ownership",Mark Done Assigned Staff Complete assignment only when underlying workflow conditions are satisfied.,P1 Marketplace MVP,Not started
VS-FR-872,Vendor & Vendor Staff,"34. Staff Assignment, Work Queues & Operational Ownership",Bulk Assign Manager/Owner permission,P1 Marketplace MVP,Not started
VS-FR-873,Vendor & Vendor Staff,"34. Staff Assignment, Work Queues & Operational Ownership",View My Queue Staff Show only work assigned/claimable under user permissions.,P1 Marketplace MVP,Not started
VS-FR-874,Vendor & Vendor Staff,"34. Staff Assignment, Work Queues & Operational Ownership",View Team Queue Manager/Owner permission,P1 Marketplace MVP,Not started
VS-FR-875,Vendor & Vendor Staff,"35. Global Search, Navigation & Saved Views",Search Term Text Yes,P1 Marketplace MVP,Not started
VS-FR-876,Vendor & Vendor Staff,"35. Global Search, Navigation & Saved Views",Entity Scope Multi-select No,P1 Marketplace MVP,Not started
VS-FR-877,Vendor & Vendor Staff,"35. Global Search, Navigation & Saved Views",Recent Searches Display No,P1 Marketplace MVP,Not started
VS-FR-878,Vendor & Vendor Staff,"35. Global Search, Navigation & Saved Views",Search Results Grouped List Yes,P1 Marketplace MVP,Not started
VS-FR-879,Vendor & Vendor Staff,"35. Global Search, Navigation & Saved Views",Save Filter View All users Save personal list filters/sort/columns.,P1 Marketplace MVP,Not started
VS-FR-880,Vendor & Vendor Staff,"35. Global Search, Navigation & Saved Views",Rename Saved View All users Rename own saved view.,P1 Marketplace MVP,Not started
VS-FR-881,Vendor & Vendor Staff,"35. Global Search, Navigation & Saved Views",Delete Saved View All users Delete own saved view.,P1 Marketplace MVP,Not started
VS-FR-882,Vendor & Vendor Staff,"35. Global Search, Navigation & Saved Views",Set Default View All users Set own default list view.,P1 Marketplace MVP,Not started
VS-FR-883,Vendor & Vendor Staff,"35. Global Search, Navigation & Saved Views",Copy Record Link View permission Generate deep link requiring re-authorization when opened.,P1 Marketplace MVP,Not started
VS-FR-884,Vendor & Vendor Staff,"35. Global Search, Navigation & Saved Views",Open Recent Record View permission Show recently accessed authorized records.,P1 Marketplace MVP,Not started
VS-FR-885,Vendor & Vendor Staff,"35. Global Search, Navigation & Saved Views",Customize Columns All users Choose allowed columns per list.,P1 Marketplace MVP,Not started
VS-FR-886,Vendor & Vendor Staff,36. Vendor-Side Status Models & Transition Rules,"Product status shall support Draft, Pending Review, Active, Rejected, Inactive and Archived or configured equivalents.",P0 Foundation,DB foundation in place
VS-FR-887,Vendor & Vendor Staff,36. Vendor-Side Status Models & Transition Rules,Only valid transition actions shall be shown; server must reject invalid transitions.,P0 Foundation,DB rule test-verified
VS-FR-888,Vendor & Vendor Staff,36. Vendor-Side Status Models & Transition Rules,Rejected product shall require correction and resubmission rather than direct activation.,P0 Foundation,DB rule test-verified
VS-FR-889,Vendor & Vendor Staff,36. Vendor-Side Status Models & Transition Rules,Archived product shall be read-only except restore/duplicate actions if supported. 36.2 Order / Fulfilment Status Model Req ID,P0 Foundation,DB foundation in place
VS-FR-890,Vendor & Vendor Staff,36. Vendor-Side Status Models & Transition Rules,Order status shall distinguish commercial order state from shipment/logistics state where needed.,P0 Foundation,DB foundation in place
VS-FR-891,Vendor & Vendor Staff,36. Vendor-Side Status Models & Transition Rules,"Processing, Packed, Ready to Ship, Shipped and Delivered transitions must follow fulfilment prerequisites.",P0 Foundation,DB rule test-verified
VS-FR-892,Vendor & Vendor Staff,36. Vendor-Side Status Models & Transition Rules,Cancellation after carrier handover must use permitted recall/RTO process rather than simple pre-dispatch cancellation.,P0 Foundation,DB rule test-verified
VS-FR-893,Vendor & Vendor Staff,36. Vendor-Side Status Models & Transition Rules,Delivery status updates from carrier shall be normalized and remain traceable to source event. 36.3 Return / Settlement Status Model Req ID,P0 Foundation,DB foundation in place
VS-FR-894,Vendor & Vendor Staff,36. Vendor-Side Status Models & Transition Rules,"Return workflow shall maintain separate return-request, reverse-logistics, QC and refund/financial states where required.",P0 Foundation,DB foundation in place
VS-FR-895,Vendor & Vendor Staff,36. Vendor-Side Status Models & Transition Rules,Settlement status shall distinguish calculation/scheduling from payout provider result.,P0 Foundation,DB foundation in place
VS-FR-896,Vendor & Vendor Staff,36. Vendor-Side Status Models & Transition Rules,Failed or held settlements must not be represented as Paid until provider/platform confirmation exists.,P0 Foundation,DB foundation in place
VS-FR-897,Vendor & Vendor Staff,36. Vendor-Side Status Models & Transition Rules,"Status timestamps and actors/sources shall be stored for lifecycle analytics and audit. 37. Validation, Error Handling, Concurrency & Idempotency 37.1 Form Validation Requirements Req ID",P0 Foundation,DB foundation in place
VS-FR-898,Vendor & Vendor Staff,"37. Validation, Error Handling, Concurrency & Idempotency",Required-field errors shall appear adjacent to the field and prevent invalid submission.,P0 Foundation,Not started
VS-FR-899,Vendor & Vendor Staff,"37. Validation, Error Handling, Concurrency & Idempotency","Email, phone, tax IDs, bank routing codes, postal codes and URLs shall use configurable jurisdiction-appropriate validation.",P0 Foundation,Not started
VS-FR-900,Vendor & Vendor Staff,"37. Validation, Error Handling, Concurrency & Idempotency",Numeric inputs shall enforce min/max/precision and reject malformed numbers.,P0 Foundation,Not started
VS-FR-901,Vendor & Vendor Staff,"37. Validation, Error Handling, Concurrency & Idempotency",Date ranges shall enforce logical ordering and relevant business cutoffs.,P0 Foundation,Not started
VS-FR-902,Vendor & Vendor Staff,"37. Validation, Error Handling, Concurrency & Idempotency","File uploads shall validate type, extension, MIME, size and malware/security policy.",P0 Foundation,Not started
VS-FR-903,Vendor & Vendor Staff,"37. Validation, Error Handling, Concurrency & Idempotency",Rich-text inputs shall be sanitized to block scripts/unsafe markup.,P0 Foundation,Not started
VS-FR-904,Vendor & Vendor Staff,"37. Validation, Error Handling, Concurrency & Idempotency","Duplicate identifiers such as SKU, location code or role name shall return clear non-sensitive errors.",P0 Foundation,Not started
VS-FR-905,Vendor & Vendor Staff,"37. Validation, Error Handling, Concurrency & Idempotency",Cross-field validation shall run both client-side for usability and server-side for security/correctness. Shopeye • Confidential • Vendor & Vendor Staff Web SRS v1.0 • 36,P0 Foundation,Not started
VS-FR-906,Vendor & Vendor Staff,"37. Validation, Error Handling, Concurrency & Idempotency",API/network failures shall preserve safe user inputs and provide retry guidance without duplicate processing.,P0 Foundation,Not started
VS-FR-907,Vendor & Vendor Staff,"37. Validation, Error Handling, Concurrency & Idempotency",Critical write operations shall use idempotency or equivalent protection against double submission.,P0 Foundation,Not started
VS-FR-908,Vendor & Vendor Staff,"37. Validation, Error Handling, Concurrency & Idempotency",Concurrent edits to sensitive records should detect stale versions and require refresh/merge rather than silently overwrite.,P0 Foundation,Not started
VS-FR-909,Vendor & Vendor Staff,"37. Validation, Error Handling, Concurrency & Idempotency",Bulk jobs shall provide row-level errors and partial-success summary where partial processing is supported.,P0 Foundation,Not started
VS-FR-910,Vendor & Vendor Staff,"37. Validation, Error Handling, Concurrency & Idempotency",Provider outages shall distinguish platform error from validation error and preserve retryable work.,P0 Foundation,Not started
VS-FR-911,Vendor & Vendor Staff,"37. Validation, Error Handling, Concurrency & Idempotency",Unauthorized actions shall return a generic access error without revealing protected record existence.,P0 Foundation,Not started
VS-FR-912,Vendor & Vendor Staff,"37. Validation, Error Handling, Concurrency & Idempotency","All errors shall have a support-friendly correlation/reference ID where operationally useful. 38. Security, Privacy & Data Protection 38.1 Security Controls Req ID",P0 Foundation,Not started
VS-FR-913,Vendor & Vendor Staff,"38. Security, Privacy & Data Protection",Enforce TLS for all authenticated portal traffic and secure cookie/token settings.,P0 Foundation,Not started
VS-FR-914,Vendor & Vendor Staff,"38. Security, Privacy & Data Protection",Hash passwords using an industry-standard adaptive password hashing algorithm; never store plaintext passwords.,P0 Foundation,Not started
VS-FR-915,Vendor & Vendor Staff,"38. Security, Privacy & Data Protection",Encrypt sensitive vendor/customer financial and identity data at rest where required.,P0 Foundation,Not started
VS-FR-916,Vendor & Vendor Staff,"38. Security, Privacy & Data Protection",Apply role-based access control and vendor-tenant isolation to every server-side data query/action.,P0 Foundation,Not started
VS-FR-917,Vendor & Vendor Staff,"38. Security, Privacy & Data Protection","Use CSRF protection, output encoding, content security controls and input validation appropriate to the web architecture.",P0 Foundation,Not started
VS-FR-918,Vendor & Vendor Staff,"38. Security, Privacy & Data Protection","Rate-limit authentication, OTP, password reset, exports, search and sensitive endpoints as appropriate.",P0 Foundation,Not started
VS-FR-919,Vendor & Vendor Staff,"38. Security, Privacy & Data Protection","Require step-up authentication for high-risk actions such as bank change, owner security change, ownership transfer or API secret rotation.",P0 Foundation,Not started
VS-FR-920,Vendor & Vendor Staff,"38. Security, Privacy & Data Protection",Scan uploaded documents/media for malicious content and store them with non-guessable secured references.,P0 Foundation,Not started
VS-FR-921,Vendor & Vendor Staff,"38. Security, Privacy & Data Protection","Mask bank, tax and customer PII unless full value is required and user has explicit permission.",P0 Foundation,Not started
VS-FR-922,Vendor & Vendor Staff,"38. Security, Privacy & Data Protection",Record security-relevant events and support incident investigation with correlation IDs. 38.2 Privacy & Retention Controls Req ID,P0 Foundation,Not started
VS-FR-923,Vendor & Vendor Staff,"38. Security, Privacy & Data Protection","Customer data visible to vendor shall be limited to the minimum needed for fulfilment, support and legal obligations.",P0 Foundation,Not started
VS-FR-924,Vendor & Vendor Staff,"38. Security, Privacy & Data Protection",Customer contact information should use masking/relay where marketplace model supports it.,P0 Foundation,Not started
VS-FR-925,Vendor & Vendor Staff,"38. Security, Privacy & Data Protection",Export permissions for customer/order data shall be restricted and auditable.,P0 Foundation,Not started
VS-FR-926,Vendor & Vendor Staff,"38. Security, Privacy & Data Protection",Vendor/staff personal data retention and deletion shall follow platform privacy/legal obligations while preserving required audit/financial records.,P0 Foundation,Not started
VS-FR-927,Vendor & Vendor Staff,"38. Security, Privacy & Data Protection",Financial/tax documents and audit logs may be retained independently of account deactivation according to statutory policy.,P0 Foundation,Not started
VS-FR-928,Vendor & Vendor Staff,"38. Security, Privacy & Data Protection",Privacy requests affecting vendor staff data shall be routed through controlled platform process when self-service cannot lawfully complete deletion. 39. Non-Functional Requirements 39.1 Performance & Scalability,P0 Foundation,Not started
VS-FR-929,Vendor & Vendor Staff,39. Non-Functional Requirements,Primary authenticated pages should meet defined performance targets under normal expected load.,P0 Foundation,Not started
VS-FR-930,Vendor & Vendor Staff,39. Non-Functional Requirements,Large lists shall use server-side pagination/filtering and indexed search strategies.,P0 Foundation,Not started
VS-FR-931,Vendor & Vendor Staff,39. Non-Functional Requirements,Large exports/imports/reports shall execute asynchronously and not block interactive requests.,P0 Foundation,Not started
VS-FR-932,Vendor & Vendor Staff,39. Non-Functional Requirements,"Order, stock and financial write paths shall maintain consistency under concurrent vendor activity.",P0 Foundation,Not started
VS-FR-933,Vendor & Vendor Staff,39. Non-Functional Requirements,"The architecture shall scale by vendor, catalog, order and staff volume without cross-tenant degradation beyond agreed limits. 39.2 Availability & Reliability Req ID",P0 Foundation,Not started
VS-FR-934,Vendor & Vendor Staff,39. Non-Functional Requirements,Critical order/fulfilment functions shall have defined availability and recovery objectives.,P0 Foundation,Not started
VS-FR-935,Vendor & Vendor Staff,39. Non-Functional Requirements,External-provider failures shall use retries/circuit-breaking/idempotency as appropriate without duplicating business transactions.,P0 Foundation,Not started
VS-FR-936,Vendor & Vendor Staff,39. Non-Functional Requirements,Background jobs shall expose failure state and controlled retry/recovery.,P0 Foundation,Not started
VS-FR-937,Vendor & Vendor Staff,39. Non-Functional Requirements,Backup and recovery processes shall cover vendor operational and financial data according to platform RPO/RTO.,P0 Foundation,Not started
VS-FR-938,Vendor & Vendor Staff,39. Non-Functional Requirements,"Monitoring shall detect elevated error rates, job backlogs, provider outages and fulfilment event failures. 39.3 Accessibility & UX Req ID",P0 Foundation,Not started
VS-FR-939,Vendor & Vendor Staff,39. Non-Functional Requirements,Portal shall support current major desktop browsers and responsive use on common tablet widths unless product scope says otherwise.,P0 Foundation,Not started
VS-FR-940,Vendor & Vendor Staff,39. Non-Functional Requirements,"Keyboard navigation, focus order, labels, contrast and semantic controls shall follow the platform accessibility target.",P0 Foundation,Not started
VS-FR-941,Vendor & Vendor Staff,39. Non-Functional Requirements,Validation errors shall be understandable and associated with relevant controls.,P0 Foundation,Not started
VS-FR-942,Vendor & Vendor Staff,39. Non-Functional Requirements,Destructive or irreversible actions shall require clear confirmation and consequence messaging.,P0 Foundation,Not started
VS-FR-943,Vendor & Vendor Staff,39. Non-Functional Requirements,"Financial values, dates, timezones and statuses shall use consistent formatting throughout the portal. 40. Vendor Owner vs Vendor Staff Capability Matrix Req ID",P0 Foundation,Not started
VS-FR-944,Vendor & Vendor Staff,40. Vendor Owner vs Vendor Staff Capability Matrix,Business / KYC profile Full control; sensitive changes may require reverification Usually View only or no access unless explicitly delegated,P1 Marketplace MVP,Not started
VS-FR-945,Vendor & Vendor Staff,40. Vendor Owner vs Vendor Staff Capability Matrix,Bank / payout account Owner-controlled; step-up authentication No access by default; optional Finance Admin,P1 Marketplace MVP,Not started
VS-FR-946,Vendor & Vendor Staff,40. Vendor Owner vs Vendor Staff Capability Matrix,"Staff / roles Create, edit, disable and assign roles Only delegated managers; cannot exceed own authority",P1 Marketplace MVP,Not started
VS-FR-947,Vendor & Vendor Staff,40. Vendor Owner vs Vendor Staff Capability Matrix,Catalog Full vendor-level access subject to moderation Role-based View/Create/Edit/Submit/Export,P1 Marketplace MVP,Not started
VS-FR-948,Vendor & Vendor Staff,40. Vendor Owner vs Vendor Staff Capability Matrix,Inventory Full vendor-level access Role/location-based View/Edit/Import,P1 Marketplace MVP,Not started
VS-FR-949,Vendor & Vendor Staff,40. Vendor Owner vs Vendor Staff Capability Matrix,Orders Full vendor-level operational access Role/location-based View/Accept/Pack/Ship/Cancel,P1 Marketplace MVP,Not started
VS-FR-950,Vendor & Vendor Staff,40. Vendor Owner vs Vendor Staff Capability Matrix,Returns / QC Full vendor-level access subject to platform rules Role-based View/Respond/QC/Approve where allowed,P1 Marketplace MVP,Not started
VS-FR-951,Vendor & Vendor Staff,40. Vendor Owner vs Vendor Staff Capability Matrix,Customer communication As policy permits Role/order assignment based,P1 Marketplace MVP,Not started
VS-FR-952,Vendor & Vendor Staff,40. Vendor Owner vs Vendor Staff Capability Matrix,Invoices / tax documents Full or finance-controlled Invoice/Finance permission required,P1 Marketplace MVP,Not started
VS-FR-953,Vendor & Vendor Staff,40. Vendor Owner vs Vendor Staff Capability Matrix,Ledger / commission Full Finance permission required,P1 Marketplace MVP,Not started
VS-FR-954,Vendor & Vendor Staff,40. Vendor Owner vs Vendor Staff Capability Matrix,Settlements / payouts Full Finance permission; payout-account changes ownerrestricted by default,P1 Marketplace MVP,Not started
VS-FR-955,Vendor & Vendor Staff,40. Vendor Owner vs Vendor Staff Capability Matrix,Promotions Full Marketing/Promotion permission required,P1 Marketplace MVP,Not started
VS-FR-956,Vendor & Vendor Staff,40. Vendor Owner vs Vendor Staff Capability Matrix,Reports All vendor reports Report-family permissions required,P1 Marketplace MVP,Not started
VS-FR-957,Vendor & Vendor Staff,40. Vendor Owner vs Vendor Staff Capability Matrix,Integrations Owner or delegated integration admin Explicit Integration permission required,P1 Marketplace MVP,Not started
VS-FR-958,Vendor & Vendor Staff,40. Vendor Owner vs Vendor Staff Capability Matrix,Audit logs Full vendor audit access Restricted Audit permission,P1 Marketplace MVP,Not started
VS-FR-959,Vendor & Vendor Staff,40. Vendor Owner vs Vendor Staff Capability Matrix,Security sessions Own + organization controls per policy Own sessions; cannot manage owner unless explicitly,P1 Marketplace MVP,Not started
VS-FR-960,Vendor & Vendor Staff,40. Vendor Owner vs Vendor Staff Capability Matrix,Support tickets All vendor tickets if permitted Role-created/assigned or permitted category scope,P1 Marketplace MVP,Not started
VS-FR-961,Vendor & Vendor Staff,40. Vendor Owner vs Vendor Staff Capability Matrix,Location management Full Location Manage permission,P1 Marketplace MVP,Not started
VS-FR-962,Vendor & Vendor Staff,40. Vendor Owner vs Vendor Staff Capability Matrix,Bulk imports/exports Full subject to data sensitivity Explicit import/export permissions required,P1 Marketplace MVP,Not started
VS-FR-963,Vendor & Vendor Staff,40. Vendor Owner vs Vendor Staff Capability Matrix,Subscription / plan Owner only by default View only or none,P1 Marketplace MVP,Not started
VS-FR-964,Vendor & Vendor Staff,40. Vendor Owner vs Vendor Staff Capability Matrix,"UI menus, buttons and fields shall hide or disable unauthorized functions, but server-side enforcement remains authoritative.",P1 Marketplace MVP,Not started
VS-FR-965,Vendor & Vendor Staff,40. Vendor Owner vs Vendor Staff Capability Matrix,"If a staff user loses permission while a page is open, the next protected request must fail safely and the UI must refresh access state.",P1 Marketplace MVP,Not started
VS-FR-966,Vendor & Vendor Staff,40. Vendor Owner vs Vendor Staff Capability Matrix,Location-scoped staff shall only access orders/inventory/operations for assigned locations where the workflow supports location segmentation.,P1 Marketplace MVP,Not started
VS-FR-967,Vendor & Vendor Staff,40. Vendor Owner vs Vendor Staff Capability Matrix,Exports shall inherit the same field-level and record-level masking as the screen view.,P1 Marketplace MVP,Not started
VS-FR-968,Vendor & Vendor Staff,40. Vendor Owner vs Vendor Staff Capability Matrix,Owner shall be able to review effective permissions for any staff user including role plus exceptions/location scope. 41. Recommended Vendor Web Screen Inventory Req ID,P1 Marketplace MVP,Not started
VS-FR-969,Vendor & Vendor Staff,41. Recommended Vendor Web Screen Inventory,Login Screen shall be available only when the vendor account and logged-in role are entitled to its functions.,P2 Fulfilment & Ops,Not started
VS-FR-970,Vendor & Vendor Staff,41. Recommended Vendor Web Screen Inventory,Forgot Password Screen shall be available only when the vendor account and logged-in role are entitled to its functions.,P2 Fulfilment & Ops,Not started
VS-FR-971,Vendor & Vendor Staff,41. Recommended Vendor Web Screen Inventory,MFA Verification Screen shall be available only when the vendor account and logged-in role are entitled to its functions.,P2 Fulfilment & Ops,Not started
VS-FR-972,Vendor & Vendor Staff,41. Recommended Vendor Web Screen Inventory,Onboarding Wizard Screen shall be available only when the vendor account and logged-in role are entitled to its functions.,P2 Fulfilment & Ops,Not started
VS-FR-973,Vendor & Vendor Staff,41. Recommended Vendor Web Screen Inventory,Onboarding Status Screen shall be available only when the vendor account and logged-in role are entitled to its functions.,P2 Fulfilment & Ops,Not started
VS-FR-974,Vendor & Vendor Staff,41. Recommended Vendor Web Screen Inventory,Vendor Dashboard Screen shall be available only when the vendor account and logged-in role are entitled to its functions.,P2 Fulfilment & Ops,Not started
VS-FR-975,Vendor & Vendor Staff,41. Recommended Vendor Web Screen Inventory,My Profile Screen shall be available only when the vendor account and logged-in role are entitled to its functions.,P2 Fulfilment & Ops,Not started
VS-FR-976,Vendor & Vendor Staff,41. Recommended Vendor Web Screen Inventory,Security & Sessions Screen shall be available only when the vendor account and logged-in role are entitled to its functions.,P2 Fulfilment & Ops,Not started
VS-FR-977,Vendor & Vendor Staff,41. Recommended Vendor Web Screen Inventory,Business Profile Screen shall be available only when the vendor account and logged-in role are entitled to its functions.,P2 Fulfilment & Ops,Not started
VS-FR-978,Vendor & Vendor Staff,41. Recommended Vendor Web Screen Inventory,Storefront Profile Screen shall be available only when the vendor account and logged-in role are entitled to its functions.,P2 Fulfilment & Ops,Not started
VS-FR-979,Vendor & Vendor Staff,41. Recommended Vendor Web Screen Inventory,Compliance Documents Screen shall be available only when the vendor account and logged-in role are entitled to its functions.,P2 Fulfilment & Ops,Not started
VS-FR-980,Vendor & Vendor Staff,41. Recommended Vendor Web Screen Inventory,Bank & Payout Account Screen shall be available only when the vendor account and logged-in role are entitled to its functions.,P2 Fulfilment & Ops,Not started
VS-FR-981,Vendor & Vendor Staff,41. Recommended Vendor Web Screen Inventory,Pickup Locations Screen shall be available only when the vendor account and logged-in role are entitled to its functions.,P2 Fulfilment & Ops,Not started
VS-FR-982,Vendor & Vendor Staff,41. Recommended Vendor Web Screen Inventory,Return Locations Screen shall be available only when the vendor account and logged-in role are entitled to its functions.,P2 Fulfilment & Ops,Not started
VS-FR-983,Vendor & Vendor Staff,41. Recommended Vendor Web Screen Inventory,Staff List Screen shall be available only when the vendor account and logged-in role are entitled to its functions.,P2 Fulfilment & Ops,Not started
VS-FR-984,Vendor & Vendor Staff,41. Recommended Vendor Web Screen Inventory,Invite Staff Screen shall be available only when the vendor account and logged-in role are entitled to its functions.,P2 Fulfilment & Ops,Not started
VS-FR-985,Vendor & Vendor Staff,41. Recommended Vendor Web Screen Inventory,Staff Detail Screen shall be available only when the vendor account and logged-in role are entitled to its functions.,P2 Fulfilment & Ops,Not started
VS-FR-986,Vendor & Vendor Staff,41. Recommended Vendor Web Screen Inventory,Roles List Screen shall be available only when the vendor account and logged-in role are entitled to its functions.,P2 Fulfilment & Ops,Not started
VS-FR-987,Vendor & Vendor Staff,41. Recommended Vendor Web Screen Inventory,Role Permission Editor Screen shall be available only when the vendor account and logged-in role are entitled to its functions. Shopeye • Confidential • Vendor & Vendor Staff Web SRS v1.0 • 39,P2 Fulfilment & Ops,Not started
VS-FR-988,Vendor & Vendor Staff,41. Recommended Vendor Web Screen Inventory,Product List Screen shall be available only when the vendor account and logged-in role are entitled to its functions.,P2 Fulfilment & Ops,Not started
VS-FR-989,Vendor & Vendor Staff,41. Recommended Vendor Web Screen Inventory,Add Product Screen shall be available only when the vendor account and logged-in role are entitled to its functions.,P2 Fulfilment & Ops,Not started
VS-FR-990,Vendor & Vendor Staff,41. Recommended Vendor Web Screen Inventory,Edit Product Screen shall be available only when the vendor account and logged-in role are entitled to its functions.,P2 Fulfilment & Ops,Not started
VS-FR-991,Vendor & Vendor Staff,41. Recommended Vendor Web Screen Inventory,Product Preview Screen shall be available only when the vendor account and logged-in role are entitled to its functions.,P2 Fulfilment & Ops,Not started
VS-FR-992,Vendor & Vendor Staff,41. Recommended Vendor Web Screen Inventory,Product Moderation Status Screen shall be available only when the vendor account and logged-in role are entitled to its functions.,P2 Fulfilment & Ops,Not started
VS-FR-993,Vendor & Vendor Staff,41. Recommended Vendor Web Screen Inventory,Variant Matrix Screen shall be available only when the vendor account and logged-in role are entitled to its functions.,P2 Fulfilment & Ops,Not started
VS-FR-994,Vendor & Vendor Staff,41. Recommended Vendor Web Screen Inventory,Inventory List Screen shall be available only when the vendor account and logged-in role are entitled to its functions.,P2 Fulfilment & Ops,Not started
VS-FR-995,Vendor & Vendor Staff,41. Recommended Vendor Web Screen Inventory,Stock Adjustment Screen shall be available only when the vendor account and logged-in role are entitled to its functions.,P2 Fulfilment & Ops,Not started
VS-FR-996,Vendor & Vendor Staff,41. Recommended Vendor Web Screen Inventory,Stock Ledger Screen shall be available only when the vendor account and logged-in role are entitled to its functions.,P2 Fulfilment & Ops,Not started
VS-FR-997,Vendor & Vendor Staff,41. Recommended Vendor Web Screen Inventory,Catalog Import Screen shall be available only when the vendor account and logged-in role are entitled to its functions.,P2 Fulfilment & Ops,Not started
VS-FR-998,Vendor & Vendor Staff,41. Recommended Vendor Web Screen Inventory,Import Job History Screen shall be available only when the vendor account and logged-in role are entitled to its functions.,P2 Fulfilment & Ops,Not started
VS-FR-999,Vendor & Vendor Staff,41. Recommended Vendor Web Screen Inventory,Order List Screen shall be available only when the vendor account and logged-in role are entitled to its functions.,P2 Fulfilment & Ops,Not started
VS-FR-1000,Vendor & Vendor Staff,41. Recommended Vendor Web Screen Inventory,Order Detail Screen shall be available only when the vendor account and logged-in role are entitled to its functions.,P2 Fulfilment & Ops,Not started
VS-FR-1001,Vendor & Vendor Staff,41. Recommended Vendor Web Screen Inventory,Pick List Screen shall be available only when the vendor account and logged-in role are entitled to its functions.,P2 Fulfilment & Ops,Not started
VS-FR-1002,Vendor & Vendor Staff,41. Recommended Vendor Web Screen Inventory,Pack Order Screen shall be available only when the vendor account and logged-in role are entitled to its functions.,P2 Fulfilment & Ops,Not started
VS-FR-1003,Vendor & Vendor Staff,41. Recommended Vendor Web Screen Inventory,Ready to Ship Screen shall be available only when the vendor account and logged-in role are entitled to its functions.,P2 Fulfilment & Ops,Not started
VS-FR-1004,Vendor & Vendor Staff,41. Recommended Vendor Web Screen Inventory,Shipping Label / Manifest Screen shall be available only when the vendor account and logged-in role are entitled to its functions.,P2 Fulfilment & Ops,Not started
VS-FR-1005,Vendor & Vendor Staff,41. Recommended Vendor Web Screen Inventory,Shipment Tracking Screen shall be available only when the vendor account and logged-in role are entitled to its functions.,P2 Fulfilment & Ops,Not started
VS-FR-1006,Vendor & Vendor Staff,41. Recommended Vendor Web Screen Inventory,Cancellation Detail Screen shall be available only when the vendor account and logged-in role are entitled to its functions.,P2 Fulfilment & Ops,Not started
VS-FR-1007,Vendor & Vendor Staff,41. Recommended Vendor Web Screen Inventory,Return List Screen shall be available only when the vendor account and logged-in role are entitled to its functions.,P2 Fulfilment & Ops,Not started
VS-FR-1008,Vendor & Vendor Staff,41. Recommended Vendor Web Screen Inventory,Return Detail Screen shall be available only when the vendor account and logged-in role are entitled to its functions.,P2 Fulfilment & Ops,Not started
VS-FR-1009,Vendor & Vendor Staff,41. Recommended Vendor Web Screen Inventory,Return QC Screen shall be available only when the vendor account and logged-in role are entitled to its functions.,P2 Fulfilment & Ops,Not started
VS-FR-1010,Vendor & Vendor Staff,41. Recommended Vendor Web Screen Inventory,Refund Status Screen shall be available only when the vendor account and logged-in role are entitled to its functions.,P2 Fulfilment & Ops,Not started
VS-FR-1011,Vendor & Vendor Staff,41. Recommended Vendor Web Screen Inventory,Invoice List Screen shall be available only when the vendor account and logged-in role are entitled to its functions.,P2 Fulfilment & Ops,Not started
VS-FR-1012,Vendor & Vendor Staff,41. Recommended Vendor Web Screen Inventory,Invoice Detail Screen shall be available only when the vendor account and logged-in role are entitled to its functions.,P2 Fulfilment & Ops,Not started
VS-FR-1013,Vendor & Vendor Staff,41. Recommended Vendor Web Screen Inventory,Credit Note List Screen shall be available only when the vendor account and logged-in role are entitled to its functions.,P2 Fulfilment & Ops,Not started
VS-FR-1014,Vendor & Vendor Staff,41. Recommended Vendor Web Screen Inventory,Vendor Ledger Screen shall be available only when the vendor account and logged-in role are entitled to its functions.,P2 Fulfilment & Ops,Not started
VS-FR-1015,Vendor & Vendor Staff,41. Recommended Vendor Web Screen Inventory,Commission Breakdown Screen shall be available only when the vendor account and logged-in role are entitled to its functions.,P2 Fulfilment & Ops,Not started
VS-FR-1016,Vendor & Vendor Staff,41. Recommended Vendor Web Screen Inventory,Settlement List Screen shall be available only when the vendor account and logged-in role are entitled to its functions.,P2 Fulfilment & Ops,Not started
VS-FR-1017,Vendor & Vendor Staff,41. Recommended Vendor Web Screen Inventory,Settlement Detail Screen shall be available only when the vendor account and logged-in role are entitled to its functions.,P2 Fulfilment & Ops,Not started
VS-FR-1018,Vendor & Vendor Staff,41. Recommended Vendor Web Screen Inventory,Settlement Calendar Screen shall be available only when the vendor account and logged-in role are entitled to its functions.,P2 Fulfilment & Ops,Not started
VS-FR-1019,Vendor & Vendor Staff,41. Recommended Vendor Web Screen Inventory,Promotion List Screen shall be available only when the vendor account and logged-in role are entitled to its functions.,P2 Fulfilment & Ops,Not started
VS-FR-1020,Vendor & Vendor Staff,41. Recommended Vendor Web Screen Inventory,Create Promotion Screen shall be available only when the vendor account and logged-in role are entitled to its functions.,P2 Fulfilment & Ops,Not started
VS-FR-1021,Vendor & Vendor Staff,41. Recommended Vendor Web Screen Inventory,Campaign Invitations Screen shall be available only when the vendor account and logged-in role are entitled to its functions.,P2 Fulfilment & Ops,Not started
VS-FR-1022,Vendor & Vendor Staff,41. Recommended Vendor Web Screen Inventory,Promotion Performance Screen shall be available only when the vendor account and logged-in role are entitled to its functions.,P2 Fulfilment & Ops,Not started
VS-FR-1023,Vendor & Vendor Staff,41. Recommended Vendor Web Screen Inventory,Reviews Screen shall be available only when the vendor account and logged-in role are entitled to its functions.,P2 Fulfilment & Ops,Not started
VS-FR-1024,Vendor & Vendor Staff,41. Recommended Vendor Web Screen Inventory,Product Questions Screen shall be available only when the vendor account and logged-in role are entitled to its functions.,P2 Fulfilment & Ops,Not started
VS-FR-1025,Vendor & Vendor Staff,41. Recommended Vendor Web Screen Inventory,Messages Screen shall be available only when the vendor account and logged-in role are entitled to its functions.,P2 Fulfilment & Ops,Not started
VS-FR-1026,Vendor & Vendor Staff,41. Recommended Vendor Web Screen Inventory,Support Tickets Screen shall be available only when the vendor account and logged-in role are entitled to its functions.,P2 Fulfilment & Ops,Not started
VS-FR-1027,Vendor & Vendor Staff,41. Recommended Vendor Web Screen Inventory,Create Ticket Screen shall be available only when the vendor account and logged-in role are entitled to its functions.,P2 Fulfilment & Ops,Not started
VS-FR-1028,Vendor & Vendor Staff,41. Recommended Vendor Web Screen Inventory,Notifications Screen shall be available only when the vendor account and logged-in role are entitled to its functions. Shopeye • Confidential • Vendor & Vendor Staff Web SRS v1.0 • 40,P2 Fulfilment & Ops,Not started
VS-FR-1029,Vendor & Vendor Staff,41. Recommended Vendor Web Screen Inventory,Notification Preferences Screen shall be available only when the vendor account and logged-in role are entitled to its functions.,P2 Fulfilment & Ops,Not started
VS-FR-1030,Vendor & Vendor Staff,41. Recommended Vendor Web Screen Inventory,Reports Screen shall be available only when the vendor account and logged-in role are entitled to its functions.,P2 Fulfilment & Ops,Not started
VS-FR-1031,Vendor & Vendor Staff,41. Recommended Vendor Web Screen Inventory,Report Export Jobs Screen shall be available only when the vendor account and logged-in role are entitled to its functions.,P2 Fulfilment & Ops,Not started
VS-FR-1032,Vendor & Vendor Staff,41. Recommended Vendor Web Screen Inventory,Audit Log Screen shall be available only when the vendor account and logged-in role are entitled to its functions.,P2 Fulfilment & Ops,Not started
VS-FR-1033,Vendor & Vendor Staff,41. Recommended Vendor Web Screen Inventory,Integration Settings Screen shall be available only when the vendor account and logged-in role are entitled to its functions.,P2 Fulfilment & Ops,Not started
VS-FR-1034,Vendor & Vendor Staff,41. Recommended Vendor Web Screen Inventory,Integration Logs Screen shall be available only when the vendor account and logged-in role are entitled to its functions.,P2 Fulfilment & Ops,Not started
VS-FR-1035,Vendor & Vendor Staff,41. Recommended Vendor Web Screen Inventory,Subscription / Plan Screen shall be available only when the vendor account and logged-in role are entitled to its functions.,P2 Fulfilment & Ops,Not started
VS-FR-1036,Vendor & Vendor Staff,41. Recommended Vendor Web Screen Inventory,My Work Queue Screen shall be available only when the vendor account and logged-in role are entitled to its functions.,P2 Fulfilment & Ops,Not started
VS-FR-1037,Vendor & Vendor Staff,41. Recommended Vendor Web Screen Inventory,Team Work Queue Screen shall be available only when the vendor account and logged-in role are entitled to its functions.,P2 Fulfilment & Ops,Not started
VS-FR-1038,Vendor & Vendor Staff,41. Recommended Vendor Web Screen Inventory,Global Search Screen shall be available only when the vendor account and logged-in role are entitled to its functions. 42. End-to-End UAT / Acceptance Scenarios,P2 Fulfilment & Ops,Not started
VS-FR-1039,Vendor & Vendor Staff,42. End-to-End UAT / Acceptance Scenarios,"Vendor Registration Register owner, verify contact, save onboarding draft, complete KYC/bank/address and submit.",P1 Marketplace MVP,Not started
VS-FR-1040,Vendor & Vendor Staff,42. End-to-End UAT / Acceptance Scenarios,"Needs Action Onboarding Receive correction request, replace rejected document and resubmit. Pass when expected state, audit",P1 Marketplace MVP,Not started
VS-FR-1041,Vendor & Vendor Staff,42. End-to-End UAT / Acceptance Scenarios,"Staff Invite Invite staff, accept invitation, set password/MFA and verify restricted menu. Pass when expected state, audit",P1 Marketplace MVP,Not started
VS-FR-1042,Vendor & Vendor Staff,42. End-to-End UAT / Acceptance Scenarios,"Role Restriction Remove Inventory Edit and confirm UI/API both reject stock adjustment. Pass when expected state, audit",P1 Marketplace MVP,Not started
VS-FR-1043,Vendor & Vendor Staff,42. End-to-End UAT / Acceptance Scenarios,"Create Product Create draft product with category attributes, variants, images, tax and price; submit for review.",P1 Marketplace MVP,Not started
VS-FR-1044,Vendor & Vendor Staff,42. End-to-End UAT / Acceptance Scenarios,"Rejected Product See rejection reason, correct required field and resubmit. Pass when expected state, audit",P1 Marketplace MVP,Not started
VS-FR-1045,Vendor & Vendor Staff,42. End-to-End UAT / Acceptance Scenarios,"Stock Adjustment Decrease stock with reason and verify ledger/before-after quantities. Pass when expected state, audit",P1 Marketplace MVP,Not started
VS-FR-1046,Vendor & Vendor Staff,42. End-to-End UAT / Acceptance Scenarios,"Bulk Inventory Upload valid/invalid rows; verify preview, error file and committed valid rows. Pass when expected state, audit",P1 Marketplace MVP,Not started
VS-FR-1047,Vendor & Vendor Staff,42. End-to-End UAT / Acceptance Scenarios,"New Order Open order, validate item snapshot and customer data masking. Pass when expected state, audit",P1 Marketplace MVP,Not started
VS-FR-1048,Vendor & Vendor Staff,42. End-to-End UAT / Acceptance Scenarios,"Fulfil Order Accept, pick, pack, generate label, mark RTS and verify tracking timeline. Pass when expected state, audit",P1 Marketplace MVP,Not started
VS-FR-1049,Vendor & Vendor Staff,42. End-to-End UAT / Acceptance Scenarios,"Missed Pickup Report missed pickup and verify support/logistics case linkage. Pass when expected state, audit",P1 Marketplace MVP,Not started
VS-FR-1050,Vendor & Vendor Staff,42. End-to-End UAT / Acceptance Scenarios,Vendor Cancellation Cancel eligible pre-dispatch item with reason and verify stock release/financial visibility.,P1 Marketplace MVP,Not started
VS-FR-1051,Vendor & Vendor Staff,42. End-to-End UAT / Acceptance Scenarios,"Customer Cancellation Process customer cancellation according to current shipment state. Pass when expected state, audit",P1 Marketplace MVP,Not started
VS-FR-1052,Vendor & Vendor Staff,42. End-to-End UAT / Acceptance Scenarios,"Return QC Pass Receive return, record QC pass, restock and verify inventory movement/refund status.",P1 Marketplace MVP,Not started
VS-FR-1053,Vendor & Vendor Staff,42. End-to-End UAT / Acceptance Scenarios,"Return QC Fail Record failed QC with evidence and confirm dispute/review path. Pass when expected state, audit",P1 Marketplace MVP,Not started
VS-FR-1054,Vendor & Vendor Staff,42. End-to-End UAT / Acceptance Scenarios,"Invoice Download Download invoice and credit note tied to historical seller/tax snapshot. Pass when expected state, audit",P1 Marketplace MVP,Not started
VS-FR-1055,Vendor & Vendor Staff,42. End-to-End UAT / Acceptance Scenarios,"Ledger Trace Trace sale -> commission/fees -> settlement line. Pass when expected state, audit",P1 Marketplace MVP,Not started
VS-FR-1056,Vendor & Vendor Staff,42. End-to-End UAT / Acceptance Scenarios,"Settlement Paid Open paid settlement and verify payout reference, masked bank and statement totals.",P1 Marketplace MVP,Not started
VS-FR-1057,Vendor & Vendor Staff,42. End-to-End UAT / Acceptance Scenarios,"Settlement Failure View failed payout and required bank/action message. Pass when expected state, audit",P1 Marketplace MVP,Not started
VS-FR-1058,Vendor & Vendor Staff,42. End-to-End UAT / Acceptance Scenarios,"Bank Change Owner performs step-up auth, submits new bank, verifies pending/approved states and audit.",P1 Marketplace MVP,Not started
VS-FR-1059,Vendor & Vendor Staff,42. End-to-End UAT / Acceptance Scenarios,"Promotion Create product promotion, submit/activate, end and verify performance. Pass when expected state, audit",P1 Marketplace MVP,Not started
VS-FR-1060,Vendor & Vendor Staff,42. End-to-End UAT / Acceptance Scenarios,"Review Response Respond to customer review and report a policy-violating review. Pass when expected state, audit",P1 Marketplace MVP,Not started
VS-FR-1061,Vendor & Vendor Staff,42. End-to-End UAT / Acceptance Scenarios,"Support Dispute Raise settlement/logistics dispute with evidence and track resolution. Pass when expected state, audit",P1 Marketplace MVP,Not started
VS-FR-1062,Vendor & Vendor Staff,42. End-to-End UAT / Acceptance Scenarios,"Vendor Location Create pickup location, check serviceability and assign location-scoped staff. Pass when expected state, audit",P1 Marketplace MVP,Not started
VS-FR-1063,Vendor & Vendor Staff,42. End-to-End UAT / Acceptance Scenarios,"Finance Permission Verify non-finance staff cannot access settlement amounts/export. Pass when expected state, audit",P1 Marketplace MVP,Not started
VS-FR-1064,Vendor & Vendor Staff,42. End-to-End UAT / Acceptance Scenarios,"Force Logout Staff Owner revokes staff session and verify immediate access loss. Pass when expected state, audit",P1 Marketplace MVP,Not started
VS-FR-1065,Vendor & Vendor Staff,42. End-to-End UAT / Acceptance Scenarios,"Audit Verify product, stock, order, role, bank and export actions appear with correct actor/time.",P1 Marketplace MVP,Not started
VS-FR-1066,Vendor & Vendor Staff,42. End-to-End UAT / Acceptance Scenarios,"Integration Secret Connect integration, test, rotate secret and confirm old secret no longer works. Pass when expected state, audit",P1 Marketplace MVP,Not started
VS-FR-1067,Vendor & Vendor Staff,42. End-to-End UAT / Acceptance Scenarios,"Concurrent Edit Two users edit same product; stale save is prevented or resolved explicitly. Pass when expected state, audit",P1 Marketplace MVP,Not started
VS-FR-1068,Vendor & Vendor Staff,42. End-to-End UAT / Acceptance Scenarios,"Export Privacy Export orders as restricted staff and confirm masked/omitted sensitive fields. Pass when expected state, audit",P1 Marketplace MVP,Not started
VS-FR-1069,Vendor & Vendor Staff,42. End-to-End UAT / Acceptance Scenarios,Vendor Suspension Verify suspended vendor cannot perform restricted selling/fulfilment actions while historical records remain viewable as policy permits.,P1 Marketplace MVP,Not started
VS-FR-1070,Vendor & Vendor Staff,42. End-to-End UAT / Acceptance Scenarios,"Password Reset Complete recovery and confirm previous sessions are invalidated per policy. Pass when expected state, audit",P1 Marketplace MVP,Not started
VS-FR-1071,Vendor & Vendor Staff,43. Definition of Done for Vendor & Staff Web,Every implemented field and action shall map to a VS-FR requirement ID or approved change request.,P1 Marketplace MVP,Not started
VS-FR-1072,Vendor & Vendor Staff,43. Definition of Done for Vendor & Staff Web,"UI/UX shall include all required empty, loading, error, disabled, permission-denied and confirmation states.",P1 Marketplace MVP,Not started
VS-FR-1073,Vendor & Vendor Staff,43. Definition of Done for Vendor & Staff Web,"Backend APIs shall enforce vendor tenancy, role permissions, validation and valid state transitions independently of UI.",P1 Marketplace MVP,Not started
VS-FR-1074,Vendor & Vendor Staff,43. Definition of Done for Vendor & Staff Web,All critical business actions shall produce audit/timeline records as specified.,P1 Marketplace MVP,Not started
VS-FR-1075,Vendor & Vendor Staff,43. Definition of Done for Vendor & Staff Web,"Financial calculations and documents shall reconcile against source orders, returns, fees and settlements.",P1 Marketplace MVP,Not started
VS-FR-1076,Vendor & Vendor Staff,43. Definition of Done for Vendor & Staff Web,Import/export/report jobs shall handle large data asynchronously where specified and provide traceable job results.,P1 Marketplace MVP,Not started
VS-FR-1077,Vendor & Vendor Staff,43. Definition of Done for Vendor & Staff Web,"Security testing shall cover authentication, authorization, tenant isolation, session management, uploads, secrets and high-risk actions.",P1 Marketplace MVP,Not started
VS-FR-1078,Vendor & Vendor Staff,43. Definition of Done for Vendor & Staff Web,QA shall maintain test cases traceable to applicable VS-FR IDs and UAT scenarios.,P1 Marketplace MVP,Not started
VS-FR-1079,Vendor & Vendor Staff,43. Definition of Done for Vendor & Staff Web,Regression testing shall verify Vendor Owner and at least two contrasting Staff roles.,P1 Marketplace MVP,Not started
VS-FR-1080,Vendor & Vendor Staff,43. Definition of Done for Vendor & Staff Web,"Production release shall include monitoring, operational runbooks and rollback/recovery readiness for critical vendor workflows. 44. Requirement Traceability Summary This specification contains 1080 individually numbered",P1 Marketplace MVP,Not started
